DROP SCHEMA FOODIE CASCADE;

-- CREATE & SET PATH TO SCHEMA
CREATE SCHEMA FOODIE;
SET search_path TO FOODIE;

-- DOMAINS
CREATE DOMAIN EMAIL AS Varchar(35);
CREATE DOMAIN NOMOR_NOTA_PEMBELIAN AS Char(6);
CREATE DOMAIN NOMOR_NOTA_PENJUALAN AS Char(6); 
CREATE DOMAIN NAMA_BAHAN_BAKU VARCHAR(20);
CREATE DOMAIN BESARAN_BAHAN_BAKU AS INTEGER;
CREATE DOMAIN SATUAN AS VARCHAR(10);
CREATE DOMAIN NAMA_SUPPLIER VARCHAR(35);
CREATE DOMAIN NAMA_MENU VARCHAR(50);
CREATE DOMAIN KODE_MODE_PEMBAYARAN AS Char(2);
CREATE DOMAIN NAMA_MODE_PEMBAYARAN AS Varchar(10);
CREATE DOMAIN NAMA_KATEGORI AS Varchar(10);
CREATE DOMAIN KODE_KATEGORI AS Char(2);
CREATE DOMAIN NOMOR_NOTA_PEMESANAN AS Char(6);
CREATE DOMAIN ALAMAT AS VARCHAR(100);
CREATE DOMAIN NOMOR_TELEPON AS VARCHAR(20);

-- TABLES
CREATE TABLE USERS (
	Email EMAIL,
	Nama Varchar(35) NOT NULL,
	Alamat ALAMAT NOT NULL,
	Password varchar(20) NOT NULL,
	Role Char(2) NOT NULL,
	PRIMARY KEY (Email)
);

CREATE TABLE USER_TELEPON (
	Email EMAIL,
	Telepon NOMOR_TELEPON,
	PRIMARY KEY (Email,Telepon),
	FOREIGN KEY (Email) REFERENCES USERS(Email)
);

CREATE TABLE KASIR (
	Email EMAIL,
	Rating Real NOT NULL,
	JumlahPerating Smallint NOT NULL,
	PRIMARY KEY(Email),
	FOREIGN KEY (Email) REFERENCES USERS (Email)
);

CREATE TABLE CHEF (
	Email EMAIL,
	Sertifikasi Smallint,
	PRIMARY KEY(Email),
	FOREIGN KEY (Email) REFERENCES USERS (Email)
);

CREATE TABLE STAF (
	Email EMAIL,
	JamTerbang Smallint,
	PRIMARY KEY(Email),
	FOREIGN KEY (Email) REFERENCES USERS (Email)
);

CREATE TABLE SUPPLIER(
	Nama NAMA_SUPPLIER,
	Alamat ALAMAT not null,
	Email EMAIL not null,

	PRIMARY KEY (Nama)
);

CREATE TABLE PEMBELIAN (
	NomorNota NOMOR_NOTA_PEMBELIAN ,
	Waktu Timestamp NOT NULL,
	NamaSupplier NAMA_SUPPLIER,
	EmailStaf EMAIL,
	PRIMARY KEY (NomorNota),
	FOREIGN KEY (NamaSupplier) REFERENCES SUPPLIER(Nama),
	FOREIGN KEY (EmailStaf) REFERENCES STAF(Email)
);

CREATE TABLE PEMESANAN (
	NomorNota NOMOR_NOTA_PEMESANAN ,
	WaktuBayar Timestamp NOT NULL,
	WaktuPesan Timestamp NOT NULL,
	Total Integer NOT NULL,
	EmailKasir EMAIL,
	Mode Kode_Mode_PEMBAYARAN,
	PRIMARY KEY (NomorNota),
	FOREIGN KEY (EmailKasir) REFERENCES KASIR(Email)
);

CREATE TABLE KATEGORI(
	Kode KODE_KATEGORI,
	Nama NAMA_KATEGORI NOT NULL,
	PRIMARY KEY (Kode)
);

CREATE TABLE MODE_PEMBAYARAN(
	Kode KODE_MODE_PEMBAYARAN,
	Nama NAMA_MODE_PEMBAYARAN NOT NULL,
	PRIMARY KEY (Kode)
);

CREATE TABLE MENU(
	Nama NAMA_MENU,
	Deskripsi Varchar(100) NULL,
	Gambar TEXT NOT NULL,
	Harga Integer NOT NULL,
	JumlahTersedia Smallint NOT NULL,
	Kategori KODE_KATEGORI NOT NULL,
	PRIMARY KEY (Nama),
	FOREIGN KEY (Kategori) REFERENCES KATEGORI(Kode)
);

CREATE TABLE MENU_HARIAN(
	NamaMenu NAMA_MENU,
	Waktu Timestamp,
	Jumlah Smallint NOT NULL,
	EmailChef EMAIL,
	PRIMARY KEY (NamaMenu,Waktu),
	FOREIGN KEY (NamaMenu) REFERENCES MENU(Nama),
	FOREIGN KEY (EmailChef) REFERENCES CHEF(Email)
);

CREATE TABLE PEMESANAN_MENU_HARIAN(
	NomorNota NOMOR_NOTA_PEMESANAN,
	NamaMenu NAMA_MENU,
	Waktu Timestamp,
	Jumlah Smallint NOT NULL,
	PRIMARY KEY (NomorNota,NamaMenu,Waktu),
	FOREIGN KEY (NomorNota) REFERENCES PEMESANAN(NomorNota),
	FOREIGN KEY (NamaMenu,Waktu) REFERENCES MENU_HARIAN(NamaMenu,Waktu)
);

CREATE TABLE BAHAN_BAKU(
	Nama NAMA_BAHAN_BAKU,
	SatuanStok SATUAN NOT NULL,
	Stok BESARAN_BAHAN_BAKU NOT NULL,
	PRIMARY KEY (Nama)
);

CREATE TABLE KONVERSI(
	SatuanAwal SATUAN,
	SatuanAkhir SATUAN,

	PRIMARY KEY (SatuanAwal, SatuanAkhir)
);

CREATE TABLE BAHAN_BAKU_MENU(
	NamaBahanBaku NAMA_BAHAN_BAKU,
	NamaMenu NAMA_MENU,
	Besaran BESARAN_BAHAN_BAKU not null,
	Satuan VARCHAR(10) not null,

	PRIMARY KEY (NamaBahanBaku, NamaMenu),
	FOREIGN KEY (NamaMenu) REFERENCES MENU (Nama),
	FOREIGN KEY (NamaBahanBaku) REFERENCES BAHAN_BAKU (Nama)
);

CREATE TABLE KONVERSI_BAHAN_BAKU(
	NamaBahanBaku NAMA_BAHAN_BAKU,
	SatuanAwal SATUAN,
	SatuanAkhir SATUAN,
	BesaranAwal BESARAN_BAHAN_BAKU not null,
	BesaranAkhir BESARAN_BAHAN_BAKU not null,

	PRIMARY KEY (NamaBahanBaku, SatuanAwal, SatuanAkhir),
	FOREIGN KEY (NamaBahanBaku) REFERENCES BAHAN_BAKU (Nama),
	FOREIGN KEY (SatuanAwal, SatuanAkhir) REFERENCES KONVERSI (SatuanAwal, SatuanAkhir)
);

CREATE TABLE PEMBELIAN_BAHAN_BAKU(
	NamaBahanBaku NAMA_BAHAN_BAKU,
	NotaPembelian NOMOR_NOTA_PEMBELIAN,
	JumlahPembelian BESARAN_BAHAN_BAKU not null,
	SatuanPembelian SATUAN not null,
	HargaSatuan INTEGER not null,

	PRIMARY KEY (NamaBahanBaku, NotaPembelian),
	FOREIGN KEY (NamaBahanBaku) REFERENCES BAHAN_BAKU (Nama),
	FOREIGN KEY (NotaPembelian) REFERENCES PEMBELIAN (NomorNota)
);

CREATE TABLE SUPPLIER_TELEPON(
	NamaSupplier NAMA_SUPPLIER,
	Telepon NOMOR_TELEPON,
	PRIMARY KEY(NamaSupplier, Telepon),
    FOREIGN KEY(NamaSupplier) REFERENCES SUPPLIER(Nama)
);

-- FUNCTIONS
CREATE OR REPLACE FUNCTION total_harga()
RETURNS void AS
$BODY$
	DECLARE
		row RECORD;
	BEGIN
		for row in 
			SELECT p.nomornota as nota , SUM (jumlah*harga) as total
			from menu m,pemesanan_menu_harian pm,pemesanan p
			where m.nama = pm.namamenu and pm.nomornota = p.nomornota
			GROUP BY p.nomornota
		loop 
			update pemesanan set total = row.total
			where nomornota = row.nota;
		end loop;
	END;
$BODY$
LANGUAGE plpgsql;

CREATE OR REPLACE FUNCTION hitung_jumlah_tersediaMH()
RETURNS trigger AS
$$
    BEGIN
        IF (TG_OP = 'INSERT') THEN
            UPDATE MENU SET jumlahtersedia = jumlahtersedia + NEW.jumlah
            WHERE nama = NEW.namamenu;

        ELSEIF (TG_OP = 'DELETE') THEN
            UPDATE MENU SET jumlahtersedia = jumlahtersedia - OLD.jumlah
            WHERE nama= OLD.namamenu;

        ELSEIF (TG_OP = 'UPDATE') THEN
            UPDATE MENU SET jumlahtersedia = jumlahtersedia + NEW.jumlah
            WHERE nama = NEW.namamenu;
            UPDATE MENU SET jumlahtersedia = jumlahtersedia - OLD.jumlah
            WHERE nama = OLD.namamenu;
        END IF;
            RETURN NEW;
    END;
$$
LANGUAGE plpgsql;

CREATE OR REPLACE FUNCTION hitung_jumlah_tersediaPMH()
RETURNS trigger AS
$$
    BEGIN
        IF (TG_OP = 'INSERT') THEN
            UPDATE MENU SET jumlahtersedia = jumlahtersedia - NEW.jumlah
            WHERE nama = NEW.namamenu;

        ELSEIF (TG_OP = 'DELETE') THEN
            UPDATE MENU SET jumlahtersedia = jumlahtersedia + OLD.jumlah
            WHERE nama= OLD.namamenu;

        ELSEIF (TG_OP = 'UPDATE') THEN
            UPDATE MENU SET jumlahtersedia = jumlahtersedia - NEW.jumlah
            WHERE nama = NEW.namamenu;
            UPDATE MENU SET jumlahtersedia = jumlahtersedia + OLD.jumlah
            WHERE nama = OLD.namamenu;
        END IF;
            RETURN NEW;
    END;
$$
LANGUAGE plpgsql;

CREATE OR REPLACE FUNCTION hitung_stok_beli()
RETURNS trigger AS
$$
	DECLARE
		perubahan BESARAN_BAHAN_BAKU;
	BEGIN
		IF (TG_OP = 'INSERT') THEN
			SELECT (NEW.JumlahPembelian*KBB.BesaranAkhir/KBB.BesaranAwal) INTO perubahan
			FROM KONVERSI_BAHAN_BAKU KBB, BAHAN_BAKU BB
			WHERE NEW.NamaBahanBaku=KBB.NamaBahanBaku AND NEW.SatuanPembelian=KBB.SatuanAwal
				  AND NEW.NamaBahanBaku=BB.Nama AND KBB.SatuanAkhir=BB.SatuanStok;
			
			UPDATE BAHAN_BAKU
			SET stok=stok+perubahan
			WHERE Nama=NEW.NamaBahanBaku;
		ELSIF (TG_OP = 'DELETE') THEN
			SELECT (OLD.JumlahPembelian*KBB.BesaranAkhir/KBB.BesaranAwal) INTO perubahan
			FROM KONVERSI_BAHAN_BAKU KBB, BAHAN_BAKU BB
			WHERE OLD.NamaBahanBaku=KBB.NamaBahanBaku AND OLD.SatuanPembelian=KBB.SatuanAwal
				  AND OLD.NamaBahanBaku=BB.Nama AND KBB.SatuanAkhir=BB.SatuanStok;
			
			UPDATE BAHAN_BAKU
			SET stok=stok-perubahan
			WHERE Nama=OLD.NamaBahanBaku;
		ELSIF (TG_IO = 'UPDATE') THEN
			SELECT (NEW.JumlahPembelian*KBB.BesaranAkhir/KBB.BesaranAwal) INTO perubahan
			FROM KONVERSI_BAHAN_BAKU KBB, BAHAN_BAKU BB
			WHERE NEW.NamaBahanBaku=KBB.NamaBahanBaku AND NEW.SatuanPembelian=KBB.SatuanAwal
				  AND NEW.NamaBahanBaku=BB.Nama AND KBB.SatuanAkhir=BB.SatuanStok;
			
			UPDATE BAHAN_BAKU
			SET stok=stok+perubahan
			WHERE Nama=NEW.NamaBahanBaku;
			
			SELECT (OLD.JumlahPembelian*KBB.BesaranAkhir/KBB.BesaranAwal) INTO perubahan
			FROM KONVERSI_BAHAN_BAKU KBB, BAHAN_BAKU BB
			WHERE OLD.NamaBahanBaku=KBB.NamaBahanBaku AND OLD.SatuanPembelian=KBB.SatuanAwal
				  AND OLD.NamaBahanBaku=BB.Nama AND KBB.SatuanAkhir=BB.SatuanStok;
			
			UPDATE BAHAN_BAKU
			SET stok=stok-perubahan
			WHERE Nama=OLD.NamaBahanBaku;
		END IF;
	RETURN NEW;
	END;
$$
LANGUAGE plpgsql;

CREATE OR REPLACE FUNCTION hitung_stok_pakai()
RETURNS trigger AS
$$
	DECLARE
		perubahan BESARAN_BAHAN_BAKU;
		rowData RECORD;
	BEGIN
		IF (TG_OP = 'INSERT') THEN
			FOR rowData IN
				SELECT *
				FROM BAHAN_BAKU_MENU BBM
				WHERE NEW.NamaMenu=BBM.NamaMenu
			LOOP
				SELECT (NEW.Jumlah*rowData.Besaran*KBB.BesaranAkhir/KBB.BesaranAwal) INTO perubahan
				FROM KONVERSI_BAHAN_BAKU KBB, BAHAN_BAKU BB
				WHERE rowData.NamaBahanBaku=KBB.NamaBahanBaku AND rowData.Satuan=KBB.SatuanAwal
					  AND rowData.NamaBahanBaku=BB.Nama AND KBB.SatuanAkhir=BB.SatuanStok;
				
				UPDATE BAHAN_BAKU
				SET stok = stok - perubahan
				WHERE rowData.NamaBahanBaku=Nama;
			END LOOP;
		ELSIF (TG_OP = 'DELETE') THEN
			FOR rowData IN
				SELECT *
				FROM BAHAN_BAKU_MENU BBM
				WHERE OLD.NamaMenu=BBM.NamaMenu
			LOOP
				SELECT (OLD.Jumlah*rowData.Besaran*KBB.BesaranAkhir/KBB.BesaranAwal) INTO perubahan
				FROM KONVERSI_BAHAN_BAKU KBB, BAHAN_BAKU BB
				WHERE rowData.NamaBahanBaku=KBB.NamaBahanBaku AND rowData.Satuan=KBB.SatuanAwal
					  AND rowData.NamaBahanBaku=BB.Nama AND KBB.SatuanAkhir=BB.SatuanStok;
				
				UPDATE BAHAN_BAKU
				SET stok = stok + perubahan
				WHERE rowData.NamaBahanBaku=Nama;
			END LOOP;
		ELSIF (TG_IO = 'UPDATE') THEN
			FOR rowData IN
				SELECT *
				FROM BAHAN_BAKU_MENU BBM
				WHERE NEW.NamaMenu=BBM.NamaMenu
			LOOP
				SELECT (NEW.Jumlah*rowData.Besaran*KBB.BesaranAkhir/KBB.BesaranAwal) INTO perubahan
				FROM KONVERSI_BAHAN_BAKU KBB, BAHAN_BAKU BB
				WHERE rowData.NamaBahanBaku=KBB.NamaBahanBaku AND rowData.Satuan=KBB.SatuanAwal
					  AND rowData.NamaBahanBaku=BB.Nama AND KBB.SatuanAkhir=BB.SatuanStok;
				
				UPDATE BAHAN_BAKU
				SET stok = stok - perubahan
				WHERE row.NamaBahanBaku=Nama;
			END LOOP;
			
			FOR rowData IN
				SELECT *
				FROM BAHAN_BAKU_MENU BBM
				WHERE OLD.NamaMenu=BBM.NamaMenu
			LOOP
				SELECT (OLD.Jumlah*rowData.Besaran*KBB.BesaranAkhir/KBB.BesaranAwal) INTO perubahan
				FROM KONVERSI_BAHAN_BAKU KBB, BAHAN_BAKU BB
				WHERE rowData.NamaBahanBaku=KBB.NamaBahanBaku AND rowData.Satuan=KBB.SatuanAwal
					  AND rowData.NamaBahanBaku=BB.Nama AND KBB.SatuanAkhir=BB.SatuanStok;
				
				UPDATE BAHAN_BAKU
				SET stok = stok + perubahan
				WHERE rowData.NamaBahanBaku=Nama;
			END LOOP;
		END IF;
	RETURN NEW;
	END;
$$
LANGUAGE plpgsql;

-- TRIGGERS
CREATE TRIGGER jumlah_tersediaMH
AFTER INSERT OR DELETE OR UPDATE
ON MENU_HARIAN FOR EACH ROW
EXECUTE PROCEDURE hitung_jumlah_tersediaMH();

CREATE TRIGGER jumlah_tersediaPMH
AFTER INSERT OR DELETE OR UPDATE
ON PEMESANAN_MENU_HARIAN FOR EACH ROW
EXECUTE PROCEDURE hitung_jumlah_tersediaPMH();

CREATE TRIGGER update_stok_beli
AFTER INSERT OR DELETE OR UPDATE
ON PEMBELIAN_BAHAN_BAKU FOR EACH ROW
EXECUTE PROCEDURE hitung_stok_beli();

CREATE TRIGGER update_stok_MH
AFTER INSERT OR DELETE OR UPDATE
ON MENU_HARIAN FOR EACH ROW
EXECUTE PROCEDURE hitung_stok_pakai();

-- DATA

--USERS
INSERT INTO USERS VALUES ('adam.jordan@gmail.com','Adam Jordan','jl. D03 No. 1','adamjordan','MG');
INSERT INTO USERS VALUES ('geraldo@gmail.com','Geraldo','jl. D03 No. 2','geraldo','KS');
INSERT INTO USERS VALUES ('falah.prasetyo@gmail.com','Falah Prasetyo','jl. D03 No. 3','falahprasetyo','CH');
INSERT INTO USERS VALUES ('muhammad.zaky@gmail.com','Muhammad Zaky','jl. D03 No. 4','muhammadzaky','ST');
INSERT INTO USERS VALUES ('candida.idella@jmail.com','Candida Idella','jl. fruit No. 10','Burger77','ST');
INSERT INTO USERS VALUES ('demetrice.thuy@nmail.com','Demetrice Thuy','jl. Pie No. 24','chili744','CH');
INSERT INTO USERS VALUES ('cheryll.jason@nmail.com','Cheryll Jason','jl. Kasie No. 12','Tea221','CH');
INSERT INTO USERS VALUES ('hilda.mardell@omail.com','Hilda Mardell','jl. Burger No. 17','Cup299','CH');
INSERT INTO USERS VALUES ('faye.hilda@zmail.com','Faye Hilda','jl. vegetable No. 2','Burger823','CH');
INSERT INTO USERS VALUES ('aimee.rossana@umail.com','Aimee Rossana','jl. Burning No. 3','Shining237','MG');
INSERT INTO USERS VALUES ('maurine.france@7mail.com','Maurine France','jl. noodle No. 27','Paradise518','MG');
INSERT INTO USERS VALUES ('oretha.jason@kmail.com','Oretha Jason','jl. Tea No. 45','water471','ST');
INSERT INTO USERS VALUES ('demetrice.terra@smail.com','Demetrice Terra','jl. Meat No. 5','chili50','CH');
INSERT INTO USERS VALUES ('yetta.faye@kmail.com','Yetta Faye','jl. Idella No. 40','paprica960','KS');
INSERT INTO USERS VALUES ('idella.rudy@amail.com','Idella Rudy','jl. rice No. 25','Juice423','CH');
INSERT INTO USERS VALUES ('thuy.lawanda@fmail.com','Thuy Lawanda','jl. Jaleesa No. 14','Pizza159','ST');
INSERT INTO USERS VALUES ('clora.lawanda@wmail.com','Clora Lawanda','jl. Jack No. 29','leaf600','KS');
INSERT INTO USERS VALUES ('sybil.rossana@dmail.com','Sybil Rossana','jl. Cortney No. 42','Heavenly472','KS');
INSERT INTO USERS VALUES ('jack.chas@zmail.com','Jack Chas','jl. Burger No. 42','Pie473','ST');
INSERT INTO USERS VALUES ('cortney.rossana@7mail.com','Cortney Rossana','jl. leaf No. 7','Ora262','CH');
INSERT INTO USERS VALUES ('macy.sybil@9mail.com','Macy Sybil','jl. sugar No. 34','Spicy196','ST');
INSERT INTO USERS VALUES ('mardell.cheryll@wmail.com','Mardell Cheryll','jl. Stacia No. 6','sugar810','KS');
INSERT INTO USERS VALUES ('jaleesa.jason@mmail.com','Jaleesa Jason','jl. Soda No. 39','Meat44','ST');
INSERT INTO USERS VALUES ('olivia.rudy@cmail.com','Olivia Rudy','jl. Milk No. 39','Noodle319','KS');
INSERT INTO USERS VALUES ('olive.sadye@email.com','Olive Sadye','jl. Shining No. 1','noodle193','MG');
INSERT INTO USERS VALUES ('idella.gayla@gmail.com','Idella Gayla','jl. Burger No. 24','Sharen357','MG');
INSERT INTO USERS VALUES ('thuy.adam@fmail.com','Thuy Adam','jl. Idella No. 19','potato673','ST');
INSERT INTO USERS VALUES ('france.maurine@pmail.com','France Maurine','jl. Chicken No. 3','Meat719','ST');
INSERT INTO USERS VALUES ('peggie.jaleesa@2mail.com','Peggie Jaleesa','jl. Meat No. 16','Rice378','CH');
INSERT INTO USERS VALUES ('olive.ora@gmail.com','Olive Ora','jl. Spicy No. 27','potato454','KS');
INSERT INTO USERS VALUES ('jaleesa.sadye@nmail.com','Jaleesa Sadye','jl. Burger No. 49','Sandwich761','CH');
INSERT INTO USERS VALUES ('sharen.clora@0mail.com','Sharen Clora','jl. Syrup No. 19','Spicy246','KS');
INSERT INTO USERS VALUES ('maurine.molly@mmail.com','Maurine Molly','jl. Kasie No. 41','Milk580','ST');
INSERT INTO USERS VALUES ('cheryll.aimee@4mail.com','Cheryll Aimee','jl. Olivia No. 21','Gayla597','ST');
INSERT INTO USERS VALUES ('jaleesa.rossana@dmail.com','Jaleesa Rossana','jl. Burger No. 23','Fried59','KS');
INSERT INTO USERS VALUES ('shondra.lashawna@3mail.com','Shondra Lashawna','jl. Maurine No. 18','Meat3','CH');
INSERT INTO USERS VALUES ('terra.loralee@umail.com','Terra Loralee','jl. salt No. 31','Special730','MG');
INSERT INTO USERS VALUES ('kate.adam@6mail.com','Kate Adam','jl. salt No. 41','noodle691','KS');
INSERT INTO USERS VALUES ('rudy.faye@imail.com','Rudy Faye','jl. fruit No. 1','Ora667','MG');
INSERT INTO USERS VALUES ('deane.candida@umail.com','Deane Candida','jl. paprica No. 21','Noodle844','CH');
INSERT INTO USERS VALUES ('olive.france@pmail.com','Olive France','jl. Good No. 33','Domenica349','KS');
INSERT INTO USERS VALUES ('adam.joeann@imail.com','Adam Joeann','jl. vegetable No. 35','Salty524','MG');
INSERT INTO USERS VALUES ('chas.adam@dmail.com','Chas Adam','jl. paprica No. 48','leaf302','CH');
INSERT INTO USERS VALUES ('peggie.sadye@tmail.com','Peggie Sadye','jl. Syrup No. 26','rice690','ST');
INSERT INTO USERS VALUES ('jorge.raisa@zmail.com','Jorge Raisa','jl. Chicken No. 6','Meat503','MG');
INSERT INTO USERS VALUES ('thuy.sybil@9mail.com','Thuy Sybil','jl. potato No. 24','chili50','CH');
INSERT INTO USERS VALUES ('raisa.rudy@smail.com','Raisa Rudy','jl. Sandwich No. 37','Thuy973','CH');
INSERT INTO USERS VALUES ('peggie.shondra@ymail.com','Peggie Shondra','jl. Sharen No. 7','Paradise937','MG');
INSERT INTO USERS VALUES ('loralee.jack@zmail.com','Loralee Jack','jl. paprica No. 48','chili915','KS');
INSERT INTO USERS VALUES ('oretha.morgan@vmail.com','Oretha Morgan','jl. Nice No. 40','Paradise454','CH');
INSERT INTO USERS VALUES ('yetta.kate@4mail.com','Yetta Kate','jl. Syrup No. 15','Syrup951','MG');
INSERT INTO USERS VALUES ('candida.rudy@pmail.com','Candida Rudy','jl. Tea No. 22','Sandwich852','CH');
INSERT INTO USERS VALUES ('olive.adam@mmail.com','Olive Adam','jl. Burger No. 25','Meat304','ST');
INSERT INTO USERS VALUES ('ken.gayla@zmail.com','Ken Gayla','jl. Meat No. 46','Grilled490','KS');
INSERT INTO USERS VALUES ('macy.lynn@wmail.com','Macy Lynn','jl. paprica No. 14','Burning407','CH');
INSERT INTO USERS VALUES ('candida.kate@pmail.com','Candida Kate','jl. rice No. 22','Liquor637','KS');
INSERT INTO USERS VALUES ('clora.molly@0mail.com','Clora Molly','jl. water No. 47','Soda467','CH');
INSERT INTO USERS VALUES ('jason.cortney@3mail.com','Jason Cortney','jl. Juice No. 35','Jorge279','ST');
INSERT INTO USERS VALUES ('shondra.sharen@fmail.com','Shondra Sharen','jl. Liquor No. 39','Nice523','ST');
INSERT INTO USERS VALUES ('armanda.faye@dmail.com','Armanda Faye','jl. rice No. 30','Juice524','KS');
INSERT INTO USERS VALUES ('demetrice.shondra@jmail.com','Demetrice Shondra','jl. Syrup No. 0','Tea226','KS');
INSERT INTO USERS VALUES ('raisa.macy@1mail.com','Raisa Macy','jl. Jaleesa No. 22','Olivia246','ST');
INSERT INTO USERS VALUES ('raisa.aimee@rmail.com','Raisa Aimee','jl. Chicken No. 46','Liquor191','ST');
INSERT INTO USERS VALUES ('mardell.mable@mmail.com','Mardell Mable','jl. Rice No. 24','vegetable20','KS');
INSERT INTO USERS VALUES ('domenica.morgan@email.com','Domenica Morgan','jl. sugar No. 41','Burning634','KS');
INSERT INTO USERS VALUES ('peggie.france@lmail.com','Peggie France','jl. Mardell No. 9','Rudy410','MG');
INSERT INTO USERS VALUES ('hilda.olive@email.com','Hilda Olive','jl. Grilled No. 7','vegetable187','CH');
INSERT INTO USERS VALUES ('terra.kate@7mail.com','Terra Kate','jl. Burger No. 39','Burger459','ST');
INSERT INTO USERS VALUES ('faye.macy@0mail.com','Faye Macy','jl. Special No. 28','Burning138','ST');
INSERT INTO USERS VALUES ('shondra.candida@gmail.com','Shondra Candida','jl. Jorge No. 19','Syrup410','MG');
INSERT INTO USERS VALUES ('lynn.stacia@nmail.com','Lynn Stacia','jl. Cheryll No. 22','Thuy801','MG');
INSERT INTO USERS VALUES ('sadye.idella@ymail.com','Sadye Idella','jl. Chicken No. 28','Cup859','ST');
INSERT INTO USERS VALUES ('morgan.jason@qmail.com','Morgan Jason','jl. vegetable No. 40','Terra662','KS');
INSERT INTO USERS VALUES ('shondra.sybil@jmail.com','Shondra Sybil','jl. Yetta No. 14','Heavenly592','KS');
INSERT INTO USERS VALUES ('oretha.jorge@imail.com','Oretha Jorge','jl. Pie No. 16','Rice28','MG');
INSERT INTO USERS VALUES ('rudy.olivia@vmail.com','Rudy Olivia','jl. Nice No. 31','Soda975','MG');
INSERT INTO USERS VALUES ('sharen.christal@1mail.com','Sharen Christal','jl. potato No. 36','Juice497','ST');
INSERT INTO USERS VALUES ('jaleesa.ora@7mail.com','Jaleesa Ora','jl. Burger No. 1','Syrup456','ST');
INSERT INTO USERS VALUES ('shondra.france@gmail.com','Shondra France','jl. Noodle No. 48','Cup654','ST');
INSERT INTO USERS VALUES ('jason.morgan@vmail.com','Jason Morgan','jl. Clora No. 3','salt742','CH');
INSERT INTO USERS VALUES ('ora.olivia@hmail.com','Ora Olivia','jl. Soda No. 13','Sandwich308','MG');
INSERT INTO USERS VALUES ('lashawna.gayla@smail.com','Lashawna Gayla','jl. Syrup No. 17','sugar301','MG');
INSERT INTO USERS VALUES ('raisa.cortney@omail.com','Raisa Cortney','jl. Fried No. 38','Coffee711','ST');
INSERT INTO USERS VALUES ('hilda.jaleesa@ymail.com','Hilda Jaleesa','jl. Pizza No. 10','Burger495','CH');
INSERT INTO USERS VALUES ('molly.yetta@smail.com','Molly Yetta','jl. Maurine No. 40','Burger887','MG');
INSERT INTO USERS VALUES ('ora.loralee@omail.com','Ora Loralee','jl. Burger No. 11','Soda66','KS');

--USER_TELEPON
INSERT INTO USER_TELEPON VALUES ('adam.jordan@gmail.com','064926583754');
INSERT INTO USER_TELEPON VALUES ('geraldo@gmail.com','075193739104');
INSERT INTO USER_TELEPON VALUES ('falah.prasetyo@gmail.com','015295730204');
INSERT INTO USER_TELEPON VALUES ('muhammad.zaky@gmail.com','059103752849');
INSERT INTO USER_TELEPON VALUES ('cheryll.jason@nmail.com','098251029852');
INSERT INTO USER_TELEPON VALUES ('hilda.mardell@omail.com','010649062922');
INSERT INTO USER_TELEPON VALUES ('faye.hilda@zmail.com','062498737867');
INSERT INTO USER_TELEPON VALUES ('faye.hilda@zmail.com','093875094306');
INSERT INTO USER_TELEPON VALUES ('aimee.rossana@umail.com','064801437088');
INSERT INTO USER_TELEPON VALUES ('aimee.rossana@umail.com','046594417256');
INSERT INTO USER_TELEPON VALUES ('maurine.france@7mail.com','095452858925');
INSERT INTO USER_TELEPON VALUES ('oretha.jason@kmail.com','039840442322');
INSERT INTO USER_TELEPON VALUES ('demetrice.terra@smail.com','041723613465');
INSERT INTO USER_TELEPON VALUES ('yetta.faye@kmail.com','010271372905');
INSERT INTO USER_TELEPON VALUES ('idella.rudy@amail.com','072681364758');
INSERT INTO USER_TELEPON VALUES ('thuy.lawanda@fmail.com','082185540845');
INSERT INTO USER_TELEPON VALUES ('thuy.lawanda@fmail.com','022634052038');
INSERT INTO USER_TELEPON VALUES ('clora.lawanda@wmail.com','087857119924');
INSERT INTO USER_TELEPON VALUES ('jack.chas@zmail.com','095125367475');
INSERT INTO USER_TELEPON VALUES ('jack.chas@zmail.com','063509516317');
INSERT INTO USER_TELEPON VALUES ('cortney.rossana@7mail.com','062697565064');
INSERT INTO USER_TELEPON VALUES ('cortney.rossana@7mail.com','084607935896');
INSERT INTO USER_TELEPON VALUES ('macy.sybil@9mail.com','061418863844');
INSERT INTO USER_TELEPON VALUES ('macy.sybil@9mail.com','074610300027');
INSERT INTO USER_TELEPON VALUES ('mardell.cheryll@wmail.com','008614415185');
INSERT INTO USER_TELEPON VALUES ('jaleesa.jason@mmail.com','013026694682');
INSERT INTO USER_TELEPON VALUES ('jaleesa.jason@mmail.com','051462194235');
INSERT INTO USER_TELEPON VALUES ('idella.gayla@gmail.com','067345930531');
INSERT INTO USER_TELEPON VALUES ('idella.gayla@gmail.com','060538559616');
INSERT INTO USER_TELEPON VALUES ('peggie.jaleesa@2mail.com','034476042168');
INSERT INTO USER_TELEPON VALUES ('peggie.jaleesa@2mail.com','064462976863');
INSERT INTO USER_TELEPON VALUES ('olive.ora@gmail.com','045783097816');
INSERT INTO USER_TELEPON VALUES ('jaleesa.sadye@nmail.com','019849608073');
INSERT INTO USER_TELEPON VALUES ('sharen.clora@0mail.com','024108241306');
INSERT INTO USER_TELEPON VALUES ('maurine.molly@mmail.com','088871890776');
INSERT INTO USER_TELEPON VALUES ('cheryll.aimee@4mail.com','032786825487');
INSERT INTO USER_TELEPON VALUES ('cheryll.aimee@4mail.com','050264967680');
INSERT INTO USER_TELEPON VALUES ('shondra.lashawna@3mail.com','013266512590');
INSERT INTO USER_TELEPON VALUES ('terra.loralee@umail.com','040288394013');
INSERT INTO USER_TELEPON VALUES ('terra.loralee@umail.com','087280756854');
INSERT INTO USER_TELEPON VALUES ('rudy.faye@imail.com','092173858167');
INSERT INTO USER_TELEPON VALUES ('olive.france@pmail.com','020883885738');
INSERT INTO USER_TELEPON VALUES ('adam.joeann@imail.com','051295381550');
INSERT INTO USER_TELEPON VALUES ('peggie.shondra@ymail.com','047666839327');
INSERT INTO USER_TELEPON VALUES ('loralee.jack@zmail.com','098046310087');
INSERT INTO USER_TELEPON VALUES ('oretha.morgan@vmail.com','038018655923');
INSERT INTO USER_TELEPON VALUES ('candida.rudy@pmail.com','033937141160');
INSERT INTO USER_TELEPON VALUES ('olive.adam@mmail.com','067445363395');
INSERT INTO USER_TELEPON VALUES ('ken.gayla@zmail.com','093096162237');
INSERT INTO USER_TELEPON VALUES ('macy.lynn@wmail.com','013848778435');
INSERT INTO USER_TELEPON VALUES ('macy.lynn@wmail.com','027442289138');
INSERT INTO USER_TELEPON VALUES ('candida.kate@pmail.com','013242167512');
INSERT INTO USER_TELEPON VALUES ('clora.molly@0mail.com','093213144555');
INSERT INTO USER_TELEPON VALUES ('clora.molly@0mail.com','075524611390');
INSERT INTO USER_TELEPON VALUES ('jason.cortney@3mail.com','021907833573');
INSERT INTO USER_TELEPON VALUES ('raisa.macy@1mail.com','050822696300');
INSERT INTO USER_TELEPON VALUES ('raisa.macy@1mail.com','012050630903');
INSERT INTO USER_TELEPON VALUES ('domenica.morgan@email.com','079602033972');
INSERT INTO USER_TELEPON VALUES ('peggie.france@lmail.com','012306507030');
INSERT INTO USER_TELEPON VALUES ('hilda.olive@email.com','039562731895');
INSERT INTO USER_TELEPON VALUES ('hilda.olive@email.com','080018914447');
INSERT INTO USER_TELEPON VALUES ('terra.kate@7mail.com','027980703960');
INSERT INTO USER_TELEPON VALUES ('faye.macy@0mail.com','080236870667');
INSERT INTO USER_TELEPON VALUES ('shondra.candida@gmail.com','095685381214');
INSERT INTO USER_TELEPON VALUES ('shondra.candida@gmail.com','010464982053');
INSERT INTO USER_TELEPON VALUES ('morgan.jason@qmail.com','096552555797');
INSERT INTO USER_TELEPON VALUES ('oretha.jorge@imail.com','096386377363');
INSERT INTO USER_TELEPON VALUES ('hilda.jaleesa@ymail.com','024158006712');
INSERT INTO USER_TELEPON VALUES ('hilda.jaleesa@ymail.com','085238734771');
INSERT INTO USER_TELEPON VALUES ('molly.yetta@smail.com','014089074123');

--KASIR
INSERT INTO KASIR VALUES ('geraldo@gmail.com',5,200);
INSERT INTO KASIR VALUES ('yetta.faye@kmail.com',3.6,49);
INSERT INTO KASIR VALUES ('clora.lawanda@wmail.com',0.3,35);
INSERT INTO KASIR VALUES ('sybil.rossana@dmail.com',3.3,42);
INSERT INTO KASIR VALUES ('mardell.cheryll@wmail.com',2.3,26);
INSERT INTO KASIR VALUES ('olivia.rudy@cmail.com',1.4,38);
INSERT INTO KASIR VALUES ('olive.ora@gmail.com',3.3,25);
INSERT INTO KASIR VALUES ('sharen.clora@0mail.com',3.3,24);
INSERT INTO KASIR VALUES ('jaleesa.rossana@dmail.com',2.7,39);
INSERT INTO KASIR VALUES ('kate.adam@6mail.com',1.6,46);
INSERT INTO KASIR VALUES ('olive.france@pmail.com',4.1,16);
INSERT INTO KASIR VALUES ('loralee.jack@zmail.com',0.7,8);
INSERT INTO KASIR VALUES ('ken.gayla@zmail.com',0.4,27);
INSERT INTO KASIR VALUES ('candida.kate@pmail.com',3.4,4);
INSERT INTO KASIR VALUES ('armanda.faye@dmail.com',2.7,0);
INSERT INTO KASIR VALUES ('demetrice.shondra@jmail.com',0.7,24);
INSERT INTO KASIR VALUES ('mardell.mable@mmail.com',2.5,20);
INSERT INTO KASIR VALUES ('domenica.morgan@email.com',3.4,37);
INSERT INTO KASIR VALUES ('morgan.jason@qmail.com',2.0,46);
INSERT INTO KASIR VALUES ('shondra.sybil@jmail.com',0.8,5);
INSERT INTO KASIR VALUES ('ora.loralee@omail.com',3.6,23);

--CHEF
INSERT INTO CHEF VALUES ('falah.prasetyo@gmail.com',5);
INSERT INTO CHEF VALUES ('demetrice.thuy@nmail.com',1);
INSERT INTO CHEF VALUES ('cheryll.jason@nmail.com',3);
INSERT INTO CHEF VALUES ('hilda.mardell@omail.com',2);
INSERT INTO CHEF VALUES ('faye.hilda@zmail.com',4);
INSERT INTO CHEF VALUES ('demetrice.terra@smail.com',1);
INSERT INTO CHEF VALUES ('idella.rudy@amail.com',2);
INSERT INTO CHEF VALUES ('cortney.rossana@7mail.com',2);
INSERT INTO CHEF VALUES ('peggie.jaleesa@2mail.com',4);
INSERT INTO CHEF VALUES ('jaleesa.sadye@nmail.com',3);
INSERT INTO CHEF VALUES ('shondra.lashawna@3mail.com',3);
INSERT INTO CHEF VALUES ('deane.candida@umail.com',1);
INSERT INTO CHEF VALUES ('chas.adam@dmail.com',1);
INSERT INTO CHEF VALUES ('thuy.sybil@9mail.com',4);
INSERT INTO CHEF VALUES ('raisa.rudy@smail.com',4);
INSERT INTO CHEF VALUES ('oretha.morgan@vmail.com',5);
INSERT INTO CHEF VALUES ('candida.rudy@pmail.com',5);
INSERT INTO CHEF VALUES ('macy.lynn@wmail.com',3);
INSERT INTO CHEF VALUES ('clora.molly@0mail.com',4);
INSERT INTO CHEF VALUES ('hilda.olive@email.com',5);
INSERT INTO CHEF VALUES ('jason.morgan@vmail.com',3);
INSERT INTO CHEF VALUES ('hilda.jaleesa@ymail.com',4);

--STAF
INSERT INTO STAF VALUES ('muhammad.zaky@gmail.com',200);
INSERT INTO STAF VALUES ('candida.idella@jmail.com',41);
INSERT INTO STAF VALUES ('oretha.jason@kmail.com',88);
INSERT INTO STAF VALUES ('thuy.lawanda@fmail.com',44);
INSERT INTO STAF VALUES ('jack.chas@zmail.com',41);
INSERT INTO STAF VALUES ('macy.sybil@9mail.com',60);
INSERT INTO STAF VALUES ('jaleesa.jason@mmail.com',77);
INSERT INTO STAF VALUES ('thuy.adam@fmail.com',36);
INSERT INTO STAF VALUES ('france.maurine@pmail.com',69);
INSERT INTO STAF VALUES ('maurine.molly@mmail.com',62);
INSERT INTO STAF VALUES ('cheryll.aimee@4mail.com',53);
INSERT INTO STAF VALUES ('peggie.sadye@tmail.com',77);
INSERT INTO STAF VALUES ('olive.adam@mmail.com',67);
INSERT INTO STAF VALUES ('jason.cortney@3mail.com',100);
INSERT INTO STAF VALUES ('shondra.sharen@fmail.com',98);
INSERT INTO STAF VALUES ('raisa.macy@1mail.com',48);
INSERT INTO STAF VALUES ('raisa.aimee@rmail.com',10);
INSERT INTO STAF VALUES ('terra.kate@7mail.com',78);
INSERT INTO STAF VALUES ('faye.macy@0mail.com',54);
INSERT INTO STAF VALUES ('sadye.idella@ymail.com',59);
INSERT INTO STAF VALUES ('sharen.christal@1mail.com',47);
INSERT INTO STAF VALUES ('jaleesa.ora@7mail.com',9);
INSERT INTO STAF VALUES ('shondra.france@gmail.com',85);
INSERT INTO STAF VALUES ('raisa.cortney@omail.com',78);

--MODE_PEMBAYARAN
INSERT INTO MODE_PEMBAYARAN VALUES ('TU','tunai');
INSERT INTO MODE_PEMBAYARAN VALUES ('DE','debit');
INSERT INTO MODE_PEMBAYARAN VALUES ('KR','kredit');

--KATEGORI
INSERT INTO KATEGORI VALUES ('FO','makanan');
INSERT INTO KATEGORI VALUES ('BE','minuman');
INSERT INTO KATEGORI VALUES ('SN','snack');
INSERT INTO KATEGORI VALUES ('DE','dessert');

--BAHAN_BAKU
INSERT INTO BAHAN_BAKU VALUES ('noodley water','kg',158);
INSERT INTO BAHAN_BAKU VALUES ('ricey leaf','kg',154);
INSERT INTO BAHAN_BAKU VALUES ('fruity potato','kg',146);
INSERT INTO BAHAN_BAKU VALUES ('papricay fruit','kg',215);
INSERT INTO BAHAN_BAKU VALUES ('ricey sugar','kg',145);
INSERT INTO BAHAN_BAKU VALUES ('papricay sugar','kg',144);
INSERT INTO BAHAN_BAKU VALUES ('potatoy water','kg',230);
INSERT INTO BAHAN_BAKU VALUES ('sugary water','kg',149);
INSERT INTO BAHAN_BAKU VALUES ('potatoy rice','kg',104);
INSERT INTO BAHAN_BAKU VALUES ('salty chili','kg',153);
INSERT INTO BAHAN_BAKU VALUES ('chiliy sugar','kg',167);
INSERT INTO BAHAN_BAKU VALUES ('papricay vegetable','kg',134);
INSERT INTO BAHAN_BAKU VALUES ('noodley chili','kg',192);
INSERT INTO BAHAN_BAKU VALUES ('fruity salt','kg',142);
INSERT INTO BAHAN_BAKU VALUES ('potatoy paprica','kg',241);
INSERT INTO BAHAN_BAKU VALUES ('potatoy potato','kg',119);
INSERT INTO BAHAN_BAKU VALUES ('vegetabley paprica','kg',239);
INSERT INTO BAHAN_BAKU VALUES ('watery potato','kg',196);
INSERT INTO BAHAN_BAKU VALUES ('papricay paprica','kg',176);
INSERT INTO BAHAN_BAKU VALUES ('papricay leaf','kg',128);
INSERT INTO BAHAN_BAKU VALUES ('leafy potato','kg',164);
INSERT INTO BAHAN_BAKU VALUES ('vegetabley leaf','kg',250);
INSERT INTO BAHAN_BAKU VALUES ('fruity leaf','kg',109);
INSERT INTO BAHAN_BAKU VALUES ('papricay noodle','kg',149);
INSERT INTO BAHAN_BAKU VALUES ('potatoy fruit','kg',227);
INSERT INTO BAHAN_BAKU VALUES ('vegetabley potato','kg',241);
INSERT INTO BAHAN_BAKU VALUES ('potatoy leaf','kg',177);
INSERT INTO BAHAN_BAKU VALUES ('ricey vegetable','kg',230);
INSERT INTO BAHAN_BAKU VALUES ('ricey potato','kg',115);
INSERT INTO BAHAN_BAKU VALUES ('watery sugar','kg',141);
INSERT INTO BAHAN_BAKU VALUES ('noodley vegetable','kg',109);
INSERT INTO BAHAN_BAKU VALUES ('ricey rice','kg',203);
INSERT INTO BAHAN_BAKU VALUES ('vegetabley noodle','kg',124);
INSERT INTO BAHAN_BAKU VALUES ('salty leaf','kg',176);
INSERT INTO BAHAN_BAKU VALUES ('watery water','kg',102);
INSERT INTO BAHAN_BAKU VALUES ('vegetabley salt','kg',107);
INSERT INTO BAHAN_BAKU VALUES ('vegetabley fruit','kg',221);
INSERT INTO BAHAN_BAKU VALUES ('vegetabley vegetable','kg',176);
INSERT INTO BAHAN_BAKU VALUES ('chiliy water','kg',109);
INSERT INTO BAHAN_BAKU VALUES ('watery leaf','kg',128);
INSERT INTO BAHAN_BAKU VALUES ('fruity fruit','kg',235);
INSERT INTO BAHAN_BAKU VALUES ('leafy rice','kg',241);
INSERT INTO BAHAN_BAKU VALUES ('chiliy noodle','kg',229);
INSERT INTO BAHAN_BAKU VALUES ('fruity rice','kg',140);
INSERT INTO BAHAN_BAKU VALUES ('ricey salt','kg',150);
INSERT INTO BAHAN_BAKU VALUES ('watery fruit','kg',221);
INSERT INTO BAHAN_BAKU VALUES ('leafy water','kg',220);
INSERT INTO BAHAN_BAKU VALUES ('noodley fruit','kg',186);
INSERT INTO BAHAN_BAKU VALUES ('fruity chili','kg',193);
INSERT INTO BAHAN_BAKU VALUES ('salty vegetable','kg',115);

--SUPPLIER
INSERT INTO SUPPLIER VALUES ('Lynn Syrup','jl. Milk No. 1','lynn.syrup@imail.com');
INSERT INTO SUPPLIER VALUES ('Lynn vegetable','jl. Aimee No. 48','lynn.vegetable@3mail.com');
INSERT INTO SUPPLIER VALUES ('Sybil Olive','jl. Hot No. 13','sybil.olive@pmail.com');
INSERT INTO SUPPLIER VALUES ('Ken Heavenly','jl. water No. 19','ken.heavenly@7mail.com');
INSERT INTO SUPPLIER VALUES ('Cortney salt','jl. Sandwich No. 14','cortney.salt@lmail.com');
INSERT INTO SUPPLIER VALUES ('Shondra Shining','jl. Noodle No. 33','shondra.shining@email.com');
INSERT INTO SUPPLIER VALUES ('Mardell Sharen','jl. Meat No. 26','mardell.sharen@nmail.com');
INSERT INTO SUPPLIER VALUES ('Stacia Noodle','jl. Jaleesa No. 10','stacia.noodle@jmail.com');
INSERT INTO SUPPLIER VALUES ('Kasie Cheryll','jl. Loralee No. 49','kasie.cheryll@amail.com');
INSERT INTO SUPPLIER VALUES ('Thuy Cortney','jl. Paradise No. 38','thuy.cortney@email.com');
INSERT INTO SUPPLIER VALUES ('Rudy Chicken','jl. Hot No. 26','rudy.chicken@cmail.com');
INSERT INTO SUPPLIER VALUES ('Joeann Mardell','jl. Milk No. 38','joeann.mardell@jmail.com');
INSERT INTO SUPPLIER VALUES ('Jaleesa Peggie','jl. Rice No. 6','jaleesa.peggie@zmail.com');
INSERT INTO SUPPLIER VALUES ('Olivia Salty','jl. Loralee No. 10','olivia.salty@nmail.com');
INSERT INTO SUPPLIER VALUES ('Cheryll noodle','jl. Sweet No. 2','cheryll.noodle@wmail.com');
INSERT INTO SUPPLIER VALUES ('Adam Rudy','jl. Clora No. 39','adam.rudy@5mail.com');
INSERT INTO SUPPLIER VALUES ('Cortney Oretha','jl. Cortney No. 1','cortney.oretha@fmail.com');
INSERT INTO SUPPLIER VALUES ('Jason Hilda','jl. Noodle No. 43','jason.hilda@5mail.com');
INSERT INTO SUPPLIER VALUES ('Lynn Cup','jl. Burning No. 6','lynn.cup@6mail.com');
INSERT INTO SUPPLIER VALUES ('Idella Cup','jl. salt No. 44','idella.cup@gmail.com');
INSERT INTO SUPPLIER VALUES ('Ken Hilda','jl. potato No. 49','ken.hilda@imail.com');
INSERT INTO SUPPLIER VALUES ('Hilda Juice','jl. Fried No. 12','hilda.juice@rmail.com');
INSERT INTO SUPPLIER VALUES ('Rudy sugar','jl. Noodle No. 33','rudy.sugar@email.com');
INSERT INTO SUPPLIER VALUES ('Chas Domenica','jl. Maurine No. 5','chas.domenica@dmail.com');
INSERT INTO SUPPLIER VALUES ('Kate Deane','jl. Grilled No. 24','kate.deane@7mail.com');
INSERT INTO SUPPLIER VALUES ('Molly Pizza','jl. Liquor No. 3','molly.pizza@6mail.com');
INSERT INTO SUPPLIER VALUES ('Oretha Hot','jl. Spicy No. 38','oretha.hot@cmail.com');
INSERT INTO SUPPLIER VALUES ('Morgan Mable','jl. Idella No. 14','morgan.mable@bmail.com');
INSERT INTO SUPPLIER VALUES ('Gayla Peggie','jl. noodle No. 9','gayla.peggie@gmail.com');
INSERT INTO SUPPLIER VALUES ('Macy Paradise','jl. Coffee No. 19','macy.paradise@jmail.com');
INSERT INTO SUPPLIER VALUES ('Lynn Rice','jl. Pizza No. 3','lynn.rice@lmail.com');
INSERT INTO SUPPLIER VALUES ('Ora Tea','jl. Hilda No. 10','ora.tea@vmail.com');
INSERT INTO SUPPLIER VALUES ('Raisa Spicy','jl. Liquor No. 42','raisa.spicy@9mail.com');
INSERT INTO SUPPLIER VALUES ('Ken Sweet','jl. Stacia No. 31','ken.sweet@bmail.com');
INSERT INTO SUPPLIER VALUES ('Olivia Olivia','jl. Liquor No. 32','olivia.olivia@umail.com');
INSERT INTO SUPPLIER VALUES ('Mardell Heavenly','jl. Pie No. 23','mardell.heavenly@tmail.com');
INSERT INTO SUPPLIER VALUES ('Jason Paradise','jl. Hot No. 9','jason.paradise@umail.com');
INSERT INTO SUPPLIER VALUES ('Deane noodle','jl. Coffee No. 47','deane.noodle@hmail.com');
INSERT INTO SUPPLIER VALUES ('Jaleesa Pie','jl. fruit No. 27','jaleesa.pie@9mail.com');
INSERT INTO SUPPLIER VALUES ('Rossana water','jl. Terra No. 2','rossana.water@xmail.com');
INSERT INTO SUPPLIER VALUES ('Morgan Loralee','jl. Milk No. 8','morgan.loralee@amail.com');
INSERT INTO SUPPLIER VALUES ('Stacia Lashawna','jl. Sandwich No. 1','stacia.lashawna@qmail.com');
INSERT INTO SUPPLIER VALUES ('Jaleesa Heavenly','jl. Paradise No. 37','jaleesa.heavenly@vmail.com');
INSERT INTO SUPPLIER VALUES ('Kasie Rice','jl. Liquor No. 22','kasie.rice@pmail.com');
INSERT INTO SUPPLIER VALUES ('Joeann Special','jl. Tea No. 38','joeann.special@imail.com');
INSERT INTO SUPPLIER VALUES ('Kate Tea','jl. Jaleesa No. 38','kate.tea@zmail.com');
INSERT INTO SUPPLIER VALUES ('Terra Armanda','jl. Pizza No. 23','terra.armanda@gmail.com');
INSERT INTO SUPPLIER VALUES ('Ora Loralee','jl. noodle No. 36','ora.loralee@7mail.com');
INSERT INTO SUPPLIER VALUES ('Candida Fried','jl. Soda No. 17','candida.fried@rmail.com');
INSERT INTO SUPPLIER VALUES ('Candida Deane','jl. Heavenly No. 31','candida.deane@dmail.com');

--SUPPLIER_TELEPON
INSERT INTO SUPPLIER_TELEPON VALUES ('Lynn Syrup','095544888923');
INSERT INTO SUPPLIER_TELEPON VALUES ('Lynn vegetable','007353788943');
INSERT INTO SUPPLIER_TELEPON VALUES ('Sybil Olive','027537197681');
INSERT INTO SUPPLIER_TELEPON VALUES ('Cortney salt','017929396436');
INSERT INTO SUPPLIER_TELEPON VALUES ('Mardell Sharen','000760365944');
INSERT INTO SUPPLIER_TELEPON VALUES ('Stacia Noodle','005596140065');
INSERT INTO SUPPLIER_TELEPON VALUES ('Stacia Noodle','000576153184');
INSERT INTO SUPPLIER_TELEPON VALUES ('Kasie Cheryll','031956841511');
INSERT INTO SUPPLIER_TELEPON VALUES ('Kasie Cheryll','006448161852');
INSERT INTO SUPPLIER_TELEPON VALUES ('Rudy Chicken','013226156636');
INSERT INTO SUPPLIER_TELEPON VALUES ('Rudy Chicken','021397249913');
INSERT INTO SUPPLIER_TELEPON VALUES ('Adam Rudy','087971868847');
INSERT INTO SUPPLIER_TELEPON VALUES ('Adam Rudy','001393049681');
INSERT INTO SUPPLIER_TELEPON VALUES ('Jason Hilda','009923117701');
INSERT INTO SUPPLIER_TELEPON VALUES ('Lynn Cup','079893182395');
INSERT INTO SUPPLIER_TELEPON VALUES ('Idella Cup','025308886085');
INSERT INTO SUPPLIER_TELEPON VALUES ('Ken Hilda','053507332128');
INSERT INTO SUPPLIER_TELEPON VALUES ('Hilda Juice','052015539549');
INSERT INTO SUPPLIER_TELEPON VALUES ('Rudy sugar','049469690328');
INSERT INTO SUPPLIER_TELEPON VALUES ('Kate Deane','061625894059');
INSERT INTO SUPPLIER_TELEPON VALUES ('Kate Deane','012177359898');
INSERT INTO SUPPLIER_TELEPON VALUES ('Molly Pizza','059776358971');
INSERT INTO SUPPLIER_TELEPON VALUES ('Oretha Hot','095781283670');
INSERT INTO SUPPLIER_TELEPON VALUES ('Morgan Mable','083532697479');
INSERT INTO SUPPLIER_TELEPON VALUES ('Gayla Peggie','037920549652');
INSERT INTO SUPPLIER_TELEPON VALUES ('Macy Paradise','089593717195');
INSERT INTO SUPPLIER_TELEPON VALUES ('Lynn Rice','038618410343');
INSERT INTO SUPPLIER_TELEPON VALUES ('Raisa Spicy','088563512681');
INSERT INTO SUPPLIER_TELEPON VALUES ('Ken Sweet','010456940964');
INSERT INTO SUPPLIER_TELEPON VALUES ('Jason Paradise','028326685247');
INSERT INTO SUPPLIER_TELEPON VALUES ('Deane noodle','011627669907');
INSERT INTO SUPPLIER_TELEPON VALUES ('Deane noodle','033402111324');
INSERT INTO SUPPLIER_TELEPON VALUES ('Rossana water','096389423153');
INSERT INTO SUPPLIER_TELEPON VALUES ('Rossana water','098751081414');
INSERT INTO SUPPLIER_TELEPON VALUES ('Morgan Loralee','012358466906');
INSERT INTO SUPPLIER_TELEPON VALUES ('Stacia Lashawna','002969950511');
INSERT INTO SUPPLIER_TELEPON VALUES ('Stacia Lashawna','078198268131');
INSERT INTO SUPPLIER_TELEPON VALUES ('Kasie Rice','061861242641');
INSERT INTO SUPPLIER_TELEPON VALUES ('Joeann Special','011610284308');
INSERT INTO SUPPLIER_TELEPON VALUES ('Joeann Special','068126178873');
INSERT INTO SUPPLIER_TELEPON VALUES ('Terra Armanda','002753684970');
INSERT INTO SUPPLIER_TELEPON VALUES ('Ora Loralee','081831617314');
INSERT INTO SUPPLIER_TELEPON VALUES ('Ora Loralee','036317007169');
INSERT INTO SUPPLIER_TELEPON VALUES ('Candida Fried','037727803888');
INSERT INTO SUPPLIER_TELEPON VALUES ('Candida Deane','009510886038');
INSERT INTO SUPPLIER_TELEPON VALUES ('Candida Deane','006517194261');

--PEMBELIAN
INSERT INTO PEMBELIAN VALUES ('pb0000','2014-04-30 22:48:22','Hilda Juice','olive.adam@mmail.com');
INSERT INTO PEMBELIAN VALUES ('pb0001','2015-02-01 02:37:07','Joeann Special','shondra.sharen@fmail.com');
INSERT INTO PEMBELIAN VALUES ('pb0002','2014-09-21 07:50:49','Adam Rudy','macy.sybil@9mail.com');
INSERT INTO PEMBELIAN VALUES ('pb0003','2015-01-15 22:35:01','Rudy sugar','cheryll.aimee@4mail.com');
INSERT INTO PEMBELIAN VALUES ('pb0004','2014-02-03 05:28:38','Hilda Juice','jaleesa.jason@mmail.com');
INSERT INTO PEMBELIAN VALUES ('pb0005','2014-03-20 06:29:16','Stacia Noodle','maurine.molly@mmail.com');
INSERT INTO PEMBELIAN VALUES ('pb0006','2014-03-09 13:28:28','Idella Cup','faye.macy@0mail.com');
INSERT INTO PEMBELIAN VALUES ('pb0007','2015-05-07 06:41:58','Chas Domenica','jason.cortney@3mail.com');
INSERT INTO PEMBELIAN VALUES ('pb0008','2014-05-09 17:47:21','Ora Tea','thuy.adam@fmail.com');
INSERT INTO PEMBELIAN VALUES ('pb0009','2014-04-07 22:07:22','Kasie Rice','jaleesa.ora@7mail.com');
INSERT INTO PEMBELIAN VALUES ('pb0010','2014-12-12 18:36:18','Macy Paradise','oretha.jason@kmail.com');
INSERT INTO PEMBELIAN VALUES ('pb0011','2015-03-08 17:41:38','Idella Cup','sadye.idella@ymail.com');
INSERT INTO PEMBELIAN VALUES ('pb0012','2014-01-19 05:37:02','Macy Paradise','cheryll.aimee@4mail.com');
INSERT INTO PEMBELIAN VALUES ('pb0013','2014-11-12 13:21:46','Kasie Cheryll','macy.sybil@9mail.com');
INSERT INTO PEMBELIAN VALUES ('pb0014','2014-09-27 07:01:01','Joeann Mardell','thuy.lawanda@fmail.com');
INSERT INTO PEMBELIAN VALUES ('pb0015','2014-03-18 02:01:10','Olivia Olivia','raisa.aimee@rmail.com');
INSERT INTO PEMBELIAN VALUES ('pb0016','2014-04-07 12:08:40','Olivia Olivia','faye.macy@0mail.com');
INSERT INTO PEMBELIAN VALUES ('pb0017','2014-09-24 22:17:26','Chas Domenica','jack.chas@zmail.com');
INSERT INTO PEMBELIAN VALUES ('pb0018','2014-03-06 15:45:05','Jaleesa Heavenly','raisa.aimee@rmail.com');
INSERT INTO PEMBELIAN VALUES ('pb0019','2015-04-21 05:44:10','Jaleesa Heavenly','shondra.sharen@fmail.com');
INSERT INTO PEMBELIAN VALUES ('pb0020','2015-01-07 13:20:34','Ken Hilda','raisa.cortney@omail.com');
INSERT INTO PEMBELIAN VALUES ('pb0021','2014-11-08 04:07:51','Jaleesa Peggie','jason.cortney@3mail.com');
INSERT INTO PEMBELIAN VALUES ('pb0022','2014-04-07 02:50:49','Ora Tea','sharen.christal@1mail.com');
INSERT INTO PEMBELIAN VALUES ('pb0023','2014-09-11 10:38:06','Adam Rudy','sadye.idella@ymail.com');
INSERT INTO PEMBELIAN VALUES ('pb0024','2015-02-28 03:53:08','Morgan Loralee','shondra.sharen@fmail.com');
INSERT INTO PEMBELIAN VALUES ('pb0025','2014-07-07 10:12:59','Thuy Cortney','cheryll.aimee@4mail.com');
INSERT INTO PEMBELIAN VALUES ('pb0026','2014-07-28 22:03:25','Morgan Mable','france.maurine@pmail.com');
INSERT INTO PEMBELIAN VALUES ('pb0027','2014-07-15 02:50:06','Lynn Rice','peggie.sadye@tmail.com');
INSERT INTO PEMBELIAN VALUES ('pb0028','2014-01-29 17:35:51','Jason Hilda','sharen.christal@1mail.com');
INSERT INTO PEMBELIAN VALUES ('pb0029','2014-07-05 13:34:39','Lynn Cup','sharen.christal@1mail.com');
INSERT INTO PEMBELIAN VALUES ('pb0030','2014-08-27 13:45:50','Thuy Cortney','raisa.macy@1mail.com');
INSERT INTO PEMBELIAN VALUES ('pb0031','2015-05-06 03:11:22','Terra Armanda','peggie.sadye@tmail.com');
INSERT INTO PEMBELIAN VALUES ('pb0032','2014-11-20 09:35:37','Oretha Hot','cheryll.aimee@4mail.com');
INSERT INTO PEMBELIAN VALUES ('pb0033','2014-12-18 00:43:17','Oretha Hot','olive.adam@mmail.com');
INSERT INTO PEMBELIAN VALUES ('pb0034','2014-05-07 13:27:55','Kate Deane','peggie.sadye@tmail.com');
INSERT INTO PEMBELIAN VALUES ('pb0035','2014-12-02 19:44:37','Ora Loralee','france.maurine@pmail.com');
INSERT INTO PEMBELIAN VALUES ('pb0036','2015-01-16 16:06:02','Stacia Noodle','oretha.jason@kmail.com');
INSERT INTO PEMBELIAN VALUES ('pb0037','2014-05-11 13:31:24','Jaleesa Pie','raisa.macy@1mail.com');
INSERT INTO PEMBELIAN VALUES ('pb0038','2015-01-28 12:53:44','Kasie Rice','thuy.adam@fmail.com');
INSERT INTO PEMBELIAN VALUES ('pb0039','2014-08-12 01:59:53','Joeann Special','terra.kate@7mail.com');
INSERT INTO PEMBELIAN VALUES ('pb0040','2015-04-29 18:02:58','Rudy sugar','olive.adam@mmail.com');
INSERT INTO PEMBELIAN VALUES ('pb0041','2014-01-14 23:58:42','Mardell Sharen','macy.sybil@9mail.com');
INSERT INTO PEMBELIAN VALUES ('pb0042','2014-09-21 13:47:35','Mardell Sharen','france.maurine@pmail.com');
INSERT INTO PEMBELIAN VALUES ('pb0043','2015-05-31 16:30:04','Ken Heavenly','france.maurine@pmail.com');
INSERT INTO PEMBELIAN VALUES ('pb0044','2014-02-22 22:42:27','Ora Loralee','raisa.cortney@omail.com');
INSERT INTO PEMBELIAN VALUES ('pb0045','2014-06-22 03:56:09','Raisa Spicy','macy.sybil@9mail.com');
INSERT INTO PEMBELIAN VALUES ('pb0046','2014-11-29 08:59:44','Terra Armanda','sadye.idella@ymail.com');
INSERT INTO PEMBELIAN VALUES ('pb0047','2015-03-25 04:37:19','Kate Deane','terra.kate@7mail.com');
INSERT INTO PEMBELIAN VALUES ('pb0048','2015-02-09 18:07:03','Lynn Cup','faye.macy@0mail.com');
INSERT INTO PEMBELIAN VALUES ('pb0049','2014-05-11 02:55:14','Jason Hilda','cheryll.aimee@4mail.com');
INSERT INTO PEMBELIAN VALUES ('pb0050','2015-05-21 11:15:57','Lynn Rice','jaleesa.jason@mmail.com');
INSERT INTO PEMBELIAN VALUES ('pb0051','2014-11-22 14:27:06','Chas Domenica','shondra.france@gmail.com');
INSERT INTO PEMBELIAN VALUES ('pb0052','2015-04-23 02:35:29','Candida Deane','thuy.adam@fmail.com');
INSERT INTO PEMBELIAN VALUES ('pb0053','2014-05-15 01:28:47','Rudy sugar','shondra.france@gmail.com');
INSERT INTO PEMBELIAN VALUES ('pb0054','2014-04-06 09:43:29','Candida Fried','cheryll.aimee@4mail.com');
INSERT INTO PEMBELIAN VALUES ('pb0055','2014-10-03 18:38:32','Jaleesa Peggie','raisa.macy@1mail.com');
INSERT INTO PEMBELIAN VALUES ('pb0056','2015-02-28 03:18:17','Ken Heavenly','jaleesa.jason@mmail.com');
INSERT INTO PEMBELIAN VALUES ('pb0057','2014-09-20 15:26:17','Rossana water','jason.cortney@3mail.com');
INSERT INTO PEMBELIAN VALUES ('pb0058','2014-01-21 14:55:23','Lynn Cup','shondra.sharen@fmail.com');
INSERT INTO PEMBELIAN VALUES ('pb0059','2015-04-12 21:26:23','Oretha Hot','jason.cortney@3mail.com');
INSERT INTO PEMBELIAN VALUES ('pb0060','2014-09-29 03:33:42','Ken Sweet','terra.kate@7mail.com');
INSERT INTO PEMBELIAN VALUES ('pb0061','2014-08-05 10:54:57','Olivia Salty','raisa.macy@1mail.com');
INSERT INTO PEMBELIAN VALUES ('pb0062','2014-08-13 23:02:09','Jason Paradise','sadye.idella@ymail.com');
INSERT INTO PEMBELIAN VALUES ('pb0063','2014-10-25 06:30:23','Morgan Loralee','france.maurine@pmail.com');
INSERT INTO PEMBELIAN VALUES ('pb0064','2015-05-29 02:20:46','Olivia Salty','jason.cortney@3mail.com');
INSERT INTO PEMBELIAN VALUES ('pb0065','2015-02-20 09:40:33','Mardell Heavenly','terra.kate@7mail.com');
INSERT INTO PEMBELIAN VALUES ('pb0066','2014-07-24 06:50:28','Hilda Juice','thuy.lawanda@fmail.com');
INSERT INTO PEMBELIAN VALUES ('pb0067','2015-03-27 18:09:13','Chas Domenica','maurine.molly@mmail.com');
INSERT INTO PEMBELIAN VALUES ('pb0068','2014-10-18 10:58:43','Ken Hilda','cheryll.aimee@4mail.com');
INSERT INTO PEMBELIAN VALUES ('pb0069','2015-01-21 23:56:28','Jaleesa Heavenly','jason.cortney@3mail.com');
INSERT INTO PEMBELIAN VALUES ('pb0070','2015-03-29 14:15:31','Candida Fried','jaleesa.ora@7mail.com');
INSERT INTO PEMBELIAN VALUES ('pb0071','2014-05-16 07:42:20','Joeann Mardell','terra.kate@7mail.com');
INSERT INTO PEMBELIAN VALUES ('pb0072','2015-03-14 10:20:37','Lynn Syrup','jaleesa.jason@mmail.com');
INSERT INTO PEMBELIAN VALUES ('pb0073','2014-10-29 12:00:24','Ken Sweet','macy.sybil@9mail.com');
INSERT INTO PEMBELIAN VALUES ('pb0074','2014-09-15 06:11:57','Olivia Olivia','thuy.adam@fmail.com');
INSERT INTO PEMBELIAN VALUES ('pb0075','2014-11-06 07:18:16','Kasie Cheryll','peggie.sadye@tmail.com');
INSERT INTO PEMBELIAN VALUES ('pb0076','2015-01-22 10:35:21','Cortney Oretha','jason.cortney@3mail.com');
INSERT INTO PEMBELIAN VALUES ('pb0077','2015-01-04 05:57:13','Rossana water','cheryll.aimee@4mail.com');
INSERT INTO PEMBELIAN VALUES ('pb0078','2014-11-12 16:49:20','Ken Sweet','maurine.molly@mmail.com');
INSERT INTO PEMBELIAN VALUES ('pb0079','2014-11-03 12:27:17','Morgan Loralee','cheryll.aimee@4mail.com');
INSERT INTO PEMBELIAN VALUES ('pb0080','2014-01-23 06:34:40','Jason Paradise','terra.kate@7mail.com');
INSERT INTO PEMBELIAN VALUES ('pb0081','2014-01-12 10:18:37','Kate Deane','candida.idella@jmail.com');
INSERT INTO PEMBELIAN VALUES ('pb0082','2015-03-10 07:37:55','Mardell Sharen','macy.sybil@9mail.com');
INSERT INTO PEMBELIAN VALUES ('pb0083','2014-06-02 11:03:05','Candida Fried','faye.macy@0mail.com');
INSERT INTO PEMBELIAN VALUES ('pb0084','2014-08-02 08:58:33','Rudy sugar','jason.cortney@3mail.com');
INSERT INTO PEMBELIAN VALUES ('pb0085','2015-01-27 05:06:49','Jason Paradise','jack.chas@zmail.com');
INSERT INTO PEMBELIAN VALUES ('pb0086','2014-07-08 12:47:40','Thuy Cortney','candida.idella@jmail.com');
INSERT INTO PEMBELIAN VALUES ('pb0087','2015-02-20 00:59:39','Lynn Cup','peggie.sadye@tmail.com');
INSERT INTO PEMBELIAN VALUES ('pb0088','2014-07-11 20:32:42','Lynn Cup','raisa.cortney@omail.com');
INSERT INTO PEMBELIAN VALUES ('pb0089','2014-12-07 03:40:07','Stacia Noodle','thuy.adam@fmail.com');
INSERT INTO PEMBELIAN VALUES ('pb0090','2014-07-20 22:04:12','Jaleesa Heavenly','maurine.molly@mmail.com');
INSERT INTO PEMBELIAN VALUES ('pb0091','2014-04-18 05:47:53','Terra Armanda','france.maurine@pmail.com');
INSERT INTO PEMBELIAN VALUES ('pb0092','2015-03-20 19:22:06','Deane noodle','france.maurine@pmail.com');
INSERT INTO PEMBELIAN VALUES ('pb0093','2014-10-10 22:52:30','Ken Sweet','raisa.aimee@rmail.com');
INSERT INTO PEMBELIAN VALUES ('pb0094','2015-02-14 17:16:45','Ora Tea','shondra.france@gmail.com');
INSERT INTO PEMBELIAN VALUES ('pb0095','2015-05-30 20:59:23','Stacia Lashawna','thuy.lawanda@fmail.com');
INSERT INTO PEMBELIAN VALUES ('pb0096','2014-08-23 04:11:03','Ora Tea','jaleesa.jason@mmail.com');
INSERT INTO PEMBELIAN VALUES ('pb0097','2015-03-21 03:29:50','Lynn Rice','thuy.lawanda@fmail.com');
INSERT INTO PEMBELIAN VALUES ('pb0098','2014-01-01 05:47:44','Macy Paradise','macy.sybil@9mail.com');
INSERT INTO PEMBELIAN VALUES ('pb0099','2015-04-02 23:44:55','Hilda Juice','thuy.adam@fmail.com');
INSERT INTO PEMBELIAN VALUES ('pb0100','2014-08-26 17:02:18','Cortney salt','jaleesa.ora@7mail.com');
INSERT INTO PEMBELIAN VALUES ('pb0101','2015-05-27 03:32:59','Chas Domenica','oretha.jason@kmail.com');
INSERT INTO PEMBELIAN VALUES ('pb0102','2015-04-08 19:10:43','Rudy sugar','sadye.idella@ymail.com');
INSERT INTO PEMBELIAN VALUES ('pb0103','2015-04-16 02:30:21','Terra Armanda','raisa.cortney@omail.com');
INSERT INTO PEMBELIAN VALUES ('pb0104','2015-04-13 09:36:28','Sybil Olive','sadye.idella@ymail.com');
INSERT INTO PEMBELIAN VALUES ('pb0105','2014-08-05 06:56:55','Morgan Mable','jack.chas@zmail.com');
INSERT INTO PEMBELIAN VALUES ('pb0106','2014-08-29 15:22:08','Lynn Rice','sadye.idella@ymail.com');
INSERT INTO PEMBELIAN VALUES ('pb0107','2015-04-27 19:58:09','Mardell Heavenly','terra.kate@7mail.com');
INSERT INTO PEMBELIAN VALUES ('pb0108','2015-04-06 04:17:38','Ora Loralee','olive.adam@mmail.com');
INSERT INTO PEMBELIAN VALUES ('pb0109','2014-05-08 02:01:48','Thuy Cortney','maurine.molly@mmail.com');
INSERT INTO PEMBELIAN VALUES ('pb0110','2014-10-16 02:16:00','Terra Armanda','jaleesa.ora@7mail.com');
INSERT INTO PEMBELIAN VALUES ('pb0111','2014-08-16 17:31:12','Lynn vegetable','thuy.lawanda@fmail.com');
INSERT INTO PEMBELIAN VALUES ('pb0112','2015-01-18 15:06:12','Morgan Mable','jaleesa.jason@mmail.com');
INSERT INTO PEMBELIAN VALUES ('pb0113','2015-05-24 19:40:08','Adam Rudy','jaleesa.ora@7mail.com');
INSERT INTO PEMBELIAN VALUES ('pb0114','2014-03-24 13:23:37','Shondra Shining','jaleesa.ora@7mail.com');
INSERT INTO PEMBELIAN VALUES ('pb0115','2014-02-17 01:52:05','Ken Hilda','shondra.france@gmail.com');
INSERT INTO PEMBELIAN VALUES ('pb0116','2015-03-25 16:26:29','Rudy sugar','cheryll.aimee@4mail.com');
INSERT INTO PEMBELIAN VALUES ('pb0117','2014-02-17 06:03:23','Jaleesa Peggie','cheryll.aimee@4mail.com');
INSERT INTO PEMBELIAN VALUES ('pb0118','2014-01-05 00:43:21','Cortney Oretha','sadye.idella@ymail.com');
INSERT INTO PEMBELIAN VALUES ('pb0119','2014-09-09 19:54:37','Gayla Peggie','sadye.idella@ymail.com');
INSERT INTO PEMBELIAN VALUES ('pb0120','2014-02-23 11:18:54','Joeann Special','thuy.adam@fmail.com');
INSERT INTO PEMBELIAN VALUES ('pb0121','2014-11-13 02:33:14','Sybil Olive','france.maurine@pmail.com');
INSERT INTO PEMBELIAN VALUES ('pb0122','2014-02-20 09:43:57','Stacia Lashawna','terra.kate@7mail.com');
INSERT INTO PEMBELIAN VALUES ('pb0123','2014-09-05 02:00:05','Ora Tea','shondra.sharen@fmail.com');
INSERT INTO PEMBELIAN VALUES ('pb0124','2015-05-27 04:42:46','Gayla Peggie','cheryll.aimee@4mail.com');
INSERT INTO PEMBELIAN VALUES ('pb0125','2014-01-14 14:11:12','Ora Loralee','peggie.sadye@tmail.com');
INSERT INTO PEMBELIAN VALUES ('pb0126','2014-02-16 02:56:26','Hilda Juice','terra.kate@7mail.com');
INSERT INTO PEMBELIAN VALUES ('pb0127','2015-01-14 23:47:47','Mardell Sharen','olive.adam@mmail.com');
INSERT INTO PEMBELIAN VALUES ('pb0128','2014-08-07 21:32:58','Olivia Olivia','shondra.france@gmail.com');
INSERT INTO PEMBELIAN VALUES ('pb0129','2015-01-02 17:09:21','Joeann Mardell','sharen.christal@1mail.com');
INSERT INTO PEMBELIAN VALUES ('pb0130','2015-04-18 20:52:05','Candida Fried','cheryll.aimee@4mail.com');
INSERT INTO PEMBELIAN VALUES ('pb0131','2014-12-17 11:28:48','Olivia Salty','france.maurine@pmail.com');
INSERT INTO PEMBELIAN VALUES ('pb0132','2015-04-18 12:51:02','Oretha Hot','candida.idella@jmail.com');
INSERT INTO PEMBELIAN VALUES ('pb0133','2014-10-15 22:44:26','Jason Hilda','shondra.france@gmail.com');
INSERT INTO PEMBELIAN VALUES ('pb0134','2015-03-27 20:50:12','Jason Paradise','jason.cortney@3mail.com');
INSERT INTO PEMBELIAN VALUES ('pb0135','2014-09-19 03:04:46','Oretha Hot','shondra.sharen@fmail.com');
INSERT INTO PEMBELIAN VALUES ('pb0136','2014-04-04 14:37:46','Raisa Spicy','jaleesa.ora@7mail.com');
INSERT INTO PEMBELIAN VALUES ('pb0137','2014-01-11 22:49:29','Raisa Spicy','terra.kate@7mail.com');
INSERT INTO PEMBELIAN VALUES ('pb0138','2015-02-07 09:36:13','Rudy sugar','shondra.sharen@fmail.com');
INSERT INTO PEMBELIAN VALUES ('pb0139','2014-07-25 16:28:11','Cortney Oretha','jack.chas@zmail.com');
INSERT INTO PEMBELIAN VALUES ('pb0140','2015-03-18 06:06:24','Mardell Heavenly','raisa.cortney@omail.com');
INSERT INTO PEMBELIAN VALUES ('pb0141','2014-02-23 01:36:41','Mardell Heavenly','thuy.lawanda@fmail.com');
INSERT INTO PEMBELIAN VALUES ('pb0142','2014-12-22 21:14:30','Kate Tea','jack.chas@zmail.com');
INSERT INTO PEMBELIAN VALUES ('pb0143','2014-06-13 22:03:41','Cortney salt','jason.cortney@3mail.com');
INSERT INTO PEMBELIAN VALUES ('pb0144','2014-11-01 23:22:53','Jaleesa Pie','macy.sybil@9mail.com');
INSERT INTO PEMBELIAN VALUES ('pb0145','2015-02-27 23:01:19','Jason Hilda','shondra.sharen@fmail.com');
INSERT INTO PEMBELIAN VALUES ('pb0146','2014-04-15 17:57:54','Lynn Syrup','sadye.idella@ymail.com');
INSERT INTO PEMBELIAN VALUES ('pb0147','2015-03-27 02:22:02','Terra Armanda','peggie.sadye@tmail.com');
INSERT INTO PEMBELIAN VALUES ('pb0148','2014-12-28 22:17:12','Morgan Mable','jaleesa.ora@7mail.com');
INSERT INTO PEMBELIAN VALUES ('pb0149','2014-06-29 23:33:38','Jaleesa Heavenly','sadye.idella@ymail.com');
INSERT INTO PEMBELIAN VALUES ('pb0150','2014-01-21 02:53:47','Lynn vegetable','thuy.lawanda@fmail.com');
INSERT INTO PEMBELIAN VALUES ('pb0151','2014-09-16 22:05:27','Shondra Shining','olive.adam@mmail.com');
INSERT INTO PEMBELIAN VALUES ('pb0152','2015-04-13 16:15:12','Thuy Cortney','sadye.idella@ymail.com');
INSERT INTO PEMBELIAN VALUES ('pb0153','2014-06-19 13:30:04','Rudy sugar','olive.adam@mmail.com');
INSERT INTO PEMBELIAN VALUES ('pb0154','2014-03-12 09:36:06','Rudy Chicken','raisa.aimee@rmail.com');
INSERT INTO PEMBELIAN VALUES ('pb0155','2015-04-11 20:19:44','Lynn vegetable','maurine.molly@mmail.com');
INSERT INTO PEMBELIAN VALUES ('pb0156','2015-02-21 06:56:10','Hilda Juice','candida.idella@jmail.com');
INSERT INTO PEMBELIAN VALUES ('pb0157','2015-02-27 04:12:45','Adam Rudy','sharen.christal@1mail.com');
INSERT INTO PEMBELIAN VALUES ('pb0158','2014-09-08 14:32:52','Candida Fried','sharen.christal@1mail.com');
INSERT INTO PEMBELIAN VALUES ('pb0159','2014-09-03 02:44:45','Cortney Oretha','olive.adam@mmail.com');
INSERT INTO PEMBELIAN VALUES ('pb0160','2014-03-25 07:37:55','Jaleesa Peggie','raisa.macy@1mail.com');
INSERT INTO PEMBELIAN VALUES ('pb0161','2015-05-24 12:11:26','Jaleesa Pie','france.maurine@pmail.com');
INSERT INTO PEMBELIAN VALUES ('pb0162','2014-05-09 10:06:37','Sybil Olive','terra.kate@7mail.com');
INSERT INTO PEMBELIAN VALUES ('pb0163','2015-03-05 16:35:22','Mardell Sharen','raisa.cortney@omail.com');
INSERT INTO PEMBELIAN VALUES ('pb0164','2014-05-06 21:28:20','Ora Loralee','thuy.lawanda@fmail.com');
INSERT INTO PEMBELIAN VALUES ('pb0165','2014-10-23 10:01:03','Macy Paradise','oretha.jason@kmail.com');
INSERT INTO PEMBELIAN VALUES ('pb0166','2014-08-17 02:01:02','Hilda Juice','faye.macy@0mail.com');
INSERT INTO PEMBELIAN VALUES ('pb0167','2014-02-17 06:34:11','Shondra Shining','shondra.france@gmail.com');
INSERT INTO PEMBELIAN VALUES ('pb0168','2014-01-21 09:58:00','Chas Domenica','jack.chas@zmail.com');
INSERT INTO PEMBELIAN VALUES ('pb0169','2014-05-30 17:31:16','Terra Armanda','macy.sybil@9mail.com');
INSERT INTO PEMBELIAN VALUES ('pb0170','2014-05-09 00:22:40','Jaleesa Heavenly','thuy.adam@fmail.com');
INSERT INTO PEMBELIAN VALUES ('pb0171','2014-05-06 00:07:55','Oretha Hot','olive.adam@mmail.com');
INSERT INTO PEMBELIAN VALUES ('pb0172','2014-11-13 06:49:57','Oretha Hot','candida.idella@jmail.com');
INSERT INTO PEMBELIAN VALUES ('pb0173','2015-03-10 04:02:50','Stacia Noodle','france.maurine@pmail.com');
INSERT INTO PEMBELIAN VALUES ('pb0174','2014-01-11 18:06:28','Joeann Special','faye.macy@0mail.com');
INSERT INTO PEMBELIAN VALUES ('pb0175','2014-06-19 05:13:35','Cheryll noodle','france.maurine@pmail.com');
INSERT INTO PEMBELIAN VALUES ('pb0176','2014-03-19 23:54:53','Kasie Cheryll','raisa.cortney@omail.com');
INSERT INTO PEMBELIAN VALUES ('pb0177','2015-04-11 05:31:41','Rudy sugar','shondra.sharen@fmail.com');
INSERT INTO PEMBELIAN VALUES ('pb0178','2014-08-03 09:03:15','Lynn Syrup','peggie.sadye@tmail.com');
INSERT INTO PEMBELIAN VALUES ('pb0179','2014-01-24 03:09:13','Joeann Mardell','jaleesa.jason@mmail.com');
INSERT INTO PEMBELIAN VALUES ('pb0180','2014-07-30 11:19:18','Chas Domenica','terra.kate@7mail.com');
INSERT INTO PEMBELIAN VALUES ('pb0181','2014-07-05 15:40:14','Jason Paradise','jaleesa.jason@mmail.com');
INSERT INTO PEMBELIAN VALUES ('pb0182','2014-05-14 21:51:30','Lynn Rice','raisa.cortney@omail.com');
INSERT INTO PEMBELIAN VALUES ('pb0183','2014-01-12 12:06:47','Cortney Oretha','shondra.sharen@fmail.com');
INSERT INTO PEMBELIAN VALUES ('pb0184','2014-07-08 11:47:30','Macy Paradise','terra.kate@7mail.com');
INSERT INTO PEMBELIAN VALUES ('pb0185','2014-07-19 17:28:23','Sybil Olive','macy.sybil@9mail.com');
INSERT INTO PEMBELIAN VALUES ('pb0186','2014-08-25 07:19:54','Candida Fried','oretha.jason@kmail.com');
INSERT INTO PEMBELIAN VALUES ('pb0187','2014-11-16 02:58:23','Shondra Shining','sadye.idella@ymail.com');
INSERT INTO PEMBELIAN VALUES ('pb0188','2014-04-23 11:11:00','Hilda Juice','maurine.molly@mmail.com');
INSERT INTO PEMBELIAN VALUES ('pb0189','2015-03-09 18:39:03','Cortney salt','thuy.lawanda@fmail.com');
INSERT INTO PEMBELIAN VALUES ('pb0190','2015-04-14 01:34:43','Cortney Oretha','faye.macy@0mail.com');
INSERT INTO PEMBELIAN VALUES ('pb0191','2014-05-31 07:05:44','Molly Pizza','sharen.christal@1mail.com');
INSERT INTO PEMBELIAN VALUES ('pb0192','2014-03-27 09:10:54','Ora Tea','cheryll.aimee@4mail.com');
INSERT INTO PEMBELIAN VALUES ('pb0193','2014-10-18 10:53:40','Ora Loralee','olive.adam@mmail.com');
INSERT INTO PEMBELIAN VALUES ('pb0194','2015-02-14 00:25:44','Jaleesa Pie','maurine.molly@mmail.com');
INSERT INTO PEMBELIAN VALUES ('pb0195','2014-01-11 05:16:29','Ken Heavenly','maurine.molly@mmail.com');
INSERT INTO PEMBELIAN VALUES ('pb0196','2014-08-25 11:05:38','Jaleesa Peggie','macy.sybil@9mail.com');
INSERT INTO PEMBELIAN VALUES ('pb0197','2014-02-28 03:37:27','Morgan Loralee','macy.sybil@9mail.com');
INSERT INTO PEMBELIAN VALUES ('pb0198','2014-01-04 13:20:41','Stacia Lashawna','raisa.cortney@omail.com');
INSERT INTO PEMBELIAN VALUES ('pb0199','2014-08-17 07:10:36','Kate Deane','peggie.sadye@tmail.com');
INSERT INTO PEMBELIAN VALUES ('pb0200','2015-01-02 07:53:09','Raisa Spicy','thuy.adam@fmail.com');
INSERT INTO PEMBELIAN VALUES ('pb0201','2014-07-17 17:59:41','Chas Domenica','jaleesa.ora@7mail.com');
INSERT INTO PEMBELIAN VALUES ('pb0202','2015-05-11 17:53:53','Terra Armanda','shondra.france@gmail.com');
INSERT INTO PEMBELIAN VALUES ('pb0203','2014-05-29 00:10:56','Cortney Oretha','thuy.lawanda@fmail.com');
INSERT INTO PEMBELIAN VALUES ('pb0204','2014-01-31 08:15:42','Thuy Cortney','jack.chas@zmail.com');
INSERT INTO PEMBELIAN VALUES ('pb0205','2014-09-01 16:18:46','Kasie Rice','shondra.sharen@fmail.com');
INSERT INTO PEMBELIAN VALUES ('pb0206','2015-01-02 11:11:23','Ora Tea','raisa.cortney@omail.com');
INSERT INTO PEMBELIAN VALUES ('pb0207','2014-06-04 01:09:23','Rudy sugar','shondra.france@gmail.com');
INSERT INTO PEMBELIAN VALUES ('pb0208','2014-02-24 19:40:37','Jason Hilda','candida.idella@jmail.com');
INSERT INTO PEMBELIAN VALUES ('pb0209','2014-07-04 17:31:48','Ken Hilda','jaleesa.ora@7mail.com');
INSERT INTO PEMBELIAN VALUES ('pb0210','2014-11-14 02:38:32','Candida Fried','jason.cortney@3mail.com');
INSERT INTO PEMBELIAN VALUES ('pb0211','2015-05-01 01:59:05','Molly Pizza','raisa.macy@1mail.com');
INSERT INTO PEMBELIAN VALUES ('pb0212','2014-03-16 17:28:30','Kate Tea','jaleesa.ora@7mail.com');
INSERT INTO PEMBELIAN VALUES ('pb0213','2014-08-31 05:51:11','Ken Hilda','faye.macy@0mail.com');
INSERT INTO PEMBELIAN VALUES ('pb0214','2014-10-13 14:18:44','Rossana water','raisa.macy@1mail.com');
INSERT INTO PEMBELIAN VALUES ('pb0215','2015-02-06 16:51:52','Macy Paradise','macy.sybil@9mail.com');
INSERT INTO PEMBELIAN VALUES ('pb0216','2014-09-05 11:12:06','Morgan Loralee','jaleesa.jason@mmail.com');
INSERT INTO PEMBELIAN VALUES ('pb0217','2014-01-23 09:43:30','Gayla Peggie','raisa.macy@1mail.com');
INSERT INTO PEMBELIAN VALUES ('pb0218','2014-01-31 21:22:48','Lynn Syrup','thuy.adam@fmail.com');
INSERT INTO PEMBELIAN VALUES ('pb0219','2014-06-23 09:50:34','Cheryll noodle','jason.cortney@3mail.com');
INSERT INTO PEMBELIAN VALUES ('pb0220','2014-02-16 23:37:09','Ken Heavenly','thuy.adam@fmail.com');
INSERT INTO PEMBELIAN VALUES ('pb0221','2015-02-21 07:57:14','Candida Deane','sadye.idella@ymail.com');
INSERT INTO PEMBELIAN VALUES ('pb0222','2014-08-23 04:53:29','Cortney salt','terra.kate@7mail.com');
INSERT INTO PEMBELIAN VALUES ('pb0223','2014-12-08 01:29:59','Olivia Olivia','macy.sybil@9mail.com');
INSERT INTO PEMBELIAN VALUES ('pb0224','2014-05-24 09:27:44','Shondra Shining','shondra.sharen@fmail.com');
INSERT INTO PEMBELIAN VALUES ('pb0225','2014-05-19 08:21:47','Oretha Hot','sadye.idella@ymail.com');
INSERT INTO PEMBELIAN VALUES ('pb0226','2015-04-22 02:21:18','Olivia Olivia','peggie.sadye@tmail.com');
INSERT INTO PEMBELIAN VALUES ('pb0227','2015-02-25 21:46:47','Rudy sugar','shondra.france@gmail.com');
INSERT INTO PEMBELIAN VALUES ('pb0228','2015-04-27 03:32:50','Kasie Cheryll','raisa.macy@1mail.com');
INSERT INTO PEMBELIAN VALUES ('pb0229','2015-03-24 20:02:34','Cortney Oretha','cheryll.aimee@4mail.com');
INSERT INTO PEMBELIAN VALUES ('pb0230','2015-04-27 13:21:43','Cheryll noodle','raisa.aimee@rmail.com');
INSERT INTO PEMBELIAN VALUES ('pb0231','2014-01-14 06:22:22','Candida Fried','sadye.idella@ymail.com');
INSERT INTO PEMBELIAN VALUES ('pb0232','2014-01-01 16:42:34','Cortney salt','jason.cortney@3mail.com');
INSERT INTO PEMBELIAN VALUES ('pb0233','2014-12-03 04:00:50','Kasie Cheryll','shondra.france@gmail.com');
INSERT INTO PEMBELIAN VALUES ('pb0234','2014-07-27 05:17:15','Ken Heavenly','faye.macy@0mail.com');
INSERT INTO PEMBELIAN VALUES ('pb0235','2015-04-05 16:46:58','Sybil Olive','olive.adam@mmail.com');
INSERT INTO PEMBELIAN VALUES ('pb0236','2014-08-23 00:24:04','Jaleesa Heavenly','raisa.aimee@rmail.com');
INSERT INTO PEMBELIAN VALUES ('pb0237','2014-02-01 02:22:58','Mardell Heavenly','france.maurine@pmail.com');
INSERT INTO PEMBELIAN VALUES ('pb0238','2014-09-04 05:28:41','Jaleesa Pie','sharen.christal@1mail.com');
INSERT INTO PEMBELIAN VALUES ('pb0239','2015-05-16 14:17:25','Hilda Juice','cheryll.aimee@4mail.com');
INSERT INTO PEMBELIAN VALUES ('pb0240','2014-05-30 17:17:12','Ken Heavenly','candida.idella@jmail.com');
INSERT INTO PEMBELIAN VALUES ('pb0241','2014-11-08 15:04:34','Lynn Rice','maurine.molly@mmail.com');
INSERT INTO PEMBELIAN VALUES ('pb0242','2015-03-13 00:05:18','Gayla Peggie','faye.macy@0mail.com');
INSERT INTO PEMBELIAN VALUES ('pb0243','2015-03-29 16:16:34','Olivia Salty','thuy.adam@fmail.com');
INSERT INTO PEMBELIAN VALUES ('pb0244','2015-05-31 01:34:50','Ken Sweet','jaleesa.ora@7mail.com');
INSERT INTO PEMBELIAN VALUES ('pb0245','2015-05-28 17:47:32','Kate Tea','oretha.jason@kmail.com');
INSERT INTO PEMBELIAN VALUES ('pb0246','2015-03-07 06:53:45','Lynn Rice','maurine.molly@mmail.com');
INSERT INTO PEMBELIAN VALUES ('pb0247','2014-06-07 04:17:48','Rudy sugar','jason.cortney@3mail.com');
INSERT INTO PEMBELIAN VALUES ('pb0248','2014-06-27 14:49:35','Macy Paradise','peggie.sadye@tmail.com');
INSERT INTO PEMBELIAN VALUES ('pb0249','2014-10-26 08:53:28','Kate Deane','shondra.sharen@fmail.com');

--MENU
INSERT INTO MENU VALUES ('Spicy Syrup','Spicy Syrup created with noodle tasted very Special','Spicy_Syrup.jpg',4000,75,'FO');
INSERT INTO MENU VALUES ('Special Juice','Special Juice created with salt tasted very Burning','Special_Juice.jpg',13000,67,'FO');
INSERT INTO MENU VALUES ('Special Pie','Special Pie created with sugar tasted very Salty','Special_Pie.jpg',5000,79,'SN');
INSERT INTO MENU VALUES ('Special Liquor','Special Liquor created with potato tasted very Shining','Special_Liquor.jpg',27000,106,'DE');
INSERT INTO MENU VALUES ('Grilled Tea','Grilled Tea created with salt tasted very Spicy','Grilled_Tea.jpg',44000,47,'BE');
INSERT INTO MENU VALUES ('Shining Noodle','Shining Noodle created with paprica tasted very Burning','Shining_Noodle.jpg',35000,30,'DE');
INSERT INTO MENU VALUES ('Shining Sandwich','Shining Sandwich created with fruit tasted very Special','Shining_Sandwich.jpg',9000,35,'FO');
INSERT INTO MENU VALUES ('Special Noodle','Special Noodle created with noodle tasted very Overpowered','Special_Noodle.jpg',49000,119,'SN');
INSERT INTO MENU VALUES ('Fried Tea','Fried Tea created with rice tasted very Fried','Fried_Tea.jpg',15000,65,'DE');
INSERT INTO MENU VALUES ('Salty Coffee','Salty Coffee created with noodle tasted very Shining','Salty_Coffee.jpg',13000,63,'BE');
INSERT INTO MENU VALUES ('Shining Meat','Shining Meat created with vegetable tasted very Burning','Shining_Meat.jpg',30000,113,'FO');
INSERT INTO MENU VALUES ('Spicy Liquor','Spicy Liquor created with vegetable tasted very Overpowered','Spicy_Liquor.jpg',47000,57,'BE');
INSERT INTO MENU VALUES ('Shining Coffee','Shining Coffee created with vegetable tasted very Special','Shining_Coffee.jpg',1000,64,'BE');
INSERT INTO MENU VALUES ('Sweet Milk','Sweet Milk created with leaf tasted very Nice','Sweet_Milk.jpg',37000,63,'SN');
INSERT INTO MENU VALUES ('Fried Milk','Fried Milk created with sugar tasted very Burning','Fried_Milk.jpg',6000,39,'SN');
INSERT INTO MENU VALUES ('Salty Syrup','Salty Syrup created with fruit tasted very Spicy','Salty_Syrup.jpg',6000,78,'DE');
INSERT INTO MENU VALUES ('Salty Rice','Salty Rice created with rice tasted very Sweet','Salty_Rice.jpg',26000,84,'FO');
INSERT INTO MENU VALUES ('Grilled Burger','Grilled Burger created with leaf tasted very Grilled','Grilled_Burger.jpg',42000,112,'DE');
INSERT INTO MENU VALUES ('Sweet Coffee','Sweet Coffee created with leaf tasted very Sweet','Sweet_Coffee.jpg',44000,63,'FO');
INSERT INTO MENU VALUES ('Shining Cup','Shining Cup created with rice tasted very Fried','Shining_Cup.jpg',4000,84,'DE');
INSERT INTO MENU VALUES ('Nice Rice','Nice Rice created with chili tasted very Shining','Nice_Rice.jpg',46000,52,'BE');
INSERT INTO MENU VALUES ('Spicy Noodle','Spicy Noodle created with vegetable tasted very Spicy','Spicy_Noodle.jpg',21000,62,'BE');
INSERT INTO MENU VALUES ('Grilled Syrup','Grilled Syrup created with noodle tasted very Special','Grilled_Syrup.jpg',12000,34,'SN');
INSERT INTO MENU VALUES ('Spicy Tea','Spicy Tea created with noodle tasted very Burning','Spicy_Tea.jpg',24000,62,'DE');
INSERT INTO MENU VALUES ('Good Juice','Good Juice created with potato tasted very Burning','Good_Juice.jpg',9000,44,'SN');
INSERT INTO MENU VALUES ('Heavenly Pizza','Heavenly Pizza created with chili tasted very Nice','Heavenly_Pizza.jpg',31000,119,'FO');
INSERT INTO MENU VALUES ('Burning Rice','Burning Rice created with vegetable tasted very Overpowered','Burning_Rice.jpg',18000,105,'FO');
INSERT INTO MENU VALUES ('Sweet Liquor','Sweet Liquor created with leaf tasted very Paradise','Sweet_Liquor.jpg',49000,74,'BE');
INSERT INTO MENU VALUES ('Hot Noodle','Hot Noodle created with chili tasted very Spicy','Hot_Noodle.jpg',6000,37,'DE');
INSERT INTO MENU VALUES ('Sweet Syrup','Sweet Syrup created with rice tasted very Shining','Sweet_Syrup.jpg',36000,35,'SN');
INSERT INTO MENU VALUES ('Paradise Pie','Paradise Pie created with vegetable tasted very Hot','Paradise_Pie.jpg',23000,62,'DE');
INSERT INTO MENU VALUES ('Special Chicken','Special Chicken created with vegetable tasted very Hot','Special_Chicken.jpg',39000,26,'SN');
INSERT INTO MENU VALUES ('Hot Milk','Hot Milk created with salt tasted very Nice','Hot_Milk.jpg',4000,57,'DE');
INSERT INTO MENU VALUES ('Salty Milk','Salty Milk created with paprica tasted very Burning','Salty_Milk.jpg',37000,113,'FO');
INSERT INTO MENU VALUES ('Sweet Noodle','Sweet Noodle created with potato tasted very Special','Sweet_Noodle.jpg',22000,45,'SN');
INSERT INTO MENU VALUES ('Overpowered Coffee','Overpowered Coffee created with chili tasted very Hot','Overpowered_Coffee.jpg',45000,114,'SN');
INSERT INTO MENU VALUES ('Fried Soda','Fried Soda created with water tasted very Special','Fried_Soda.jpg',16000,114,'SN');
INSERT INTO MENU VALUES ('Burning Cup','Burning Cup created with vegetable tasted very Shining','Burning_Cup.jpg',12000,113,'FO');
INSERT INTO MENU VALUES ('Nice Syrup','Nice Syrup created with rice tasted very Fried','Nice_Syrup.jpg',42000,85,'FO');
INSERT INTO MENU VALUES ('Shining Rice','Shining Rice created with salt tasted very Spicy','Shining_Rice.jpg',17000,35,'DE');
INSERT INTO MENU VALUES ('Shining Pie','Shining Pie created with leaf tasted very Hot','Shining_Pie.jpg',35000,93,'SN');
INSERT INTO MENU VALUES ('Nice Juice','Nice Juice created with vegetable tasted very Salty','Nice_Juice.jpg',1000,32,'FO');
INSERT INTO MENU VALUES ('Burning Liquor','Burning Liquor created with fruit tasted very Nice','Burning_Liquor.jpg',18000,29,'BE');
INSERT INTO MENU VALUES ('Burning Chicken','Burning Chicken created with sugar tasted very Heavenly','Burning_Chicken.jpg',50000,21,'BE');
INSERT INTO MENU VALUES ('Grilled Soda','Grilled Soda created with potato tasted very Sweet','Grilled_Soda.jpg',50000,115,'FO');
INSERT INTO MENU VALUES ('Nice Chicken','Nice Chicken created with salt tasted very Good','Nice_Chicken.jpg',22000,81,'FO');
INSERT INTO MENU VALUES ('Good Liquor','Good Liquor created with salt tasted very Overpowered','Good_Liquor.jpg',26000,119,'SN');
INSERT INTO MENU VALUES ('Paradise Pizza','Paradise Pizza created with vegetable tasted very Grilled','Paradise_Pizza.jpg',27000,85,'BE');
INSERT INTO MENU VALUES ('Grilled Chicken','Grilled Chicken created with leaf tasted very Grilled','Grilled_Chicken.jpg',12000,59,'SN');
INSERT INTO MENU VALUES ('Sweet Sandwich','Sweet Sandwich created with fruit tasted very Hot','Sweet_Sandwich.jpg',25000,86,'FO');

--KONVERSI
INSERT INTO KONVERSI VALUES ('gram','gram');
INSERT INTO KONVERSI VALUES ('gram','kg');
INSERT INTO KONVERSI VALUES ('gram','lbs');
INSERT INTO KONVERSI VALUES ('gram','oz');
INSERT INTO KONVERSI VALUES ('gram','hg');
INSERT INTO KONVERSI VALUES ('kg','gram');
INSERT INTO KONVERSI VALUES ('kg','kg');
INSERT INTO KONVERSI VALUES ('kg','lbs');
INSERT INTO KONVERSI VALUES ('kg','oz');
INSERT INTO KONVERSI VALUES ('kg','hg');
INSERT INTO KONVERSI VALUES ('lbs','gram');
INSERT INTO KONVERSI VALUES ('lbs','kg');
INSERT INTO KONVERSI VALUES ('lbs','lbs');
INSERT INTO KONVERSI VALUES ('lbs','oz');
INSERT INTO KONVERSI VALUES ('lbs','hg');
INSERT INTO KONVERSI VALUES ('oz','gram');
INSERT INTO KONVERSI VALUES ('oz','kg');
INSERT INTO KONVERSI VALUES ('oz','lbs');
INSERT INTO KONVERSI VALUES ('oz','oz');
INSERT INTO KONVERSI VALUES ('oz','hg');
INSERT INTO KONVERSI VALUES ('hg','gram');
INSERT INTO KONVERSI VALUES ('hg','kg');
INSERT INTO KONVERSI VALUES ('hg','lbs');
INSERT INTO KONVERSI VALUES ('hg','oz');
INSERT INTO KONVERSI VALUES ('hg','hg');

--KONVERSI_BAHAN_BAKU
INSERT INTO KONVERSI_BAHAN_BAKU VALUES ('noodley water','gram','gram',1,1);
INSERT INTO KONVERSI_BAHAN_BAKU VALUES ('noodley water','gram','kg',1000,1);
INSERT INTO KONVERSI_BAHAN_BAKU VALUES ('noodley water','gram','lbs',4536,10);
INSERT INTO KONVERSI_BAHAN_BAKU VALUES ('noodley water','gram','oz',2835,100);
INSERT INTO KONVERSI_BAHAN_BAKU VALUES ('noodley water','gram','hg',100,1);
INSERT INTO KONVERSI_BAHAN_BAKU VALUES ('noodley water','kg','gram',1,1000);
INSERT INTO KONVERSI_BAHAN_BAKU VALUES ('noodley water','kg','kg',1,1);
INSERT INTO KONVERSI_BAHAN_BAKU VALUES ('noodley water','kg','lbs',5,11);
INSERT INTO KONVERSI_BAHAN_BAKU VALUES ('noodley water','kg','oz',500,17637);
INSERT INTO KONVERSI_BAHAN_BAKU VALUES ('noodley water','kg','hg',1,10);
INSERT INTO KONVERSI_BAHAN_BAKU VALUES ('noodley water','lbs','gram',10,4536);
INSERT INTO KONVERSI_BAHAN_BAKU VALUES ('noodley water','lbs','kg',11,5);
INSERT INTO KONVERSI_BAHAN_BAKU VALUES ('noodley water','lbs','lbs',1,1);
INSERT INTO KONVERSI_BAHAN_BAKU VALUES ('noodley water','lbs','oz',1,16);
INSERT INTO KONVERSI_BAHAN_BAKU VALUES ('noodley water','lbs','hg',11,50);
INSERT INTO KONVERSI_BAHAN_BAKU VALUES ('noodley water','oz','gram',100,2835);
INSERT INTO KONVERSI_BAHAN_BAKU VALUES ('noodley water','oz','kg',17637,500);
INSERT INTO KONVERSI_BAHAN_BAKU VALUES ('noodley water','oz','lbs',16,1);
INSERT INTO KONVERSI_BAHAN_BAKU VALUES ('noodley water','oz','oz',1,1);
INSERT INTO KONVERSI_BAHAN_BAKU VALUES ('noodley water','oz','hg',17637,5000);
INSERT INTO KONVERSI_BAHAN_BAKU VALUES ('noodley water','hg','gram',1,100);
INSERT INTO KONVERSI_BAHAN_BAKU VALUES ('noodley water','hg','kg',10,1);
INSERT INTO KONVERSI_BAHAN_BAKU VALUES ('noodley water','hg','lbs',50,11);
INSERT INTO KONVERSI_BAHAN_BAKU VALUES ('noodley water','hg','oz',5000,17637);
INSERT INTO KONVERSI_BAHAN_BAKU VALUES ('noodley water','hg','hg',1,1);
INSERT INTO KONVERSI_BAHAN_BAKU VALUES ('ricey leaf','gram','gram',1,1);
INSERT INTO KONVERSI_BAHAN_BAKU VALUES ('ricey leaf','gram','kg',1000,1);
INSERT INTO KONVERSI_BAHAN_BAKU VALUES ('ricey leaf','gram','lbs',4536,10);
INSERT INTO KONVERSI_BAHAN_BAKU VALUES ('ricey leaf','gram','oz',2835,100);
INSERT INTO KONVERSI_BAHAN_BAKU VALUES ('ricey leaf','gram','hg',100,1);
INSERT INTO KONVERSI_BAHAN_BAKU VALUES ('ricey leaf','kg','gram',1,1000);
INSERT INTO KONVERSI_BAHAN_BAKU VALUES ('ricey leaf','kg','kg',1,1);
INSERT INTO KONVERSI_BAHAN_BAKU VALUES ('ricey leaf','kg','lbs',5,11);
INSERT INTO KONVERSI_BAHAN_BAKU VALUES ('ricey leaf','kg','oz',500,17637);
INSERT INTO KONVERSI_BAHAN_BAKU VALUES ('ricey leaf','kg','hg',1,10);
INSERT INTO KONVERSI_BAHAN_BAKU VALUES ('ricey leaf','lbs','gram',10,4536);
INSERT INTO KONVERSI_BAHAN_BAKU VALUES ('ricey leaf','lbs','kg',11,5);
INSERT INTO KONVERSI_BAHAN_BAKU VALUES ('ricey leaf','lbs','lbs',1,1);
INSERT INTO KONVERSI_BAHAN_BAKU VALUES ('ricey leaf','lbs','oz',1,16);
INSERT INTO KONVERSI_BAHAN_BAKU VALUES ('ricey leaf','lbs','hg',11,50);
INSERT INTO KONVERSI_BAHAN_BAKU VALUES ('ricey leaf','oz','gram',100,2835);
INSERT INTO KONVERSI_BAHAN_BAKU VALUES ('ricey leaf','oz','kg',17637,500);
INSERT INTO KONVERSI_BAHAN_BAKU VALUES ('ricey leaf','oz','lbs',16,1);
INSERT INTO KONVERSI_BAHAN_BAKU VALUES ('ricey leaf','oz','oz',1,1);
INSERT INTO KONVERSI_BAHAN_BAKU VALUES ('ricey leaf','oz','hg',17637,5000);
INSERT INTO KONVERSI_BAHAN_BAKU VALUES ('ricey leaf','hg','gram',1,100);
INSERT INTO KONVERSI_BAHAN_BAKU VALUES ('ricey leaf','hg','kg',10,1);
INSERT INTO KONVERSI_BAHAN_BAKU VALUES ('ricey leaf','hg','lbs',50,11);
INSERT INTO KONVERSI_BAHAN_BAKU VALUES ('ricey leaf','hg','oz',5000,17637);
INSERT INTO KONVERSI_BAHAN_BAKU VALUES ('ricey leaf','hg','hg',1,1);
INSERT INTO KONVERSI_BAHAN_BAKU VALUES ('fruity potato','gram','gram',1,1);
INSERT INTO KONVERSI_BAHAN_BAKU VALUES ('fruity potato','gram','kg',1000,1);
INSERT INTO KONVERSI_BAHAN_BAKU VALUES ('fruity potato','gram','lbs',4536,10);
INSERT INTO KONVERSI_BAHAN_BAKU VALUES ('fruity potato','gram','oz',2835,100);
INSERT INTO KONVERSI_BAHAN_BAKU VALUES ('fruity potato','gram','hg',100,1);
INSERT INTO KONVERSI_BAHAN_BAKU VALUES ('fruity potato','kg','gram',1,1000);
INSERT INTO KONVERSI_BAHAN_BAKU VALUES ('fruity potato','kg','kg',1,1);
INSERT INTO KONVERSI_BAHAN_BAKU VALUES ('fruity potato','kg','lbs',5,11);
INSERT INTO KONVERSI_BAHAN_BAKU VALUES ('fruity potato','kg','oz',500,17637);
INSERT INTO KONVERSI_BAHAN_BAKU VALUES ('fruity potato','kg','hg',1,10);
INSERT INTO KONVERSI_BAHAN_BAKU VALUES ('fruity potato','lbs','gram',10,4536);
INSERT INTO KONVERSI_BAHAN_BAKU VALUES ('fruity potato','lbs','kg',11,5);
INSERT INTO KONVERSI_BAHAN_BAKU VALUES ('fruity potato','lbs','lbs',1,1);
INSERT INTO KONVERSI_BAHAN_BAKU VALUES ('fruity potato','lbs','oz',1,16);
INSERT INTO KONVERSI_BAHAN_BAKU VALUES ('fruity potato','lbs','hg',11,50);
INSERT INTO KONVERSI_BAHAN_BAKU VALUES ('fruity potato','oz','gram',100,2835);
INSERT INTO KONVERSI_BAHAN_BAKU VALUES ('fruity potato','oz','kg',17637,500);
INSERT INTO KONVERSI_BAHAN_BAKU VALUES ('fruity potato','oz','lbs',16,1);
INSERT INTO KONVERSI_BAHAN_BAKU VALUES ('fruity potato','oz','oz',1,1);
INSERT INTO KONVERSI_BAHAN_BAKU VALUES ('fruity potato','oz','hg',17637,5000);
INSERT INTO KONVERSI_BAHAN_BAKU VALUES ('fruity potato','hg','gram',1,100);
INSERT INTO KONVERSI_BAHAN_BAKU VALUES ('fruity potato','hg','kg',10,1);
INSERT INTO KONVERSI_BAHAN_BAKU VALUES ('fruity potato','hg','lbs',50,11);
INSERT INTO KONVERSI_BAHAN_BAKU VALUES ('fruity potato','hg','oz',5000,17637);
INSERT INTO KONVERSI_BAHAN_BAKU VALUES ('fruity potato','hg','hg',1,1);
INSERT INTO KONVERSI_BAHAN_BAKU VALUES ('papricay fruit','gram','gram',1,1);
INSERT INTO KONVERSI_BAHAN_BAKU VALUES ('papricay fruit','gram','kg',1000,1);
INSERT INTO KONVERSI_BAHAN_BAKU VALUES ('papricay fruit','gram','lbs',4536,10);
INSERT INTO KONVERSI_BAHAN_BAKU VALUES ('papricay fruit','gram','oz',2835,100);
INSERT INTO KONVERSI_BAHAN_BAKU VALUES ('papricay fruit','gram','hg',100,1);
INSERT INTO KONVERSI_BAHAN_BAKU VALUES ('papricay fruit','kg','gram',1,1000);
INSERT INTO KONVERSI_BAHAN_BAKU VALUES ('papricay fruit','kg','kg',1,1);
INSERT INTO KONVERSI_BAHAN_BAKU VALUES ('papricay fruit','kg','lbs',5,11);
INSERT INTO KONVERSI_BAHAN_BAKU VALUES ('papricay fruit','kg','oz',500,17637);
INSERT INTO KONVERSI_BAHAN_BAKU VALUES ('papricay fruit','kg','hg',1,10);
INSERT INTO KONVERSI_BAHAN_BAKU VALUES ('papricay fruit','lbs','gram',10,4536);
INSERT INTO KONVERSI_BAHAN_BAKU VALUES ('papricay fruit','lbs','kg',11,5);
INSERT INTO KONVERSI_BAHAN_BAKU VALUES ('papricay fruit','lbs','lbs',1,1);
INSERT INTO KONVERSI_BAHAN_BAKU VALUES ('papricay fruit','lbs','oz',1,16);
INSERT INTO KONVERSI_BAHAN_BAKU VALUES ('papricay fruit','lbs','hg',11,50);
INSERT INTO KONVERSI_BAHAN_BAKU VALUES ('papricay fruit','oz','gram',100,2835);
INSERT INTO KONVERSI_BAHAN_BAKU VALUES ('papricay fruit','oz','kg',17637,500);
INSERT INTO KONVERSI_BAHAN_BAKU VALUES ('papricay fruit','oz','lbs',16,1);
INSERT INTO KONVERSI_BAHAN_BAKU VALUES ('papricay fruit','oz','oz',1,1);
INSERT INTO KONVERSI_BAHAN_BAKU VALUES ('papricay fruit','oz','hg',17637,5000);
INSERT INTO KONVERSI_BAHAN_BAKU VALUES ('papricay fruit','hg','gram',1,100);
INSERT INTO KONVERSI_BAHAN_BAKU VALUES ('papricay fruit','hg','kg',10,1);
INSERT INTO KONVERSI_BAHAN_BAKU VALUES ('papricay fruit','hg','lbs',50,11);
INSERT INTO KONVERSI_BAHAN_BAKU VALUES ('papricay fruit','hg','oz',5000,17637);
INSERT INTO KONVERSI_BAHAN_BAKU VALUES ('papricay fruit','hg','hg',1,1);
INSERT INTO KONVERSI_BAHAN_BAKU VALUES ('ricey sugar','gram','gram',1,1);
INSERT INTO KONVERSI_BAHAN_BAKU VALUES ('ricey sugar','gram','kg',1000,1);
INSERT INTO KONVERSI_BAHAN_BAKU VALUES ('ricey sugar','gram','lbs',4536,10);
INSERT INTO KONVERSI_BAHAN_BAKU VALUES ('ricey sugar','gram','oz',2835,100);
INSERT INTO KONVERSI_BAHAN_BAKU VALUES ('ricey sugar','gram','hg',100,1);
INSERT INTO KONVERSI_BAHAN_BAKU VALUES ('ricey sugar','kg','gram',1,1000);
INSERT INTO KONVERSI_BAHAN_BAKU VALUES ('ricey sugar','kg','kg',1,1);
INSERT INTO KONVERSI_BAHAN_BAKU VALUES ('ricey sugar','kg','lbs',5,11);
INSERT INTO KONVERSI_BAHAN_BAKU VALUES ('ricey sugar','kg','oz',500,17637);
INSERT INTO KONVERSI_BAHAN_BAKU VALUES ('ricey sugar','kg','hg',1,10);
INSERT INTO KONVERSI_BAHAN_BAKU VALUES ('ricey sugar','lbs','gram',10,4536);
INSERT INTO KONVERSI_BAHAN_BAKU VALUES ('ricey sugar','lbs','kg',11,5);
INSERT INTO KONVERSI_BAHAN_BAKU VALUES ('ricey sugar','lbs','lbs',1,1);
INSERT INTO KONVERSI_BAHAN_BAKU VALUES ('ricey sugar','lbs','oz',1,16);
INSERT INTO KONVERSI_BAHAN_BAKU VALUES ('ricey sugar','lbs','hg',11,50);
INSERT INTO KONVERSI_BAHAN_BAKU VALUES ('ricey sugar','oz','gram',100,2835);
INSERT INTO KONVERSI_BAHAN_BAKU VALUES ('ricey sugar','oz','kg',17637,500);
INSERT INTO KONVERSI_BAHAN_BAKU VALUES ('ricey sugar','oz','lbs',16,1);
INSERT INTO KONVERSI_BAHAN_BAKU VALUES ('ricey sugar','oz','oz',1,1);
INSERT INTO KONVERSI_BAHAN_BAKU VALUES ('ricey sugar','oz','hg',17637,5000);
INSERT INTO KONVERSI_BAHAN_BAKU VALUES ('ricey sugar','hg','gram',1,100);
INSERT INTO KONVERSI_BAHAN_BAKU VALUES ('ricey sugar','hg','kg',10,1);
INSERT INTO KONVERSI_BAHAN_BAKU VALUES ('ricey sugar','hg','lbs',50,11);
INSERT INTO KONVERSI_BAHAN_BAKU VALUES ('ricey sugar','hg','oz',5000,17637);
INSERT INTO KONVERSI_BAHAN_BAKU VALUES ('ricey sugar','hg','hg',1,1);
INSERT INTO KONVERSI_BAHAN_BAKU VALUES ('papricay sugar','gram','gram',1,1);
INSERT INTO KONVERSI_BAHAN_BAKU VALUES ('papricay sugar','gram','kg',1000,1);
INSERT INTO KONVERSI_BAHAN_BAKU VALUES ('papricay sugar','gram','lbs',4536,10);
INSERT INTO KONVERSI_BAHAN_BAKU VALUES ('papricay sugar','gram','oz',2835,100);
INSERT INTO KONVERSI_BAHAN_BAKU VALUES ('papricay sugar','gram','hg',100,1);
INSERT INTO KONVERSI_BAHAN_BAKU VALUES ('papricay sugar','kg','gram',1,1000);
INSERT INTO KONVERSI_BAHAN_BAKU VALUES ('papricay sugar','kg','kg',1,1);
INSERT INTO KONVERSI_BAHAN_BAKU VALUES ('papricay sugar','kg','lbs',5,11);
INSERT INTO KONVERSI_BAHAN_BAKU VALUES ('papricay sugar','kg','oz',500,17637);
INSERT INTO KONVERSI_BAHAN_BAKU VALUES ('papricay sugar','kg','hg',1,10);
INSERT INTO KONVERSI_BAHAN_BAKU VALUES ('papricay sugar','lbs','gram',10,4536);
INSERT INTO KONVERSI_BAHAN_BAKU VALUES ('papricay sugar','lbs','kg',11,5);
INSERT INTO KONVERSI_BAHAN_BAKU VALUES ('papricay sugar','lbs','lbs',1,1);
INSERT INTO KONVERSI_BAHAN_BAKU VALUES ('papricay sugar','lbs','oz',1,16);
INSERT INTO KONVERSI_BAHAN_BAKU VALUES ('papricay sugar','lbs','hg',11,50);
INSERT INTO KONVERSI_BAHAN_BAKU VALUES ('papricay sugar','oz','gram',100,2835);
INSERT INTO KONVERSI_BAHAN_BAKU VALUES ('papricay sugar','oz','kg',17637,500);
INSERT INTO KONVERSI_BAHAN_BAKU VALUES ('papricay sugar','oz','lbs',16,1);
INSERT INTO KONVERSI_BAHAN_BAKU VALUES ('papricay sugar','oz','oz',1,1);
INSERT INTO KONVERSI_BAHAN_BAKU VALUES ('papricay sugar','oz','hg',17637,5000);
INSERT INTO KONVERSI_BAHAN_BAKU VALUES ('papricay sugar','hg','gram',1,100);
INSERT INTO KONVERSI_BAHAN_BAKU VALUES ('papricay sugar','hg','kg',10,1);
INSERT INTO KONVERSI_BAHAN_BAKU VALUES ('papricay sugar','hg','lbs',50,11);
INSERT INTO KONVERSI_BAHAN_BAKU VALUES ('papricay sugar','hg','oz',5000,17637);
INSERT INTO KONVERSI_BAHAN_BAKU VALUES ('papricay sugar','hg','hg',1,1);
INSERT INTO KONVERSI_BAHAN_BAKU VALUES ('potatoy water','gram','gram',1,1);
INSERT INTO KONVERSI_BAHAN_BAKU VALUES ('potatoy water','gram','kg',1000,1);
INSERT INTO KONVERSI_BAHAN_BAKU VALUES ('potatoy water','gram','lbs',4536,10);
INSERT INTO KONVERSI_BAHAN_BAKU VALUES ('potatoy water','gram','oz',2835,100);
INSERT INTO KONVERSI_BAHAN_BAKU VALUES ('potatoy water','gram','hg',100,1);
INSERT INTO KONVERSI_BAHAN_BAKU VALUES ('potatoy water','kg','gram',1,1000);
INSERT INTO KONVERSI_BAHAN_BAKU VALUES ('potatoy water','kg','kg',1,1);
INSERT INTO KONVERSI_BAHAN_BAKU VALUES ('potatoy water','kg','lbs',5,11);
INSERT INTO KONVERSI_BAHAN_BAKU VALUES ('potatoy water','kg','oz',500,17637);
INSERT INTO KONVERSI_BAHAN_BAKU VALUES ('potatoy water','kg','hg',1,10);
INSERT INTO KONVERSI_BAHAN_BAKU VALUES ('potatoy water','lbs','gram',10,4536);
INSERT INTO KONVERSI_BAHAN_BAKU VALUES ('potatoy water','lbs','kg',11,5);
INSERT INTO KONVERSI_BAHAN_BAKU VALUES ('potatoy water','lbs','lbs',1,1);
INSERT INTO KONVERSI_BAHAN_BAKU VALUES ('potatoy water','lbs','oz',1,16);
INSERT INTO KONVERSI_BAHAN_BAKU VALUES ('potatoy water','lbs','hg',11,50);
INSERT INTO KONVERSI_BAHAN_BAKU VALUES ('potatoy water','oz','gram',100,2835);
INSERT INTO KONVERSI_BAHAN_BAKU VALUES ('potatoy water','oz','kg',17637,500);
INSERT INTO KONVERSI_BAHAN_BAKU VALUES ('potatoy water','oz','lbs',16,1);
INSERT INTO KONVERSI_BAHAN_BAKU VALUES ('potatoy water','oz','oz',1,1);
INSERT INTO KONVERSI_BAHAN_BAKU VALUES ('potatoy water','oz','hg',17637,5000);
INSERT INTO KONVERSI_BAHAN_BAKU VALUES ('potatoy water','hg','gram',1,100);
INSERT INTO KONVERSI_BAHAN_BAKU VALUES ('potatoy water','hg','kg',10,1);
INSERT INTO KONVERSI_BAHAN_BAKU VALUES ('potatoy water','hg','lbs',50,11);
INSERT INTO KONVERSI_BAHAN_BAKU VALUES ('potatoy water','hg','oz',5000,17637);
INSERT INTO KONVERSI_BAHAN_BAKU VALUES ('potatoy water','hg','hg',1,1);
INSERT INTO KONVERSI_BAHAN_BAKU VALUES ('sugary water','gram','gram',1,1);
INSERT INTO KONVERSI_BAHAN_BAKU VALUES ('sugary water','gram','kg',1000,1);
INSERT INTO KONVERSI_BAHAN_BAKU VALUES ('sugary water','gram','lbs',4536,10);
INSERT INTO KONVERSI_BAHAN_BAKU VALUES ('sugary water','gram','oz',2835,100);
INSERT INTO KONVERSI_BAHAN_BAKU VALUES ('sugary water','gram','hg',100,1);
INSERT INTO KONVERSI_BAHAN_BAKU VALUES ('sugary water','kg','gram',1,1000);
INSERT INTO KONVERSI_BAHAN_BAKU VALUES ('sugary water','kg','kg',1,1);
INSERT INTO KONVERSI_BAHAN_BAKU VALUES ('sugary water','kg','lbs',5,11);
INSERT INTO KONVERSI_BAHAN_BAKU VALUES ('sugary water','kg','oz',500,17637);
INSERT INTO KONVERSI_BAHAN_BAKU VALUES ('sugary water','kg','hg',1,10);
INSERT INTO KONVERSI_BAHAN_BAKU VALUES ('sugary water','lbs','gram',10,4536);
INSERT INTO KONVERSI_BAHAN_BAKU VALUES ('sugary water','lbs','kg',11,5);
INSERT INTO KONVERSI_BAHAN_BAKU VALUES ('sugary water','lbs','lbs',1,1);
INSERT INTO KONVERSI_BAHAN_BAKU VALUES ('sugary water','lbs','oz',1,16);
INSERT INTO KONVERSI_BAHAN_BAKU VALUES ('sugary water','lbs','hg',11,50);
INSERT INTO KONVERSI_BAHAN_BAKU VALUES ('sugary water','oz','gram',100,2835);
INSERT INTO KONVERSI_BAHAN_BAKU VALUES ('sugary water','oz','kg',17637,500);
INSERT INTO KONVERSI_BAHAN_BAKU VALUES ('sugary water','oz','lbs',16,1);
INSERT INTO KONVERSI_BAHAN_BAKU VALUES ('sugary water','oz','oz',1,1);
INSERT INTO KONVERSI_BAHAN_BAKU VALUES ('sugary water','oz','hg',17637,5000);
INSERT INTO KONVERSI_BAHAN_BAKU VALUES ('sugary water','hg','gram',1,100);
INSERT INTO KONVERSI_BAHAN_BAKU VALUES ('sugary water','hg','kg',10,1);
INSERT INTO KONVERSI_BAHAN_BAKU VALUES ('sugary water','hg','lbs',50,11);
INSERT INTO KONVERSI_BAHAN_BAKU VALUES ('sugary water','hg','oz',5000,17637);
INSERT INTO KONVERSI_BAHAN_BAKU VALUES ('sugary water','hg','hg',1,1);
INSERT INTO KONVERSI_BAHAN_BAKU VALUES ('potatoy rice','gram','gram',1,1);
INSERT INTO KONVERSI_BAHAN_BAKU VALUES ('potatoy rice','gram','kg',1000,1);
INSERT INTO KONVERSI_BAHAN_BAKU VALUES ('potatoy rice','gram','lbs',4536,10);
INSERT INTO KONVERSI_BAHAN_BAKU VALUES ('potatoy rice','gram','oz',2835,100);
INSERT INTO KONVERSI_BAHAN_BAKU VALUES ('potatoy rice','gram','hg',100,1);
INSERT INTO KONVERSI_BAHAN_BAKU VALUES ('potatoy rice','kg','gram',1,1000);
INSERT INTO KONVERSI_BAHAN_BAKU VALUES ('potatoy rice','kg','kg',1,1);
INSERT INTO KONVERSI_BAHAN_BAKU VALUES ('potatoy rice','kg','lbs',5,11);
INSERT INTO KONVERSI_BAHAN_BAKU VALUES ('potatoy rice','kg','oz',500,17637);
INSERT INTO KONVERSI_BAHAN_BAKU VALUES ('potatoy rice','kg','hg',1,10);
INSERT INTO KONVERSI_BAHAN_BAKU VALUES ('potatoy rice','lbs','gram',10,4536);
INSERT INTO KONVERSI_BAHAN_BAKU VALUES ('potatoy rice','lbs','kg',11,5);
INSERT INTO KONVERSI_BAHAN_BAKU VALUES ('potatoy rice','lbs','lbs',1,1);
INSERT INTO KONVERSI_BAHAN_BAKU VALUES ('potatoy rice','lbs','oz',1,16);
INSERT INTO KONVERSI_BAHAN_BAKU VALUES ('potatoy rice','lbs','hg',11,50);
INSERT INTO KONVERSI_BAHAN_BAKU VALUES ('potatoy rice','oz','gram',100,2835);
INSERT INTO KONVERSI_BAHAN_BAKU VALUES ('potatoy rice','oz','kg',17637,500);
INSERT INTO KONVERSI_BAHAN_BAKU VALUES ('potatoy rice','oz','lbs',16,1);
INSERT INTO KONVERSI_BAHAN_BAKU VALUES ('potatoy rice','oz','oz',1,1);
INSERT INTO KONVERSI_BAHAN_BAKU VALUES ('potatoy rice','oz','hg',17637,5000);
INSERT INTO KONVERSI_BAHAN_BAKU VALUES ('potatoy rice','hg','gram',1,100);
INSERT INTO KONVERSI_BAHAN_BAKU VALUES ('potatoy rice','hg','kg',10,1);
INSERT INTO KONVERSI_BAHAN_BAKU VALUES ('potatoy rice','hg','lbs',50,11);
INSERT INTO KONVERSI_BAHAN_BAKU VALUES ('potatoy rice','hg','oz',5000,17637);
INSERT INTO KONVERSI_BAHAN_BAKU VALUES ('potatoy rice','hg','hg',1,1);
INSERT INTO KONVERSI_BAHAN_BAKU VALUES ('salty chili','gram','gram',1,1);
INSERT INTO KONVERSI_BAHAN_BAKU VALUES ('salty chili','gram','kg',1000,1);
INSERT INTO KONVERSI_BAHAN_BAKU VALUES ('salty chili','gram','lbs',4536,10);
INSERT INTO KONVERSI_BAHAN_BAKU VALUES ('salty chili','gram','oz',2835,100);
INSERT INTO KONVERSI_BAHAN_BAKU VALUES ('salty chili','gram','hg',100,1);
INSERT INTO KONVERSI_BAHAN_BAKU VALUES ('salty chili','kg','gram',1,1000);
INSERT INTO KONVERSI_BAHAN_BAKU VALUES ('salty chili','kg','kg',1,1);
INSERT INTO KONVERSI_BAHAN_BAKU VALUES ('salty chili','kg','lbs',5,11);
INSERT INTO KONVERSI_BAHAN_BAKU VALUES ('salty chili','kg','oz',500,17637);
INSERT INTO KONVERSI_BAHAN_BAKU VALUES ('salty chili','kg','hg',1,10);
INSERT INTO KONVERSI_BAHAN_BAKU VALUES ('salty chili','lbs','gram',10,4536);
INSERT INTO KONVERSI_BAHAN_BAKU VALUES ('salty chili','lbs','kg',11,5);
INSERT INTO KONVERSI_BAHAN_BAKU VALUES ('salty chili','lbs','lbs',1,1);
INSERT INTO KONVERSI_BAHAN_BAKU VALUES ('salty chili','lbs','oz',1,16);
INSERT INTO KONVERSI_BAHAN_BAKU VALUES ('salty chili','lbs','hg',11,50);
INSERT INTO KONVERSI_BAHAN_BAKU VALUES ('salty chili','oz','gram',100,2835);
INSERT INTO KONVERSI_BAHAN_BAKU VALUES ('salty chili','oz','kg',17637,500);
INSERT INTO KONVERSI_BAHAN_BAKU VALUES ('salty chili','oz','lbs',16,1);
INSERT INTO KONVERSI_BAHAN_BAKU VALUES ('salty chili','oz','oz',1,1);
INSERT INTO KONVERSI_BAHAN_BAKU VALUES ('salty chili','oz','hg',17637,5000);
INSERT INTO KONVERSI_BAHAN_BAKU VALUES ('salty chili','hg','gram',1,100);
INSERT INTO KONVERSI_BAHAN_BAKU VALUES ('salty chili','hg','kg',10,1);
INSERT INTO KONVERSI_BAHAN_BAKU VALUES ('salty chili','hg','lbs',50,11);
INSERT INTO KONVERSI_BAHAN_BAKU VALUES ('salty chili','hg','oz',5000,17637);
INSERT INTO KONVERSI_BAHAN_BAKU VALUES ('salty chili','hg','hg',1,1);
INSERT INTO KONVERSI_BAHAN_BAKU VALUES ('chiliy sugar','gram','gram',1,1);
INSERT INTO KONVERSI_BAHAN_BAKU VALUES ('chiliy sugar','gram','kg',1000,1);
INSERT INTO KONVERSI_BAHAN_BAKU VALUES ('chiliy sugar','gram','lbs',4536,10);
INSERT INTO KONVERSI_BAHAN_BAKU VALUES ('chiliy sugar','gram','oz',2835,100);
INSERT INTO KONVERSI_BAHAN_BAKU VALUES ('chiliy sugar','gram','hg',100,1);
INSERT INTO KONVERSI_BAHAN_BAKU VALUES ('chiliy sugar','kg','gram',1,1000);
INSERT INTO KONVERSI_BAHAN_BAKU VALUES ('chiliy sugar','kg','kg',1,1);
INSERT INTO KONVERSI_BAHAN_BAKU VALUES ('chiliy sugar','kg','lbs',5,11);
INSERT INTO KONVERSI_BAHAN_BAKU VALUES ('chiliy sugar','kg','oz',500,17637);
INSERT INTO KONVERSI_BAHAN_BAKU VALUES ('chiliy sugar','kg','hg',1,10);
INSERT INTO KONVERSI_BAHAN_BAKU VALUES ('chiliy sugar','lbs','gram',10,4536);
INSERT INTO KONVERSI_BAHAN_BAKU VALUES ('chiliy sugar','lbs','kg',11,5);
INSERT INTO KONVERSI_BAHAN_BAKU VALUES ('chiliy sugar','lbs','lbs',1,1);
INSERT INTO KONVERSI_BAHAN_BAKU VALUES ('chiliy sugar','lbs','oz',1,16);
INSERT INTO KONVERSI_BAHAN_BAKU VALUES ('chiliy sugar','lbs','hg',11,50);
INSERT INTO KONVERSI_BAHAN_BAKU VALUES ('chiliy sugar','oz','gram',100,2835);
INSERT INTO KONVERSI_BAHAN_BAKU VALUES ('chiliy sugar','oz','kg',17637,500);
INSERT INTO KONVERSI_BAHAN_BAKU VALUES ('chiliy sugar','oz','lbs',16,1);
INSERT INTO KONVERSI_BAHAN_BAKU VALUES ('chiliy sugar','oz','oz',1,1);
INSERT INTO KONVERSI_BAHAN_BAKU VALUES ('chiliy sugar','oz','hg',17637,5000);
INSERT INTO KONVERSI_BAHAN_BAKU VALUES ('chiliy sugar','hg','gram',1,100);
INSERT INTO KONVERSI_BAHAN_BAKU VALUES ('chiliy sugar','hg','kg',10,1);
INSERT INTO KONVERSI_BAHAN_BAKU VALUES ('chiliy sugar','hg','lbs',50,11);
INSERT INTO KONVERSI_BAHAN_BAKU VALUES ('chiliy sugar','hg','oz',5000,17637);
INSERT INTO KONVERSI_BAHAN_BAKU VALUES ('chiliy sugar','hg','hg',1,1);
INSERT INTO KONVERSI_BAHAN_BAKU VALUES ('papricay vegetable','gram','gram',1,1);
INSERT INTO KONVERSI_BAHAN_BAKU VALUES ('papricay vegetable','gram','kg',1000,1);
INSERT INTO KONVERSI_BAHAN_BAKU VALUES ('papricay vegetable','gram','lbs',4536,10);
INSERT INTO KONVERSI_BAHAN_BAKU VALUES ('papricay vegetable','gram','oz',2835,100);
INSERT INTO KONVERSI_BAHAN_BAKU VALUES ('papricay vegetable','gram','hg',100,1);
INSERT INTO KONVERSI_BAHAN_BAKU VALUES ('papricay vegetable','kg','gram',1,1000);
INSERT INTO KONVERSI_BAHAN_BAKU VALUES ('papricay vegetable','kg','kg',1,1);
INSERT INTO KONVERSI_BAHAN_BAKU VALUES ('papricay vegetable','kg','lbs',5,11);
INSERT INTO KONVERSI_BAHAN_BAKU VALUES ('papricay vegetable','kg','oz',500,17637);
INSERT INTO KONVERSI_BAHAN_BAKU VALUES ('papricay vegetable','kg','hg',1,10);
INSERT INTO KONVERSI_BAHAN_BAKU VALUES ('papricay vegetable','lbs','gram',10,4536);
INSERT INTO KONVERSI_BAHAN_BAKU VALUES ('papricay vegetable','lbs','kg',11,5);
INSERT INTO KONVERSI_BAHAN_BAKU VALUES ('papricay vegetable','lbs','lbs',1,1);
INSERT INTO KONVERSI_BAHAN_BAKU VALUES ('papricay vegetable','lbs','oz',1,16);
INSERT INTO KONVERSI_BAHAN_BAKU VALUES ('papricay vegetable','lbs','hg',11,50);
INSERT INTO KONVERSI_BAHAN_BAKU VALUES ('papricay vegetable','oz','gram',100,2835);
INSERT INTO KONVERSI_BAHAN_BAKU VALUES ('papricay vegetable','oz','kg',17637,500);
INSERT INTO KONVERSI_BAHAN_BAKU VALUES ('papricay vegetable','oz','lbs',16,1);
INSERT INTO KONVERSI_BAHAN_BAKU VALUES ('papricay vegetable','oz','oz',1,1);
INSERT INTO KONVERSI_BAHAN_BAKU VALUES ('papricay vegetable','oz','hg',17637,5000);
INSERT INTO KONVERSI_BAHAN_BAKU VALUES ('papricay vegetable','hg','gram',1,100);
INSERT INTO KONVERSI_BAHAN_BAKU VALUES ('papricay vegetable','hg','kg',10,1);
INSERT INTO KONVERSI_BAHAN_BAKU VALUES ('papricay vegetable','hg','lbs',50,11);
INSERT INTO KONVERSI_BAHAN_BAKU VALUES ('papricay vegetable','hg','oz',5000,17637);
INSERT INTO KONVERSI_BAHAN_BAKU VALUES ('papricay vegetable','hg','hg',1,1);
INSERT INTO KONVERSI_BAHAN_BAKU VALUES ('noodley chili','gram','gram',1,1);
INSERT INTO KONVERSI_BAHAN_BAKU VALUES ('noodley chili','gram','kg',1000,1);
INSERT INTO KONVERSI_BAHAN_BAKU VALUES ('noodley chili','gram','lbs',4536,10);
INSERT INTO KONVERSI_BAHAN_BAKU VALUES ('noodley chili','gram','oz',2835,100);
INSERT INTO KONVERSI_BAHAN_BAKU VALUES ('noodley chili','gram','hg',100,1);
INSERT INTO KONVERSI_BAHAN_BAKU VALUES ('noodley chili','kg','gram',1,1000);
INSERT INTO KONVERSI_BAHAN_BAKU VALUES ('noodley chili','kg','kg',1,1);
INSERT INTO KONVERSI_BAHAN_BAKU VALUES ('noodley chili','kg','lbs',5,11);
INSERT INTO KONVERSI_BAHAN_BAKU VALUES ('noodley chili','kg','oz',500,17637);
INSERT INTO KONVERSI_BAHAN_BAKU VALUES ('noodley chili','kg','hg',1,10);
INSERT INTO KONVERSI_BAHAN_BAKU VALUES ('noodley chili','lbs','gram',10,4536);
INSERT INTO KONVERSI_BAHAN_BAKU VALUES ('noodley chili','lbs','kg',11,5);
INSERT INTO KONVERSI_BAHAN_BAKU VALUES ('noodley chili','lbs','lbs',1,1);
INSERT INTO KONVERSI_BAHAN_BAKU VALUES ('noodley chili','lbs','oz',1,16);
INSERT INTO KONVERSI_BAHAN_BAKU VALUES ('noodley chili','lbs','hg',11,50);
INSERT INTO KONVERSI_BAHAN_BAKU VALUES ('noodley chili','oz','gram',100,2835);
INSERT INTO KONVERSI_BAHAN_BAKU VALUES ('noodley chili','oz','kg',17637,500);
INSERT INTO KONVERSI_BAHAN_BAKU VALUES ('noodley chili','oz','lbs',16,1);
INSERT INTO KONVERSI_BAHAN_BAKU VALUES ('noodley chili','oz','oz',1,1);
INSERT INTO KONVERSI_BAHAN_BAKU VALUES ('noodley chili','oz','hg',17637,5000);
INSERT INTO KONVERSI_BAHAN_BAKU VALUES ('noodley chili','hg','gram',1,100);
INSERT INTO KONVERSI_BAHAN_BAKU VALUES ('noodley chili','hg','kg',10,1);
INSERT INTO KONVERSI_BAHAN_BAKU VALUES ('noodley chili','hg','lbs',50,11);
INSERT INTO KONVERSI_BAHAN_BAKU VALUES ('noodley chili','hg','oz',5000,17637);
INSERT INTO KONVERSI_BAHAN_BAKU VALUES ('noodley chili','hg','hg',1,1);
INSERT INTO KONVERSI_BAHAN_BAKU VALUES ('fruity salt','gram','gram',1,1);
INSERT INTO KONVERSI_BAHAN_BAKU VALUES ('fruity salt','gram','kg',1000,1);
INSERT INTO KONVERSI_BAHAN_BAKU VALUES ('fruity salt','gram','lbs',4536,10);
INSERT INTO KONVERSI_BAHAN_BAKU VALUES ('fruity salt','gram','oz',2835,100);
INSERT INTO KONVERSI_BAHAN_BAKU VALUES ('fruity salt','gram','hg',100,1);
INSERT INTO KONVERSI_BAHAN_BAKU VALUES ('fruity salt','kg','gram',1,1000);
INSERT INTO KONVERSI_BAHAN_BAKU VALUES ('fruity salt','kg','kg',1,1);
INSERT INTO KONVERSI_BAHAN_BAKU VALUES ('fruity salt','kg','lbs',5,11);
INSERT INTO KONVERSI_BAHAN_BAKU VALUES ('fruity salt','kg','oz',500,17637);
INSERT INTO KONVERSI_BAHAN_BAKU VALUES ('fruity salt','kg','hg',1,10);
INSERT INTO KONVERSI_BAHAN_BAKU VALUES ('fruity salt','lbs','gram',10,4536);
INSERT INTO KONVERSI_BAHAN_BAKU VALUES ('fruity salt','lbs','kg',11,5);
INSERT INTO KONVERSI_BAHAN_BAKU VALUES ('fruity salt','lbs','lbs',1,1);
INSERT INTO KONVERSI_BAHAN_BAKU VALUES ('fruity salt','lbs','oz',1,16);
INSERT INTO KONVERSI_BAHAN_BAKU VALUES ('fruity salt','lbs','hg',11,50);
INSERT INTO KONVERSI_BAHAN_BAKU VALUES ('fruity salt','oz','gram',100,2835);
INSERT INTO KONVERSI_BAHAN_BAKU VALUES ('fruity salt','oz','kg',17637,500);
INSERT INTO KONVERSI_BAHAN_BAKU VALUES ('fruity salt','oz','lbs',16,1);
INSERT INTO KONVERSI_BAHAN_BAKU VALUES ('fruity salt','oz','oz',1,1);
INSERT INTO KONVERSI_BAHAN_BAKU VALUES ('fruity salt','oz','hg',17637,5000);
INSERT INTO KONVERSI_BAHAN_BAKU VALUES ('fruity salt','hg','gram',1,100);
INSERT INTO KONVERSI_BAHAN_BAKU VALUES ('fruity salt','hg','kg',10,1);
INSERT INTO KONVERSI_BAHAN_BAKU VALUES ('fruity salt','hg','lbs',50,11);
INSERT INTO KONVERSI_BAHAN_BAKU VALUES ('fruity salt','hg','oz',5000,17637);
INSERT INTO KONVERSI_BAHAN_BAKU VALUES ('fruity salt','hg','hg',1,1);
INSERT INTO KONVERSI_BAHAN_BAKU VALUES ('potatoy paprica','gram','gram',1,1);
INSERT INTO KONVERSI_BAHAN_BAKU VALUES ('potatoy paprica','gram','kg',1000,1);
INSERT INTO KONVERSI_BAHAN_BAKU VALUES ('potatoy paprica','gram','lbs',4536,10);
INSERT INTO KONVERSI_BAHAN_BAKU VALUES ('potatoy paprica','gram','oz',2835,100);
INSERT INTO KONVERSI_BAHAN_BAKU VALUES ('potatoy paprica','gram','hg',100,1);
INSERT INTO KONVERSI_BAHAN_BAKU VALUES ('potatoy paprica','kg','gram',1,1000);
INSERT INTO KONVERSI_BAHAN_BAKU VALUES ('potatoy paprica','kg','kg',1,1);
INSERT INTO KONVERSI_BAHAN_BAKU VALUES ('potatoy paprica','kg','lbs',5,11);
INSERT INTO KONVERSI_BAHAN_BAKU VALUES ('potatoy paprica','kg','oz',500,17637);
INSERT INTO KONVERSI_BAHAN_BAKU VALUES ('potatoy paprica','kg','hg',1,10);
INSERT INTO KONVERSI_BAHAN_BAKU VALUES ('potatoy paprica','lbs','gram',10,4536);
INSERT INTO KONVERSI_BAHAN_BAKU VALUES ('potatoy paprica','lbs','kg',11,5);
INSERT INTO KONVERSI_BAHAN_BAKU VALUES ('potatoy paprica','lbs','lbs',1,1);
INSERT INTO KONVERSI_BAHAN_BAKU VALUES ('potatoy paprica','lbs','oz',1,16);
INSERT INTO KONVERSI_BAHAN_BAKU VALUES ('potatoy paprica','lbs','hg',11,50);
INSERT INTO KONVERSI_BAHAN_BAKU VALUES ('potatoy paprica','oz','gram',100,2835);
INSERT INTO KONVERSI_BAHAN_BAKU VALUES ('potatoy paprica','oz','kg',17637,500);
INSERT INTO KONVERSI_BAHAN_BAKU VALUES ('potatoy paprica','oz','lbs',16,1);
INSERT INTO KONVERSI_BAHAN_BAKU VALUES ('potatoy paprica','oz','oz',1,1);
INSERT INTO KONVERSI_BAHAN_BAKU VALUES ('potatoy paprica','oz','hg',17637,5000);
INSERT INTO KONVERSI_BAHAN_BAKU VALUES ('potatoy paprica','hg','gram',1,100);
INSERT INTO KONVERSI_BAHAN_BAKU VALUES ('potatoy paprica','hg','kg',10,1);
INSERT INTO KONVERSI_BAHAN_BAKU VALUES ('potatoy paprica','hg','lbs',50,11);
INSERT INTO KONVERSI_BAHAN_BAKU VALUES ('potatoy paprica','hg','oz',5000,17637);
INSERT INTO KONVERSI_BAHAN_BAKU VALUES ('potatoy paprica','hg','hg',1,1);
INSERT INTO KONVERSI_BAHAN_BAKU VALUES ('potatoy potato','gram','gram',1,1);
INSERT INTO KONVERSI_BAHAN_BAKU VALUES ('potatoy potato','gram','kg',1000,1);
INSERT INTO KONVERSI_BAHAN_BAKU VALUES ('potatoy potato','gram','lbs',4536,10);
INSERT INTO KONVERSI_BAHAN_BAKU VALUES ('potatoy potato','gram','oz',2835,100);
INSERT INTO KONVERSI_BAHAN_BAKU VALUES ('potatoy potato','gram','hg',100,1);
INSERT INTO KONVERSI_BAHAN_BAKU VALUES ('potatoy potato','kg','gram',1,1000);
INSERT INTO KONVERSI_BAHAN_BAKU VALUES ('potatoy potato','kg','kg',1,1);
INSERT INTO KONVERSI_BAHAN_BAKU VALUES ('potatoy potato','kg','lbs',5,11);
INSERT INTO KONVERSI_BAHAN_BAKU VALUES ('potatoy potato','kg','oz',500,17637);
INSERT INTO KONVERSI_BAHAN_BAKU VALUES ('potatoy potato','kg','hg',1,10);
INSERT INTO KONVERSI_BAHAN_BAKU VALUES ('potatoy potato','lbs','gram',10,4536);
INSERT INTO KONVERSI_BAHAN_BAKU VALUES ('potatoy potato','lbs','kg',11,5);
INSERT INTO KONVERSI_BAHAN_BAKU VALUES ('potatoy potato','lbs','lbs',1,1);
INSERT INTO KONVERSI_BAHAN_BAKU VALUES ('potatoy potato','lbs','oz',1,16);
INSERT INTO KONVERSI_BAHAN_BAKU VALUES ('potatoy potato','lbs','hg',11,50);
INSERT INTO KONVERSI_BAHAN_BAKU VALUES ('potatoy potato','oz','gram',100,2835);
INSERT INTO KONVERSI_BAHAN_BAKU VALUES ('potatoy potato','oz','kg',17637,500);
INSERT INTO KONVERSI_BAHAN_BAKU VALUES ('potatoy potato','oz','lbs',16,1);
INSERT INTO KONVERSI_BAHAN_BAKU VALUES ('potatoy potato','oz','oz',1,1);
INSERT INTO KONVERSI_BAHAN_BAKU VALUES ('potatoy potato','oz','hg',17637,5000);
INSERT INTO KONVERSI_BAHAN_BAKU VALUES ('potatoy potato','hg','gram',1,100);
INSERT INTO KONVERSI_BAHAN_BAKU VALUES ('potatoy potato','hg','kg',10,1);
INSERT INTO KONVERSI_BAHAN_BAKU VALUES ('potatoy potato','hg','lbs',50,11);
INSERT INTO KONVERSI_BAHAN_BAKU VALUES ('potatoy potato','hg','oz',5000,17637);
INSERT INTO KONVERSI_BAHAN_BAKU VALUES ('potatoy potato','hg','hg',1,1);
INSERT INTO KONVERSI_BAHAN_BAKU VALUES ('vegetabley paprica','gram','gram',1,1);
INSERT INTO KONVERSI_BAHAN_BAKU VALUES ('vegetabley paprica','gram','kg',1000,1);
INSERT INTO KONVERSI_BAHAN_BAKU VALUES ('vegetabley paprica','gram','lbs',4536,10);
INSERT INTO KONVERSI_BAHAN_BAKU VALUES ('vegetabley paprica','gram','oz',2835,100);
INSERT INTO KONVERSI_BAHAN_BAKU VALUES ('vegetabley paprica','gram','hg',100,1);
INSERT INTO KONVERSI_BAHAN_BAKU VALUES ('vegetabley paprica','kg','gram',1,1000);
INSERT INTO KONVERSI_BAHAN_BAKU VALUES ('vegetabley paprica','kg','kg',1,1);
INSERT INTO KONVERSI_BAHAN_BAKU VALUES ('vegetabley paprica','kg','lbs',5,11);
INSERT INTO KONVERSI_BAHAN_BAKU VALUES ('vegetabley paprica','kg','oz',500,17637);
INSERT INTO KONVERSI_BAHAN_BAKU VALUES ('vegetabley paprica','kg','hg',1,10);
INSERT INTO KONVERSI_BAHAN_BAKU VALUES ('vegetabley paprica','lbs','gram',10,4536);
INSERT INTO KONVERSI_BAHAN_BAKU VALUES ('vegetabley paprica','lbs','kg',11,5);
INSERT INTO KONVERSI_BAHAN_BAKU VALUES ('vegetabley paprica','lbs','lbs',1,1);
INSERT INTO KONVERSI_BAHAN_BAKU VALUES ('vegetabley paprica','lbs','oz',1,16);
INSERT INTO KONVERSI_BAHAN_BAKU VALUES ('vegetabley paprica','lbs','hg',11,50);
INSERT INTO KONVERSI_BAHAN_BAKU VALUES ('vegetabley paprica','oz','gram',100,2835);
INSERT INTO KONVERSI_BAHAN_BAKU VALUES ('vegetabley paprica','oz','kg',17637,500);
INSERT INTO KONVERSI_BAHAN_BAKU VALUES ('vegetabley paprica','oz','lbs',16,1);
INSERT INTO KONVERSI_BAHAN_BAKU VALUES ('vegetabley paprica','oz','oz',1,1);
INSERT INTO KONVERSI_BAHAN_BAKU VALUES ('vegetabley paprica','oz','hg',17637,5000);
INSERT INTO KONVERSI_BAHAN_BAKU VALUES ('vegetabley paprica','hg','gram',1,100);
INSERT INTO KONVERSI_BAHAN_BAKU VALUES ('vegetabley paprica','hg','kg',10,1);
INSERT INTO KONVERSI_BAHAN_BAKU VALUES ('vegetabley paprica','hg','lbs',50,11);
INSERT INTO KONVERSI_BAHAN_BAKU VALUES ('vegetabley paprica','hg','oz',5000,17637);
INSERT INTO KONVERSI_BAHAN_BAKU VALUES ('vegetabley paprica','hg','hg',1,1);
INSERT INTO KONVERSI_BAHAN_BAKU VALUES ('watery potato','gram','gram',1,1);
INSERT INTO KONVERSI_BAHAN_BAKU VALUES ('watery potato','gram','kg',1000,1);
INSERT INTO KONVERSI_BAHAN_BAKU VALUES ('watery potato','gram','lbs',4536,10);
INSERT INTO KONVERSI_BAHAN_BAKU VALUES ('watery potato','gram','oz',2835,100);
INSERT INTO KONVERSI_BAHAN_BAKU VALUES ('watery potato','gram','hg',100,1);
INSERT INTO KONVERSI_BAHAN_BAKU VALUES ('watery potato','kg','gram',1,1000);
INSERT INTO KONVERSI_BAHAN_BAKU VALUES ('watery potato','kg','kg',1,1);
INSERT INTO KONVERSI_BAHAN_BAKU VALUES ('watery potato','kg','lbs',5,11);
INSERT INTO KONVERSI_BAHAN_BAKU VALUES ('watery potato','kg','oz',500,17637);
INSERT INTO KONVERSI_BAHAN_BAKU VALUES ('watery potato','kg','hg',1,10);
INSERT INTO KONVERSI_BAHAN_BAKU VALUES ('watery potato','lbs','gram',10,4536);
INSERT INTO KONVERSI_BAHAN_BAKU VALUES ('watery potato','lbs','kg',11,5);
INSERT INTO KONVERSI_BAHAN_BAKU VALUES ('watery potato','lbs','lbs',1,1);
INSERT INTO KONVERSI_BAHAN_BAKU VALUES ('watery potato','lbs','oz',1,16);
INSERT INTO KONVERSI_BAHAN_BAKU VALUES ('watery potato','lbs','hg',11,50);
INSERT INTO KONVERSI_BAHAN_BAKU VALUES ('watery potato','oz','gram',100,2835);
INSERT INTO KONVERSI_BAHAN_BAKU VALUES ('watery potato','oz','kg',17637,500);
INSERT INTO KONVERSI_BAHAN_BAKU VALUES ('watery potato','oz','lbs',16,1);
INSERT INTO KONVERSI_BAHAN_BAKU VALUES ('watery potato','oz','oz',1,1);
INSERT INTO KONVERSI_BAHAN_BAKU VALUES ('watery potato','oz','hg',17637,5000);
INSERT INTO KONVERSI_BAHAN_BAKU VALUES ('watery potato','hg','gram',1,100);
INSERT INTO KONVERSI_BAHAN_BAKU VALUES ('watery potato','hg','kg',10,1);
INSERT INTO KONVERSI_BAHAN_BAKU VALUES ('watery potato','hg','lbs',50,11);
INSERT INTO KONVERSI_BAHAN_BAKU VALUES ('watery potato','hg','oz',5000,17637);
INSERT INTO KONVERSI_BAHAN_BAKU VALUES ('watery potato','hg','hg',1,1);
INSERT INTO KONVERSI_BAHAN_BAKU VALUES ('papricay paprica','gram','gram',1,1);
INSERT INTO KONVERSI_BAHAN_BAKU VALUES ('papricay paprica','gram','kg',1000,1);
INSERT INTO KONVERSI_BAHAN_BAKU VALUES ('papricay paprica','gram','lbs',4536,10);
INSERT INTO KONVERSI_BAHAN_BAKU VALUES ('papricay paprica','gram','oz',2835,100);
INSERT INTO KONVERSI_BAHAN_BAKU VALUES ('papricay paprica','gram','hg',100,1);
INSERT INTO KONVERSI_BAHAN_BAKU VALUES ('papricay paprica','kg','gram',1,1000);
INSERT INTO KONVERSI_BAHAN_BAKU VALUES ('papricay paprica','kg','kg',1,1);
INSERT INTO KONVERSI_BAHAN_BAKU VALUES ('papricay paprica','kg','lbs',5,11);
INSERT INTO KONVERSI_BAHAN_BAKU VALUES ('papricay paprica','kg','oz',500,17637);
INSERT INTO KONVERSI_BAHAN_BAKU VALUES ('papricay paprica','kg','hg',1,10);
INSERT INTO KONVERSI_BAHAN_BAKU VALUES ('papricay paprica','lbs','gram',10,4536);
INSERT INTO KONVERSI_BAHAN_BAKU VALUES ('papricay paprica','lbs','kg',11,5);
INSERT INTO KONVERSI_BAHAN_BAKU VALUES ('papricay paprica','lbs','lbs',1,1);
INSERT INTO KONVERSI_BAHAN_BAKU VALUES ('papricay paprica','lbs','oz',1,16);
INSERT INTO KONVERSI_BAHAN_BAKU VALUES ('papricay paprica','lbs','hg',11,50);
INSERT INTO KONVERSI_BAHAN_BAKU VALUES ('papricay paprica','oz','gram',100,2835);
INSERT INTO KONVERSI_BAHAN_BAKU VALUES ('papricay paprica','oz','kg',17637,500);
INSERT INTO KONVERSI_BAHAN_BAKU VALUES ('papricay paprica','oz','lbs',16,1);
INSERT INTO KONVERSI_BAHAN_BAKU VALUES ('papricay paprica','oz','oz',1,1);
INSERT INTO KONVERSI_BAHAN_BAKU VALUES ('papricay paprica','oz','hg',17637,5000);
INSERT INTO KONVERSI_BAHAN_BAKU VALUES ('papricay paprica','hg','gram',1,100);
INSERT INTO KONVERSI_BAHAN_BAKU VALUES ('papricay paprica','hg','kg',10,1);
INSERT INTO KONVERSI_BAHAN_BAKU VALUES ('papricay paprica','hg','lbs',50,11);
INSERT INTO KONVERSI_BAHAN_BAKU VALUES ('papricay paprica','hg','oz',5000,17637);
INSERT INTO KONVERSI_BAHAN_BAKU VALUES ('papricay paprica','hg','hg',1,1);
INSERT INTO KONVERSI_BAHAN_BAKU VALUES ('papricay leaf','gram','gram',1,1);
INSERT INTO KONVERSI_BAHAN_BAKU VALUES ('papricay leaf','gram','kg',1000,1);
INSERT INTO KONVERSI_BAHAN_BAKU VALUES ('papricay leaf','gram','lbs',4536,10);
INSERT INTO KONVERSI_BAHAN_BAKU VALUES ('papricay leaf','gram','oz',2835,100);
INSERT INTO KONVERSI_BAHAN_BAKU VALUES ('papricay leaf','gram','hg',100,1);
INSERT INTO KONVERSI_BAHAN_BAKU VALUES ('papricay leaf','kg','gram',1,1000);
INSERT INTO KONVERSI_BAHAN_BAKU VALUES ('papricay leaf','kg','kg',1,1);
INSERT INTO KONVERSI_BAHAN_BAKU VALUES ('papricay leaf','kg','lbs',5,11);
INSERT INTO KONVERSI_BAHAN_BAKU VALUES ('papricay leaf','kg','oz',500,17637);
INSERT INTO KONVERSI_BAHAN_BAKU VALUES ('papricay leaf','kg','hg',1,10);
INSERT INTO KONVERSI_BAHAN_BAKU VALUES ('papricay leaf','lbs','gram',10,4536);
INSERT INTO KONVERSI_BAHAN_BAKU VALUES ('papricay leaf','lbs','kg',11,5);
INSERT INTO KONVERSI_BAHAN_BAKU VALUES ('papricay leaf','lbs','lbs',1,1);
INSERT INTO KONVERSI_BAHAN_BAKU VALUES ('papricay leaf','lbs','oz',1,16);
INSERT INTO KONVERSI_BAHAN_BAKU VALUES ('papricay leaf','lbs','hg',11,50);
INSERT INTO KONVERSI_BAHAN_BAKU VALUES ('papricay leaf','oz','gram',100,2835);
INSERT INTO KONVERSI_BAHAN_BAKU VALUES ('papricay leaf','oz','kg',17637,500);
INSERT INTO KONVERSI_BAHAN_BAKU VALUES ('papricay leaf','oz','lbs',16,1);
INSERT INTO KONVERSI_BAHAN_BAKU VALUES ('papricay leaf','oz','oz',1,1);
INSERT INTO KONVERSI_BAHAN_BAKU VALUES ('papricay leaf','oz','hg',17637,5000);
INSERT INTO KONVERSI_BAHAN_BAKU VALUES ('papricay leaf','hg','gram',1,100);
INSERT INTO KONVERSI_BAHAN_BAKU VALUES ('papricay leaf','hg','kg',10,1);
INSERT INTO KONVERSI_BAHAN_BAKU VALUES ('papricay leaf','hg','lbs',50,11);
INSERT INTO KONVERSI_BAHAN_BAKU VALUES ('papricay leaf','hg','oz',5000,17637);
INSERT INTO KONVERSI_BAHAN_BAKU VALUES ('papricay leaf','hg','hg',1,1);
INSERT INTO KONVERSI_BAHAN_BAKU VALUES ('leafy potato','gram','gram',1,1);
INSERT INTO KONVERSI_BAHAN_BAKU VALUES ('leafy potato','gram','kg',1000,1);
INSERT INTO KONVERSI_BAHAN_BAKU VALUES ('leafy potato','gram','lbs',4536,10);
INSERT INTO KONVERSI_BAHAN_BAKU VALUES ('leafy potato','gram','oz',2835,100);
INSERT INTO KONVERSI_BAHAN_BAKU VALUES ('leafy potato','gram','hg',100,1);
INSERT INTO KONVERSI_BAHAN_BAKU VALUES ('leafy potato','kg','gram',1,1000);
INSERT INTO KONVERSI_BAHAN_BAKU VALUES ('leafy potato','kg','kg',1,1);
INSERT INTO KONVERSI_BAHAN_BAKU VALUES ('leafy potato','kg','lbs',5,11);
INSERT INTO KONVERSI_BAHAN_BAKU VALUES ('leafy potato','kg','oz',500,17637);
INSERT INTO KONVERSI_BAHAN_BAKU VALUES ('leafy potato','kg','hg',1,10);
INSERT INTO KONVERSI_BAHAN_BAKU VALUES ('leafy potato','lbs','gram',10,4536);
INSERT INTO KONVERSI_BAHAN_BAKU VALUES ('leafy potato','lbs','kg',11,5);
INSERT INTO KONVERSI_BAHAN_BAKU VALUES ('leafy potato','lbs','lbs',1,1);
INSERT INTO KONVERSI_BAHAN_BAKU VALUES ('leafy potato','lbs','oz',1,16);
INSERT INTO KONVERSI_BAHAN_BAKU VALUES ('leafy potato','lbs','hg',11,50);
INSERT INTO KONVERSI_BAHAN_BAKU VALUES ('leafy potato','oz','gram',100,2835);
INSERT INTO KONVERSI_BAHAN_BAKU VALUES ('leafy potato','oz','kg',17637,500);
INSERT INTO KONVERSI_BAHAN_BAKU VALUES ('leafy potato','oz','lbs',16,1);
INSERT INTO KONVERSI_BAHAN_BAKU VALUES ('leafy potato','oz','oz',1,1);
INSERT INTO KONVERSI_BAHAN_BAKU VALUES ('leafy potato','oz','hg',17637,5000);
INSERT INTO KONVERSI_BAHAN_BAKU VALUES ('leafy potato','hg','gram',1,100);
INSERT INTO KONVERSI_BAHAN_BAKU VALUES ('leafy potato','hg','kg',10,1);
INSERT INTO KONVERSI_BAHAN_BAKU VALUES ('leafy potato','hg','lbs',50,11);
INSERT INTO KONVERSI_BAHAN_BAKU VALUES ('leafy potato','hg','oz',5000,17637);
INSERT INTO KONVERSI_BAHAN_BAKU VALUES ('leafy potato','hg','hg',1,1);
INSERT INTO KONVERSI_BAHAN_BAKU VALUES ('vegetabley leaf','gram','gram',1,1);
INSERT INTO KONVERSI_BAHAN_BAKU VALUES ('vegetabley leaf','gram','kg',1000,1);
INSERT INTO KONVERSI_BAHAN_BAKU VALUES ('vegetabley leaf','gram','lbs',4536,10);
INSERT INTO KONVERSI_BAHAN_BAKU VALUES ('vegetabley leaf','gram','oz',2835,100);
INSERT INTO KONVERSI_BAHAN_BAKU VALUES ('vegetabley leaf','gram','hg',100,1);
INSERT INTO KONVERSI_BAHAN_BAKU VALUES ('vegetabley leaf','kg','gram',1,1000);
INSERT INTO KONVERSI_BAHAN_BAKU VALUES ('vegetabley leaf','kg','kg',1,1);
INSERT INTO KONVERSI_BAHAN_BAKU VALUES ('vegetabley leaf','kg','lbs',5,11);
INSERT INTO KONVERSI_BAHAN_BAKU VALUES ('vegetabley leaf','kg','oz',500,17637);
INSERT INTO KONVERSI_BAHAN_BAKU VALUES ('vegetabley leaf','kg','hg',1,10);
INSERT INTO KONVERSI_BAHAN_BAKU VALUES ('vegetabley leaf','lbs','gram',10,4536);
INSERT INTO KONVERSI_BAHAN_BAKU VALUES ('vegetabley leaf','lbs','kg',11,5);
INSERT INTO KONVERSI_BAHAN_BAKU VALUES ('vegetabley leaf','lbs','lbs',1,1);
INSERT INTO KONVERSI_BAHAN_BAKU VALUES ('vegetabley leaf','lbs','oz',1,16);
INSERT INTO KONVERSI_BAHAN_BAKU VALUES ('vegetabley leaf','lbs','hg',11,50);
INSERT INTO KONVERSI_BAHAN_BAKU VALUES ('vegetabley leaf','oz','gram',100,2835);
INSERT INTO KONVERSI_BAHAN_BAKU VALUES ('vegetabley leaf','oz','kg',17637,500);
INSERT INTO KONVERSI_BAHAN_BAKU VALUES ('vegetabley leaf','oz','lbs',16,1);
INSERT INTO KONVERSI_BAHAN_BAKU VALUES ('vegetabley leaf','oz','oz',1,1);
INSERT INTO KONVERSI_BAHAN_BAKU VALUES ('vegetabley leaf','oz','hg',17637,5000);
INSERT INTO KONVERSI_BAHAN_BAKU VALUES ('vegetabley leaf','hg','gram',1,100);
INSERT INTO KONVERSI_BAHAN_BAKU VALUES ('vegetabley leaf','hg','kg',10,1);
INSERT INTO KONVERSI_BAHAN_BAKU VALUES ('vegetabley leaf','hg','lbs',50,11);
INSERT INTO KONVERSI_BAHAN_BAKU VALUES ('vegetabley leaf','hg','oz',5000,17637);
INSERT INTO KONVERSI_BAHAN_BAKU VALUES ('vegetabley leaf','hg','hg',1,1);
INSERT INTO KONVERSI_BAHAN_BAKU VALUES ('fruity leaf','gram','gram',1,1);
INSERT INTO KONVERSI_BAHAN_BAKU VALUES ('fruity leaf','gram','kg',1000,1);
INSERT INTO KONVERSI_BAHAN_BAKU VALUES ('fruity leaf','gram','lbs',4536,10);
INSERT INTO KONVERSI_BAHAN_BAKU VALUES ('fruity leaf','gram','oz',2835,100);
INSERT INTO KONVERSI_BAHAN_BAKU VALUES ('fruity leaf','gram','hg',100,1);
INSERT INTO KONVERSI_BAHAN_BAKU VALUES ('fruity leaf','kg','gram',1,1000);
INSERT INTO KONVERSI_BAHAN_BAKU VALUES ('fruity leaf','kg','kg',1,1);
INSERT INTO KONVERSI_BAHAN_BAKU VALUES ('fruity leaf','kg','lbs',5,11);
INSERT INTO KONVERSI_BAHAN_BAKU VALUES ('fruity leaf','kg','oz',500,17637);
INSERT INTO KONVERSI_BAHAN_BAKU VALUES ('fruity leaf','kg','hg',1,10);
INSERT INTO KONVERSI_BAHAN_BAKU VALUES ('fruity leaf','lbs','gram',10,4536);
INSERT INTO KONVERSI_BAHAN_BAKU VALUES ('fruity leaf','lbs','kg',11,5);
INSERT INTO KONVERSI_BAHAN_BAKU VALUES ('fruity leaf','lbs','lbs',1,1);
INSERT INTO KONVERSI_BAHAN_BAKU VALUES ('fruity leaf','lbs','oz',1,16);
INSERT INTO KONVERSI_BAHAN_BAKU VALUES ('fruity leaf','lbs','hg',11,50);
INSERT INTO KONVERSI_BAHAN_BAKU VALUES ('fruity leaf','oz','gram',100,2835);
INSERT INTO KONVERSI_BAHAN_BAKU VALUES ('fruity leaf','oz','kg',17637,500);
INSERT INTO KONVERSI_BAHAN_BAKU VALUES ('fruity leaf','oz','lbs',16,1);
INSERT INTO KONVERSI_BAHAN_BAKU VALUES ('fruity leaf','oz','oz',1,1);
INSERT INTO KONVERSI_BAHAN_BAKU VALUES ('fruity leaf','oz','hg',17637,5000);
INSERT INTO KONVERSI_BAHAN_BAKU VALUES ('fruity leaf','hg','gram',1,100);
INSERT INTO KONVERSI_BAHAN_BAKU VALUES ('fruity leaf','hg','kg',10,1);
INSERT INTO KONVERSI_BAHAN_BAKU VALUES ('fruity leaf','hg','lbs',50,11);
INSERT INTO KONVERSI_BAHAN_BAKU VALUES ('fruity leaf','hg','oz',5000,17637);
INSERT INTO KONVERSI_BAHAN_BAKU VALUES ('fruity leaf','hg','hg',1,1);
INSERT INTO KONVERSI_BAHAN_BAKU VALUES ('papricay noodle','gram','gram',1,1);
INSERT INTO KONVERSI_BAHAN_BAKU VALUES ('papricay noodle','gram','kg',1000,1);
INSERT INTO KONVERSI_BAHAN_BAKU VALUES ('papricay noodle','gram','lbs',4536,10);
INSERT INTO KONVERSI_BAHAN_BAKU VALUES ('papricay noodle','gram','oz',2835,100);
INSERT INTO KONVERSI_BAHAN_BAKU VALUES ('papricay noodle','gram','hg',100,1);
INSERT INTO KONVERSI_BAHAN_BAKU VALUES ('papricay noodle','kg','gram',1,1000);
INSERT INTO KONVERSI_BAHAN_BAKU VALUES ('papricay noodle','kg','kg',1,1);
INSERT INTO KONVERSI_BAHAN_BAKU VALUES ('papricay noodle','kg','lbs',5,11);
INSERT INTO KONVERSI_BAHAN_BAKU VALUES ('papricay noodle','kg','oz',500,17637);
INSERT INTO KONVERSI_BAHAN_BAKU VALUES ('papricay noodle','kg','hg',1,10);
INSERT INTO KONVERSI_BAHAN_BAKU VALUES ('papricay noodle','lbs','gram',10,4536);
INSERT INTO KONVERSI_BAHAN_BAKU VALUES ('papricay noodle','lbs','kg',11,5);
INSERT INTO KONVERSI_BAHAN_BAKU VALUES ('papricay noodle','lbs','lbs',1,1);
INSERT INTO KONVERSI_BAHAN_BAKU VALUES ('papricay noodle','lbs','oz',1,16);
INSERT INTO KONVERSI_BAHAN_BAKU VALUES ('papricay noodle','lbs','hg',11,50);
INSERT INTO KONVERSI_BAHAN_BAKU VALUES ('papricay noodle','oz','gram',100,2835);
INSERT INTO KONVERSI_BAHAN_BAKU VALUES ('papricay noodle','oz','kg',17637,500);
INSERT INTO KONVERSI_BAHAN_BAKU VALUES ('papricay noodle','oz','lbs',16,1);
INSERT INTO KONVERSI_BAHAN_BAKU VALUES ('papricay noodle','oz','oz',1,1);
INSERT INTO KONVERSI_BAHAN_BAKU VALUES ('papricay noodle','oz','hg',17637,5000);
INSERT INTO KONVERSI_BAHAN_BAKU VALUES ('papricay noodle','hg','gram',1,100);
INSERT INTO KONVERSI_BAHAN_BAKU VALUES ('papricay noodle','hg','kg',10,1);
INSERT INTO KONVERSI_BAHAN_BAKU VALUES ('papricay noodle','hg','lbs',50,11);
INSERT INTO KONVERSI_BAHAN_BAKU VALUES ('papricay noodle','hg','oz',5000,17637);
INSERT INTO KONVERSI_BAHAN_BAKU VALUES ('papricay noodle','hg','hg',1,1);
INSERT INTO KONVERSI_BAHAN_BAKU VALUES ('potatoy fruit','gram','gram',1,1);
INSERT INTO KONVERSI_BAHAN_BAKU VALUES ('potatoy fruit','gram','kg',1000,1);
INSERT INTO KONVERSI_BAHAN_BAKU VALUES ('potatoy fruit','gram','lbs',4536,10);
INSERT INTO KONVERSI_BAHAN_BAKU VALUES ('potatoy fruit','gram','oz',2835,100);
INSERT INTO KONVERSI_BAHAN_BAKU VALUES ('potatoy fruit','gram','hg',100,1);
INSERT INTO KONVERSI_BAHAN_BAKU VALUES ('potatoy fruit','kg','gram',1,1000);
INSERT INTO KONVERSI_BAHAN_BAKU VALUES ('potatoy fruit','kg','kg',1,1);
INSERT INTO KONVERSI_BAHAN_BAKU VALUES ('potatoy fruit','kg','lbs',5,11);
INSERT INTO KONVERSI_BAHAN_BAKU VALUES ('potatoy fruit','kg','oz',500,17637);
INSERT INTO KONVERSI_BAHAN_BAKU VALUES ('potatoy fruit','kg','hg',1,10);
INSERT INTO KONVERSI_BAHAN_BAKU VALUES ('potatoy fruit','lbs','gram',10,4536);
INSERT INTO KONVERSI_BAHAN_BAKU VALUES ('potatoy fruit','lbs','kg',11,5);
INSERT INTO KONVERSI_BAHAN_BAKU VALUES ('potatoy fruit','lbs','lbs',1,1);
INSERT INTO KONVERSI_BAHAN_BAKU VALUES ('potatoy fruit','lbs','oz',1,16);
INSERT INTO KONVERSI_BAHAN_BAKU VALUES ('potatoy fruit','lbs','hg',11,50);
INSERT INTO KONVERSI_BAHAN_BAKU VALUES ('potatoy fruit','oz','gram',100,2835);
INSERT INTO KONVERSI_BAHAN_BAKU VALUES ('potatoy fruit','oz','kg',17637,500);
INSERT INTO KONVERSI_BAHAN_BAKU VALUES ('potatoy fruit','oz','lbs',16,1);
INSERT INTO KONVERSI_BAHAN_BAKU VALUES ('potatoy fruit','oz','oz',1,1);
INSERT INTO KONVERSI_BAHAN_BAKU VALUES ('potatoy fruit','oz','hg',17637,5000);
INSERT INTO KONVERSI_BAHAN_BAKU VALUES ('potatoy fruit','hg','gram',1,100);
INSERT INTO KONVERSI_BAHAN_BAKU VALUES ('potatoy fruit','hg','kg',10,1);
INSERT INTO KONVERSI_BAHAN_BAKU VALUES ('potatoy fruit','hg','lbs',50,11);
INSERT INTO KONVERSI_BAHAN_BAKU VALUES ('potatoy fruit','hg','oz',5000,17637);
INSERT INTO KONVERSI_BAHAN_BAKU VALUES ('potatoy fruit','hg','hg',1,1);
INSERT INTO KONVERSI_BAHAN_BAKU VALUES ('vegetabley potato','gram','gram',1,1);
INSERT INTO KONVERSI_BAHAN_BAKU VALUES ('vegetabley potato','gram','kg',1000,1);
INSERT INTO KONVERSI_BAHAN_BAKU VALUES ('vegetabley potato','gram','lbs',4536,10);
INSERT INTO KONVERSI_BAHAN_BAKU VALUES ('vegetabley potato','gram','oz',2835,100);
INSERT INTO KONVERSI_BAHAN_BAKU VALUES ('vegetabley potato','gram','hg',100,1);
INSERT INTO KONVERSI_BAHAN_BAKU VALUES ('vegetabley potato','kg','gram',1,1000);
INSERT INTO KONVERSI_BAHAN_BAKU VALUES ('vegetabley potato','kg','kg',1,1);
INSERT INTO KONVERSI_BAHAN_BAKU VALUES ('vegetabley potato','kg','lbs',5,11);
INSERT INTO KONVERSI_BAHAN_BAKU VALUES ('vegetabley potato','kg','oz',500,17637);
INSERT INTO KONVERSI_BAHAN_BAKU VALUES ('vegetabley potato','kg','hg',1,10);
INSERT INTO KONVERSI_BAHAN_BAKU VALUES ('vegetabley potato','lbs','gram',10,4536);
INSERT INTO KONVERSI_BAHAN_BAKU VALUES ('vegetabley potato','lbs','kg',11,5);
INSERT INTO KONVERSI_BAHAN_BAKU VALUES ('vegetabley potato','lbs','lbs',1,1);
INSERT INTO KONVERSI_BAHAN_BAKU VALUES ('vegetabley potato','lbs','oz',1,16);
INSERT INTO KONVERSI_BAHAN_BAKU VALUES ('vegetabley potato','lbs','hg',11,50);
INSERT INTO KONVERSI_BAHAN_BAKU VALUES ('vegetabley potato','oz','gram',100,2835);
INSERT INTO KONVERSI_BAHAN_BAKU VALUES ('vegetabley potato','oz','kg',17637,500);
INSERT INTO KONVERSI_BAHAN_BAKU VALUES ('vegetabley potato','oz','lbs',16,1);
INSERT INTO KONVERSI_BAHAN_BAKU VALUES ('vegetabley potato','oz','oz',1,1);
INSERT INTO KONVERSI_BAHAN_BAKU VALUES ('vegetabley potato','oz','hg',17637,5000);
INSERT INTO KONVERSI_BAHAN_BAKU VALUES ('vegetabley potato','hg','gram',1,100);
INSERT INTO KONVERSI_BAHAN_BAKU VALUES ('vegetabley potato','hg','kg',10,1);
INSERT INTO KONVERSI_BAHAN_BAKU VALUES ('vegetabley potato','hg','lbs',50,11);
INSERT INTO KONVERSI_BAHAN_BAKU VALUES ('vegetabley potato','hg','oz',5000,17637);
INSERT INTO KONVERSI_BAHAN_BAKU VALUES ('vegetabley potato','hg','hg',1,1);
INSERT INTO KONVERSI_BAHAN_BAKU VALUES ('potatoy leaf','gram','gram',1,1);
INSERT INTO KONVERSI_BAHAN_BAKU VALUES ('potatoy leaf','gram','kg',1000,1);
INSERT INTO KONVERSI_BAHAN_BAKU VALUES ('potatoy leaf','gram','lbs',4536,10);
INSERT INTO KONVERSI_BAHAN_BAKU VALUES ('potatoy leaf','gram','oz',2835,100);
INSERT INTO KONVERSI_BAHAN_BAKU VALUES ('potatoy leaf','gram','hg',100,1);
INSERT INTO KONVERSI_BAHAN_BAKU VALUES ('potatoy leaf','kg','gram',1,1000);
INSERT INTO KONVERSI_BAHAN_BAKU VALUES ('potatoy leaf','kg','kg',1,1);
INSERT INTO KONVERSI_BAHAN_BAKU VALUES ('potatoy leaf','kg','lbs',5,11);
INSERT INTO KONVERSI_BAHAN_BAKU VALUES ('potatoy leaf','kg','oz',500,17637);
INSERT INTO KONVERSI_BAHAN_BAKU VALUES ('potatoy leaf','kg','hg',1,10);
INSERT INTO KONVERSI_BAHAN_BAKU VALUES ('potatoy leaf','lbs','gram',10,4536);
INSERT INTO KONVERSI_BAHAN_BAKU VALUES ('potatoy leaf','lbs','kg',11,5);
INSERT INTO KONVERSI_BAHAN_BAKU VALUES ('potatoy leaf','lbs','lbs',1,1);
INSERT INTO KONVERSI_BAHAN_BAKU VALUES ('potatoy leaf','lbs','oz',1,16);
INSERT INTO KONVERSI_BAHAN_BAKU VALUES ('potatoy leaf','lbs','hg',11,50);
INSERT INTO KONVERSI_BAHAN_BAKU VALUES ('potatoy leaf','oz','gram',100,2835);
INSERT INTO KONVERSI_BAHAN_BAKU VALUES ('potatoy leaf','oz','kg',17637,500);
INSERT INTO KONVERSI_BAHAN_BAKU VALUES ('potatoy leaf','oz','lbs',16,1);
INSERT INTO KONVERSI_BAHAN_BAKU VALUES ('potatoy leaf','oz','oz',1,1);
INSERT INTO KONVERSI_BAHAN_BAKU VALUES ('potatoy leaf','oz','hg',17637,5000);
INSERT INTO KONVERSI_BAHAN_BAKU VALUES ('potatoy leaf','hg','gram',1,100);
INSERT INTO KONVERSI_BAHAN_BAKU VALUES ('potatoy leaf','hg','kg',10,1);
INSERT INTO KONVERSI_BAHAN_BAKU VALUES ('potatoy leaf','hg','lbs',50,11);
INSERT INTO KONVERSI_BAHAN_BAKU VALUES ('potatoy leaf','hg','oz',5000,17637);
INSERT INTO KONVERSI_BAHAN_BAKU VALUES ('potatoy leaf','hg','hg',1,1);
INSERT INTO KONVERSI_BAHAN_BAKU VALUES ('ricey vegetable','gram','gram',1,1);
INSERT INTO KONVERSI_BAHAN_BAKU VALUES ('ricey vegetable','gram','kg',1000,1);
INSERT INTO KONVERSI_BAHAN_BAKU VALUES ('ricey vegetable','gram','lbs',4536,10);
INSERT INTO KONVERSI_BAHAN_BAKU VALUES ('ricey vegetable','gram','oz',2835,100);
INSERT INTO KONVERSI_BAHAN_BAKU VALUES ('ricey vegetable','gram','hg',100,1);
INSERT INTO KONVERSI_BAHAN_BAKU VALUES ('ricey vegetable','kg','gram',1,1000);
INSERT INTO KONVERSI_BAHAN_BAKU VALUES ('ricey vegetable','kg','kg',1,1);
INSERT INTO KONVERSI_BAHAN_BAKU VALUES ('ricey vegetable','kg','lbs',5,11);
INSERT INTO KONVERSI_BAHAN_BAKU VALUES ('ricey vegetable','kg','oz',500,17637);
INSERT INTO KONVERSI_BAHAN_BAKU VALUES ('ricey vegetable','kg','hg',1,10);
INSERT INTO KONVERSI_BAHAN_BAKU VALUES ('ricey vegetable','lbs','gram',10,4536);
INSERT INTO KONVERSI_BAHAN_BAKU VALUES ('ricey vegetable','lbs','kg',11,5);
INSERT INTO KONVERSI_BAHAN_BAKU VALUES ('ricey vegetable','lbs','lbs',1,1);
INSERT INTO KONVERSI_BAHAN_BAKU VALUES ('ricey vegetable','lbs','oz',1,16);
INSERT INTO KONVERSI_BAHAN_BAKU VALUES ('ricey vegetable','lbs','hg',11,50);
INSERT INTO KONVERSI_BAHAN_BAKU VALUES ('ricey vegetable','oz','gram',100,2835);
INSERT INTO KONVERSI_BAHAN_BAKU VALUES ('ricey vegetable','oz','kg',17637,500);
INSERT INTO KONVERSI_BAHAN_BAKU VALUES ('ricey vegetable','oz','lbs',16,1);
INSERT INTO KONVERSI_BAHAN_BAKU VALUES ('ricey vegetable','oz','oz',1,1);
INSERT INTO KONVERSI_BAHAN_BAKU VALUES ('ricey vegetable','oz','hg',17637,5000);
INSERT INTO KONVERSI_BAHAN_BAKU VALUES ('ricey vegetable','hg','gram',1,100);
INSERT INTO KONVERSI_BAHAN_BAKU VALUES ('ricey vegetable','hg','kg',10,1);
INSERT INTO KONVERSI_BAHAN_BAKU VALUES ('ricey vegetable','hg','lbs',50,11);
INSERT INTO KONVERSI_BAHAN_BAKU VALUES ('ricey vegetable','hg','oz',5000,17637);
INSERT INTO KONVERSI_BAHAN_BAKU VALUES ('ricey vegetable','hg','hg',1,1);
INSERT INTO KONVERSI_BAHAN_BAKU VALUES ('ricey potato','gram','gram',1,1);
INSERT INTO KONVERSI_BAHAN_BAKU VALUES ('ricey potato','gram','kg',1000,1);
INSERT INTO KONVERSI_BAHAN_BAKU VALUES ('ricey potato','gram','lbs',4536,10);
INSERT INTO KONVERSI_BAHAN_BAKU VALUES ('ricey potato','gram','oz',2835,100);
INSERT INTO KONVERSI_BAHAN_BAKU VALUES ('ricey potato','gram','hg',100,1);
INSERT INTO KONVERSI_BAHAN_BAKU VALUES ('ricey potato','kg','gram',1,1000);
INSERT INTO KONVERSI_BAHAN_BAKU VALUES ('ricey potato','kg','kg',1,1);
INSERT INTO KONVERSI_BAHAN_BAKU VALUES ('ricey potato','kg','lbs',5,11);
INSERT INTO KONVERSI_BAHAN_BAKU VALUES ('ricey potato','kg','oz',500,17637);
INSERT INTO KONVERSI_BAHAN_BAKU VALUES ('ricey potato','kg','hg',1,10);
INSERT INTO KONVERSI_BAHAN_BAKU VALUES ('ricey potato','lbs','gram',10,4536);
INSERT INTO KONVERSI_BAHAN_BAKU VALUES ('ricey potato','lbs','kg',11,5);
INSERT INTO KONVERSI_BAHAN_BAKU VALUES ('ricey potato','lbs','lbs',1,1);
INSERT INTO KONVERSI_BAHAN_BAKU VALUES ('ricey potato','lbs','oz',1,16);
INSERT INTO KONVERSI_BAHAN_BAKU VALUES ('ricey potato','lbs','hg',11,50);
INSERT INTO KONVERSI_BAHAN_BAKU VALUES ('ricey potato','oz','gram',100,2835);
INSERT INTO KONVERSI_BAHAN_BAKU VALUES ('ricey potato','oz','kg',17637,500);
INSERT INTO KONVERSI_BAHAN_BAKU VALUES ('ricey potato','oz','lbs',16,1);
INSERT INTO KONVERSI_BAHAN_BAKU VALUES ('ricey potato','oz','oz',1,1);
INSERT INTO KONVERSI_BAHAN_BAKU VALUES ('ricey potato','oz','hg',17637,5000);
INSERT INTO KONVERSI_BAHAN_BAKU VALUES ('ricey potato','hg','gram',1,100);
INSERT INTO KONVERSI_BAHAN_BAKU VALUES ('ricey potato','hg','kg',10,1);
INSERT INTO KONVERSI_BAHAN_BAKU VALUES ('ricey potato','hg','lbs',50,11);
INSERT INTO KONVERSI_BAHAN_BAKU VALUES ('ricey potato','hg','oz',5000,17637);
INSERT INTO KONVERSI_BAHAN_BAKU VALUES ('ricey potato','hg','hg',1,1);
INSERT INTO KONVERSI_BAHAN_BAKU VALUES ('watery sugar','gram','gram',1,1);
INSERT INTO KONVERSI_BAHAN_BAKU VALUES ('watery sugar','gram','kg',1000,1);
INSERT INTO KONVERSI_BAHAN_BAKU VALUES ('watery sugar','gram','lbs',4536,10);
INSERT INTO KONVERSI_BAHAN_BAKU VALUES ('watery sugar','gram','oz',2835,100);
INSERT INTO KONVERSI_BAHAN_BAKU VALUES ('watery sugar','gram','hg',100,1);
INSERT INTO KONVERSI_BAHAN_BAKU VALUES ('watery sugar','kg','gram',1,1000);
INSERT INTO KONVERSI_BAHAN_BAKU VALUES ('watery sugar','kg','kg',1,1);
INSERT INTO KONVERSI_BAHAN_BAKU VALUES ('watery sugar','kg','lbs',5,11);
INSERT INTO KONVERSI_BAHAN_BAKU VALUES ('watery sugar','kg','oz',500,17637);
INSERT INTO KONVERSI_BAHAN_BAKU VALUES ('watery sugar','kg','hg',1,10);
INSERT INTO KONVERSI_BAHAN_BAKU VALUES ('watery sugar','lbs','gram',10,4536);
INSERT INTO KONVERSI_BAHAN_BAKU VALUES ('watery sugar','lbs','kg',11,5);
INSERT INTO KONVERSI_BAHAN_BAKU VALUES ('watery sugar','lbs','lbs',1,1);
INSERT INTO KONVERSI_BAHAN_BAKU VALUES ('watery sugar','lbs','oz',1,16);
INSERT INTO KONVERSI_BAHAN_BAKU VALUES ('watery sugar','lbs','hg',11,50);
INSERT INTO KONVERSI_BAHAN_BAKU VALUES ('watery sugar','oz','gram',100,2835);
INSERT INTO KONVERSI_BAHAN_BAKU VALUES ('watery sugar','oz','kg',17637,500);
INSERT INTO KONVERSI_BAHAN_BAKU VALUES ('watery sugar','oz','lbs',16,1);
INSERT INTO KONVERSI_BAHAN_BAKU VALUES ('watery sugar','oz','oz',1,1);
INSERT INTO KONVERSI_BAHAN_BAKU VALUES ('watery sugar','oz','hg',17637,5000);
INSERT INTO KONVERSI_BAHAN_BAKU VALUES ('watery sugar','hg','gram',1,100);
INSERT INTO KONVERSI_BAHAN_BAKU VALUES ('watery sugar','hg','kg',10,1);
INSERT INTO KONVERSI_BAHAN_BAKU VALUES ('watery sugar','hg','lbs',50,11);
INSERT INTO KONVERSI_BAHAN_BAKU VALUES ('watery sugar','hg','oz',5000,17637);
INSERT INTO KONVERSI_BAHAN_BAKU VALUES ('watery sugar','hg','hg',1,1);
INSERT INTO KONVERSI_BAHAN_BAKU VALUES ('noodley vegetable','gram','gram',1,1);
INSERT INTO KONVERSI_BAHAN_BAKU VALUES ('noodley vegetable','gram','kg',1000,1);
INSERT INTO KONVERSI_BAHAN_BAKU VALUES ('noodley vegetable','gram','lbs',4536,10);
INSERT INTO KONVERSI_BAHAN_BAKU VALUES ('noodley vegetable','gram','oz',2835,100);
INSERT INTO KONVERSI_BAHAN_BAKU VALUES ('noodley vegetable','gram','hg',100,1);
INSERT INTO KONVERSI_BAHAN_BAKU VALUES ('noodley vegetable','kg','gram',1,1000);
INSERT INTO KONVERSI_BAHAN_BAKU VALUES ('noodley vegetable','kg','kg',1,1);
INSERT INTO KONVERSI_BAHAN_BAKU VALUES ('noodley vegetable','kg','lbs',5,11);
INSERT INTO KONVERSI_BAHAN_BAKU VALUES ('noodley vegetable','kg','oz',500,17637);
INSERT INTO KONVERSI_BAHAN_BAKU VALUES ('noodley vegetable','kg','hg',1,10);
INSERT INTO KONVERSI_BAHAN_BAKU VALUES ('noodley vegetable','lbs','gram',10,4536);
INSERT INTO KONVERSI_BAHAN_BAKU VALUES ('noodley vegetable','lbs','kg',11,5);
INSERT INTO KONVERSI_BAHAN_BAKU VALUES ('noodley vegetable','lbs','lbs',1,1);
INSERT INTO KONVERSI_BAHAN_BAKU VALUES ('noodley vegetable','lbs','oz',1,16);
INSERT INTO KONVERSI_BAHAN_BAKU VALUES ('noodley vegetable','lbs','hg',11,50);
INSERT INTO KONVERSI_BAHAN_BAKU VALUES ('noodley vegetable','oz','gram',100,2835);
INSERT INTO KONVERSI_BAHAN_BAKU VALUES ('noodley vegetable','oz','kg',17637,500);
INSERT INTO KONVERSI_BAHAN_BAKU VALUES ('noodley vegetable','oz','lbs',16,1);
INSERT INTO KONVERSI_BAHAN_BAKU VALUES ('noodley vegetable','oz','oz',1,1);
INSERT INTO KONVERSI_BAHAN_BAKU VALUES ('noodley vegetable','oz','hg',17637,5000);
INSERT INTO KONVERSI_BAHAN_BAKU VALUES ('noodley vegetable','hg','gram',1,100);
INSERT INTO KONVERSI_BAHAN_BAKU VALUES ('noodley vegetable','hg','kg',10,1);
INSERT INTO KONVERSI_BAHAN_BAKU VALUES ('noodley vegetable','hg','lbs',50,11);
INSERT INTO KONVERSI_BAHAN_BAKU VALUES ('noodley vegetable','hg','oz',5000,17637);
INSERT INTO KONVERSI_BAHAN_BAKU VALUES ('noodley vegetable','hg','hg',1,1);
INSERT INTO KONVERSI_BAHAN_BAKU VALUES ('ricey rice','gram','gram',1,1);
INSERT INTO KONVERSI_BAHAN_BAKU VALUES ('ricey rice','gram','kg',1000,1);
INSERT INTO KONVERSI_BAHAN_BAKU VALUES ('ricey rice','gram','lbs',4536,10);
INSERT INTO KONVERSI_BAHAN_BAKU VALUES ('ricey rice','gram','oz',2835,100);
INSERT INTO KONVERSI_BAHAN_BAKU VALUES ('ricey rice','gram','hg',100,1);
INSERT INTO KONVERSI_BAHAN_BAKU VALUES ('ricey rice','kg','gram',1,1000);
INSERT INTO KONVERSI_BAHAN_BAKU VALUES ('ricey rice','kg','kg',1,1);
INSERT INTO KONVERSI_BAHAN_BAKU VALUES ('ricey rice','kg','lbs',5,11);
INSERT INTO KONVERSI_BAHAN_BAKU VALUES ('ricey rice','kg','oz',500,17637);
INSERT INTO KONVERSI_BAHAN_BAKU VALUES ('ricey rice','kg','hg',1,10);
INSERT INTO KONVERSI_BAHAN_BAKU VALUES ('ricey rice','lbs','gram',10,4536);
INSERT INTO KONVERSI_BAHAN_BAKU VALUES ('ricey rice','lbs','kg',11,5);
INSERT INTO KONVERSI_BAHAN_BAKU VALUES ('ricey rice','lbs','lbs',1,1);
INSERT INTO KONVERSI_BAHAN_BAKU VALUES ('ricey rice','lbs','oz',1,16);
INSERT INTO KONVERSI_BAHAN_BAKU VALUES ('ricey rice','lbs','hg',11,50);
INSERT INTO KONVERSI_BAHAN_BAKU VALUES ('ricey rice','oz','gram',100,2835);
INSERT INTO KONVERSI_BAHAN_BAKU VALUES ('ricey rice','oz','kg',17637,500);
INSERT INTO KONVERSI_BAHAN_BAKU VALUES ('ricey rice','oz','lbs',16,1);
INSERT INTO KONVERSI_BAHAN_BAKU VALUES ('ricey rice','oz','oz',1,1);
INSERT INTO KONVERSI_BAHAN_BAKU VALUES ('ricey rice','oz','hg',17637,5000);
INSERT INTO KONVERSI_BAHAN_BAKU VALUES ('ricey rice','hg','gram',1,100);
INSERT INTO KONVERSI_BAHAN_BAKU VALUES ('ricey rice','hg','kg',10,1);
INSERT INTO KONVERSI_BAHAN_BAKU VALUES ('ricey rice','hg','lbs',50,11);
INSERT INTO KONVERSI_BAHAN_BAKU VALUES ('ricey rice','hg','oz',5000,17637);
INSERT INTO KONVERSI_BAHAN_BAKU VALUES ('ricey rice','hg','hg',1,1);
INSERT INTO KONVERSI_BAHAN_BAKU VALUES ('vegetabley noodle','gram','gram',1,1);
INSERT INTO KONVERSI_BAHAN_BAKU VALUES ('vegetabley noodle','gram','kg',1000,1);
INSERT INTO KONVERSI_BAHAN_BAKU VALUES ('vegetabley noodle','gram','lbs',4536,10);
INSERT INTO KONVERSI_BAHAN_BAKU VALUES ('vegetabley noodle','gram','oz',2835,100);
INSERT INTO KONVERSI_BAHAN_BAKU VALUES ('vegetabley noodle','gram','hg',100,1);
INSERT INTO KONVERSI_BAHAN_BAKU VALUES ('vegetabley noodle','kg','gram',1,1000);
INSERT INTO KONVERSI_BAHAN_BAKU VALUES ('vegetabley noodle','kg','kg',1,1);
INSERT INTO KONVERSI_BAHAN_BAKU VALUES ('vegetabley noodle','kg','lbs',5,11);
INSERT INTO KONVERSI_BAHAN_BAKU VALUES ('vegetabley noodle','kg','oz',500,17637);
INSERT INTO KONVERSI_BAHAN_BAKU VALUES ('vegetabley noodle','kg','hg',1,10);
INSERT INTO KONVERSI_BAHAN_BAKU VALUES ('vegetabley noodle','lbs','gram',10,4536);
INSERT INTO KONVERSI_BAHAN_BAKU VALUES ('vegetabley noodle','lbs','kg',11,5);
INSERT INTO KONVERSI_BAHAN_BAKU VALUES ('vegetabley noodle','lbs','lbs',1,1);
INSERT INTO KONVERSI_BAHAN_BAKU VALUES ('vegetabley noodle','lbs','oz',1,16);
INSERT INTO KONVERSI_BAHAN_BAKU VALUES ('vegetabley noodle','lbs','hg',11,50);
INSERT INTO KONVERSI_BAHAN_BAKU VALUES ('vegetabley noodle','oz','gram',100,2835);
INSERT INTO KONVERSI_BAHAN_BAKU VALUES ('vegetabley noodle','oz','kg',17637,500);
INSERT INTO KONVERSI_BAHAN_BAKU VALUES ('vegetabley noodle','oz','lbs',16,1);
INSERT INTO KONVERSI_BAHAN_BAKU VALUES ('vegetabley noodle','oz','oz',1,1);
INSERT INTO KONVERSI_BAHAN_BAKU VALUES ('vegetabley noodle','oz','hg',17637,5000);
INSERT INTO KONVERSI_BAHAN_BAKU VALUES ('vegetabley noodle','hg','gram',1,100);
INSERT INTO KONVERSI_BAHAN_BAKU VALUES ('vegetabley noodle','hg','kg',10,1);
INSERT INTO KONVERSI_BAHAN_BAKU VALUES ('vegetabley noodle','hg','lbs',50,11);
INSERT INTO KONVERSI_BAHAN_BAKU VALUES ('vegetabley noodle','hg','oz',5000,17637);
INSERT INTO KONVERSI_BAHAN_BAKU VALUES ('vegetabley noodle','hg','hg',1,1);
INSERT INTO KONVERSI_BAHAN_BAKU VALUES ('salty leaf','gram','gram',1,1);
INSERT INTO KONVERSI_BAHAN_BAKU VALUES ('salty leaf','gram','kg',1000,1);
INSERT INTO KONVERSI_BAHAN_BAKU VALUES ('salty leaf','gram','lbs',4536,10);
INSERT INTO KONVERSI_BAHAN_BAKU VALUES ('salty leaf','gram','oz',2835,100);
INSERT INTO KONVERSI_BAHAN_BAKU VALUES ('salty leaf','gram','hg',100,1);
INSERT INTO KONVERSI_BAHAN_BAKU VALUES ('salty leaf','kg','gram',1,1000);
INSERT INTO KONVERSI_BAHAN_BAKU VALUES ('salty leaf','kg','kg',1,1);
INSERT INTO KONVERSI_BAHAN_BAKU VALUES ('salty leaf','kg','lbs',5,11);
INSERT INTO KONVERSI_BAHAN_BAKU VALUES ('salty leaf','kg','oz',500,17637);
INSERT INTO KONVERSI_BAHAN_BAKU VALUES ('salty leaf','kg','hg',1,10);
INSERT INTO KONVERSI_BAHAN_BAKU VALUES ('salty leaf','lbs','gram',10,4536);
INSERT INTO KONVERSI_BAHAN_BAKU VALUES ('salty leaf','lbs','kg',11,5);
INSERT INTO KONVERSI_BAHAN_BAKU VALUES ('salty leaf','lbs','lbs',1,1);
INSERT INTO KONVERSI_BAHAN_BAKU VALUES ('salty leaf','lbs','oz',1,16);
INSERT INTO KONVERSI_BAHAN_BAKU VALUES ('salty leaf','lbs','hg',11,50);
INSERT INTO KONVERSI_BAHAN_BAKU VALUES ('salty leaf','oz','gram',100,2835);
INSERT INTO KONVERSI_BAHAN_BAKU VALUES ('salty leaf','oz','kg',17637,500);
INSERT INTO KONVERSI_BAHAN_BAKU VALUES ('salty leaf','oz','lbs',16,1);
INSERT INTO KONVERSI_BAHAN_BAKU VALUES ('salty leaf','oz','oz',1,1);
INSERT INTO KONVERSI_BAHAN_BAKU VALUES ('salty leaf','oz','hg',17637,5000);
INSERT INTO KONVERSI_BAHAN_BAKU VALUES ('salty leaf','hg','gram',1,100);
INSERT INTO KONVERSI_BAHAN_BAKU VALUES ('salty leaf','hg','kg',10,1);
INSERT INTO KONVERSI_BAHAN_BAKU VALUES ('salty leaf','hg','lbs',50,11);
INSERT INTO KONVERSI_BAHAN_BAKU VALUES ('salty leaf','hg','oz',5000,17637);
INSERT INTO KONVERSI_BAHAN_BAKU VALUES ('salty leaf','hg','hg',1,1);
INSERT INTO KONVERSI_BAHAN_BAKU VALUES ('watery water','gram','gram',1,1);
INSERT INTO KONVERSI_BAHAN_BAKU VALUES ('watery water','gram','kg',1000,1);
INSERT INTO KONVERSI_BAHAN_BAKU VALUES ('watery water','gram','lbs',4536,10);
INSERT INTO KONVERSI_BAHAN_BAKU VALUES ('watery water','gram','oz',2835,100);
INSERT INTO KONVERSI_BAHAN_BAKU VALUES ('watery water','gram','hg',100,1);
INSERT INTO KONVERSI_BAHAN_BAKU VALUES ('watery water','kg','gram',1,1000);
INSERT INTO KONVERSI_BAHAN_BAKU VALUES ('watery water','kg','kg',1,1);
INSERT INTO KONVERSI_BAHAN_BAKU VALUES ('watery water','kg','lbs',5,11);
INSERT INTO KONVERSI_BAHAN_BAKU VALUES ('watery water','kg','oz',500,17637);
INSERT INTO KONVERSI_BAHAN_BAKU VALUES ('watery water','kg','hg',1,10);
INSERT INTO KONVERSI_BAHAN_BAKU VALUES ('watery water','lbs','gram',10,4536);
INSERT INTO KONVERSI_BAHAN_BAKU VALUES ('watery water','lbs','kg',11,5);
INSERT INTO KONVERSI_BAHAN_BAKU VALUES ('watery water','lbs','lbs',1,1);
INSERT INTO KONVERSI_BAHAN_BAKU VALUES ('watery water','lbs','oz',1,16);
INSERT INTO KONVERSI_BAHAN_BAKU VALUES ('watery water','lbs','hg',11,50);
INSERT INTO KONVERSI_BAHAN_BAKU VALUES ('watery water','oz','gram',100,2835);
INSERT INTO KONVERSI_BAHAN_BAKU VALUES ('watery water','oz','kg',17637,500);
INSERT INTO KONVERSI_BAHAN_BAKU VALUES ('watery water','oz','lbs',16,1);
INSERT INTO KONVERSI_BAHAN_BAKU VALUES ('watery water','oz','oz',1,1);
INSERT INTO KONVERSI_BAHAN_BAKU VALUES ('watery water','oz','hg',17637,5000);
INSERT INTO KONVERSI_BAHAN_BAKU VALUES ('watery water','hg','gram',1,100);
INSERT INTO KONVERSI_BAHAN_BAKU VALUES ('watery water','hg','kg',10,1);
INSERT INTO KONVERSI_BAHAN_BAKU VALUES ('watery water','hg','lbs',50,11);
INSERT INTO KONVERSI_BAHAN_BAKU VALUES ('watery water','hg','oz',5000,17637);
INSERT INTO KONVERSI_BAHAN_BAKU VALUES ('watery water','hg','hg',1,1);
INSERT INTO KONVERSI_BAHAN_BAKU VALUES ('vegetabley salt','gram','gram',1,1);
INSERT INTO KONVERSI_BAHAN_BAKU VALUES ('vegetabley salt','gram','kg',1000,1);
INSERT INTO KONVERSI_BAHAN_BAKU VALUES ('vegetabley salt','gram','lbs',4536,10);
INSERT INTO KONVERSI_BAHAN_BAKU VALUES ('vegetabley salt','gram','oz',2835,100);
INSERT INTO KONVERSI_BAHAN_BAKU VALUES ('vegetabley salt','gram','hg',100,1);
INSERT INTO KONVERSI_BAHAN_BAKU VALUES ('vegetabley salt','kg','gram',1,1000);
INSERT INTO KONVERSI_BAHAN_BAKU VALUES ('vegetabley salt','kg','kg',1,1);
INSERT INTO KONVERSI_BAHAN_BAKU VALUES ('vegetabley salt','kg','lbs',5,11);
INSERT INTO KONVERSI_BAHAN_BAKU VALUES ('vegetabley salt','kg','oz',500,17637);
INSERT INTO KONVERSI_BAHAN_BAKU VALUES ('vegetabley salt','kg','hg',1,10);
INSERT INTO KONVERSI_BAHAN_BAKU VALUES ('vegetabley salt','lbs','gram',10,4536);
INSERT INTO KONVERSI_BAHAN_BAKU VALUES ('vegetabley salt','lbs','kg',11,5);
INSERT INTO KONVERSI_BAHAN_BAKU VALUES ('vegetabley salt','lbs','lbs',1,1);
INSERT INTO KONVERSI_BAHAN_BAKU VALUES ('vegetabley salt','lbs','oz',1,16);
INSERT INTO KONVERSI_BAHAN_BAKU VALUES ('vegetabley salt','lbs','hg',11,50);
INSERT INTO KONVERSI_BAHAN_BAKU VALUES ('vegetabley salt','oz','gram',100,2835);
INSERT INTO KONVERSI_BAHAN_BAKU VALUES ('vegetabley salt','oz','kg',17637,500);
INSERT INTO KONVERSI_BAHAN_BAKU VALUES ('vegetabley salt','oz','lbs',16,1);
INSERT INTO KONVERSI_BAHAN_BAKU VALUES ('vegetabley salt','oz','oz',1,1);
INSERT INTO KONVERSI_BAHAN_BAKU VALUES ('vegetabley salt','oz','hg',17637,5000);
INSERT INTO KONVERSI_BAHAN_BAKU VALUES ('vegetabley salt','hg','gram',1,100);
INSERT INTO KONVERSI_BAHAN_BAKU VALUES ('vegetabley salt','hg','kg',10,1);
INSERT INTO KONVERSI_BAHAN_BAKU VALUES ('vegetabley salt','hg','lbs',50,11);
INSERT INTO KONVERSI_BAHAN_BAKU VALUES ('vegetabley salt','hg','oz',5000,17637);
INSERT INTO KONVERSI_BAHAN_BAKU VALUES ('vegetabley salt','hg','hg',1,1);
INSERT INTO KONVERSI_BAHAN_BAKU VALUES ('vegetabley fruit','gram','gram',1,1);
INSERT INTO KONVERSI_BAHAN_BAKU VALUES ('vegetabley fruit','gram','kg',1000,1);
INSERT INTO KONVERSI_BAHAN_BAKU VALUES ('vegetabley fruit','gram','lbs',4536,10);
INSERT INTO KONVERSI_BAHAN_BAKU VALUES ('vegetabley fruit','gram','oz',2835,100);
INSERT INTO KONVERSI_BAHAN_BAKU VALUES ('vegetabley fruit','gram','hg',100,1);
INSERT INTO KONVERSI_BAHAN_BAKU VALUES ('vegetabley fruit','kg','gram',1,1000);
INSERT INTO KONVERSI_BAHAN_BAKU VALUES ('vegetabley fruit','kg','kg',1,1);
INSERT INTO KONVERSI_BAHAN_BAKU VALUES ('vegetabley fruit','kg','lbs',5,11);
INSERT INTO KONVERSI_BAHAN_BAKU VALUES ('vegetabley fruit','kg','oz',500,17637);
INSERT INTO KONVERSI_BAHAN_BAKU VALUES ('vegetabley fruit','kg','hg',1,10);
INSERT INTO KONVERSI_BAHAN_BAKU VALUES ('vegetabley fruit','lbs','gram',10,4536);
INSERT INTO KONVERSI_BAHAN_BAKU VALUES ('vegetabley fruit','lbs','kg',11,5);
INSERT INTO KONVERSI_BAHAN_BAKU VALUES ('vegetabley fruit','lbs','lbs',1,1);
INSERT INTO KONVERSI_BAHAN_BAKU VALUES ('vegetabley fruit','lbs','oz',1,16);
INSERT INTO KONVERSI_BAHAN_BAKU VALUES ('vegetabley fruit','lbs','hg',11,50);
INSERT INTO KONVERSI_BAHAN_BAKU VALUES ('vegetabley fruit','oz','gram',100,2835);
INSERT INTO KONVERSI_BAHAN_BAKU VALUES ('vegetabley fruit','oz','kg',17637,500);
INSERT INTO KONVERSI_BAHAN_BAKU VALUES ('vegetabley fruit','oz','lbs',16,1);
INSERT INTO KONVERSI_BAHAN_BAKU VALUES ('vegetabley fruit','oz','oz',1,1);
INSERT INTO KONVERSI_BAHAN_BAKU VALUES ('vegetabley fruit','oz','hg',17637,5000);
INSERT INTO KONVERSI_BAHAN_BAKU VALUES ('vegetabley fruit','hg','gram',1,100);
INSERT INTO KONVERSI_BAHAN_BAKU VALUES ('vegetabley fruit','hg','kg',10,1);
INSERT INTO KONVERSI_BAHAN_BAKU VALUES ('vegetabley fruit','hg','lbs',50,11);
INSERT INTO KONVERSI_BAHAN_BAKU VALUES ('vegetabley fruit','hg','oz',5000,17637);
INSERT INTO KONVERSI_BAHAN_BAKU VALUES ('vegetabley fruit','hg','hg',1,1);
INSERT INTO KONVERSI_BAHAN_BAKU VALUES ('vegetabley vegetable','gram','gram',1,1);
INSERT INTO KONVERSI_BAHAN_BAKU VALUES ('vegetabley vegetable','gram','kg',1000,1);
INSERT INTO KONVERSI_BAHAN_BAKU VALUES ('vegetabley vegetable','gram','lbs',4536,10);
INSERT INTO KONVERSI_BAHAN_BAKU VALUES ('vegetabley vegetable','gram','oz',2835,100);
INSERT INTO KONVERSI_BAHAN_BAKU VALUES ('vegetabley vegetable','gram','hg',100,1);
INSERT INTO KONVERSI_BAHAN_BAKU VALUES ('vegetabley vegetable','kg','gram',1,1000);
INSERT INTO KONVERSI_BAHAN_BAKU VALUES ('vegetabley vegetable','kg','kg',1,1);
INSERT INTO KONVERSI_BAHAN_BAKU VALUES ('vegetabley vegetable','kg','lbs',5,11);
INSERT INTO KONVERSI_BAHAN_BAKU VALUES ('vegetabley vegetable','kg','oz',500,17637);
INSERT INTO KONVERSI_BAHAN_BAKU VALUES ('vegetabley vegetable','kg','hg',1,10);
INSERT INTO KONVERSI_BAHAN_BAKU VALUES ('vegetabley vegetable','lbs','gram',10,4536);
INSERT INTO KONVERSI_BAHAN_BAKU VALUES ('vegetabley vegetable','lbs','kg',11,5);
INSERT INTO KONVERSI_BAHAN_BAKU VALUES ('vegetabley vegetable','lbs','lbs',1,1);
INSERT INTO KONVERSI_BAHAN_BAKU VALUES ('vegetabley vegetable','lbs','oz',1,16);
INSERT INTO KONVERSI_BAHAN_BAKU VALUES ('vegetabley vegetable','lbs','hg',11,50);
INSERT INTO KONVERSI_BAHAN_BAKU VALUES ('vegetabley vegetable','oz','gram',100,2835);
INSERT INTO KONVERSI_BAHAN_BAKU VALUES ('vegetabley vegetable','oz','kg',17637,500);
INSERT INTO KONVERSI_BAHAN_BAKU VALUES ('vegetabley vegetable','oz','lbs',16,1);
INSERT INTO KONVERSI_BAHAN_BAKU VALUES ('vegetabley vegetable','oz','oz',1,1);
INSERT INTO KONVERSI_BAHAN_BAKU VALUES ('vegetabley vegetable','oz','hg',17637,5000);
INSERT INTO KONVERSI_BAHAN_BAKU VALUES ('vegetabley vegetable','hg','gram',1,100);
INSERT INTO KONVERSI_BAHAN_BAKU VALUES ('vegetabley vegetable','hg','kg',10,1);
INSERT INTO KONVERSI_BAHAN_BAKU VALUES ('vegetabley vegetable','hg','lbs',50,11);
INSERT INTO KONVERSI_BAHAN_BAKU VALUES ('vegetabley vegetable','hg','oz',5000,17637);
INSERT INTO KONVERSI_BAHAN_BAKU VALUES ('vegetabley vegetable','hg','hg',1,1);
INSERT INTO KONVERSI_BAHAN_BAKU VALUES ('chiliy water','gram','gram',1,1);
INSERT INTO KONVERSI_BAHAN_BAKU VALUES ('chiliy water','gram','kg',1000,1);
INSERT INTO KONVERSI_BAHAN_BAKU VALUES ('chiliy water','gram','lbs',4536,10);
INSERT INTO KONVERSI_BAHAN_BAKU VALUES ('chiliy water','gram','oz',2835,100);
INSERT INTO KONVERSI_BAHAN_BAKU VALUES ('chiliy water','gram','hg',100,1);
INSERT INTO KONVERSI_BAHAN_BAKU VALUES ('chiliy water','kg','gram',1,1000);
INSERT INTO KONVERSI_BAHAN_BAKU VALUES ('chiliy water','kg','kg',1,1);
INSERT INTO KONVERSI_BAHAN_BAKU VALUES ('chiliy water','kg','lbs',5,11);
INSERT INTO KONVERSI_BAHAN_BAKU VALUES ('chiliy water','kg','oz',500,17637);
INSERT INTO KONVERSI_BAHAN_BAKU VALUES ('chiliy water','kg','hg',1,10);
INSERT INTO KONVERSI_BAHAN_BAKU VALUES ('chiliy water','lbs','gram',10,4536);
INSERT INTO KONVERSI_BAHAN_BAKU VALUES ('chiliy water','lbs','kg',11,5);
INSERT INTO KONVERSI_BAHAN_BAKU VALUES ('chiliy water','lbs','lbs',1,1);
INSERT INTO KONVERSI_BAHAN_BAKU VALUES ('chiliy water','lbs','oz',1,16);
INSERT INTO KONVERSI_BAHAN_BAKU VALUES ('chiliy water','lbs','hg',11,50);
INSERT INTO KONVERSI_BAHAN_BAKU VALUES ('chiliy water','oz','gram',100,2835);
INSERT INTO KONVERSI_BAHAN_BAKU VALUES ('chiliy water','oz','kg',17637,500);
INSERT INTO KONVERSI_BAHAN_BAKU VALUES ('chiliy water','oz','lbs',16,1);
INSERT INTO KONVERSI_BAHAN_BAKU VALUES ('chiliy water','oz','oz',1,1);
INSERT INTO KONVERSI_BAHAN_BAKU VALUES ('chiliy water','oz','hg',17637,5000);
INSERT INTO KONVERSI_BAHAN_BAKU VALUES ('chiliy water','hg','gram',1,100);
INSERT INTO KONVERSI_BAHAN_BAKU VALUES ('chiliy water','hg','kg',10,1);
INSERT INTO KONVERSI_BAHAN_BAKU VALUES ('chiliy water','hg','lbs',50,11);
INSERT INTO KONVERSI_BAHAN_BAKU VALUES ('chiliy water','hg','oz',5000,17637);
INSERT INTO KONVERSI_BAHAN_BAKU VALUES ('chiliy water','hg','hg',1,1);
INSERT INTO KONVERSI_BAHAN_BAKU VALUES ('watery leaf','gram','gram',1,1);
INSERT INTO KONVERSI_BAHAN_BAKU VALUES ('watery leaf','gram','kg',1000,1);
INSERT INTO KONVERSI_BAHAN_BAKU VALUES ('watery leaf','gram','lbs',4536,10);
INSERT INTO KONVERSI_BAHAN_BAKU VALUES ('watery leaf','gram','oz',2835,100);
INSERT INTO KONVERSI_BAHAN_BAKU VALUES ('watery leaf','gram','hg',100,1);
INSERT INTO KONVERSI_BAHAN_BAKU VALUES ('watery leaf','kg','gram',1,1000);
INSERT INTO KONVERSI_BAHAN_BAKU VALUES ('watery leaf','kg','kg',1,1);
INSERT INTO KONVERSI_BAHAN_BAKU VALUES ('watery leaf','kg','lbs',5,11);
INSERT INTO KONVERSI_BAHAN_BAKU VALUES ('watery leaf','kg','oz',500,17637);
INSERT INTO KONVERSI_BAHAN_BAKU VALUES ('watery leaf','kg','hg',1,10);
INSERT INTO KONVERSI_BAHAN_BAKU VALUES ('watery leaf','lbs','gram',10,4536);
INSERT INTO KONVERSI_BAHAN_BAKU VALUES ('watery leaf','lbs','kg',11,5);
INSERT INTO KONVERSI_BAHAN_BAKU VALUES ('watery leaf','lbs','lbs',1,1);
INSERT INTO KONVERSI_BAHAN_BAKU VALUES ('watery leaf','lbs','oz',1,16);
INSERT INTO KONVERSI_BAHAN_BAKU VALUES ('watery leaf','lbs','hg',11,50);
INSERT INTO KONVERSI_BAHAN_BAKU VALUES ('watery leaf','oz','gram',100,2835);
INSERT INTO KONVERSI_BAHAN_BAKU VALUES ('watery leaf','oz','kg',17637,500);
INSERT INTO KONVERSI_BAHAN_BAKU VALUES ('watery leaf','oz','lbs',16,1);
INSERT INTO KONVERSI_BAHAN_BAKU VALUES ('watery leaf','oz','oz',1,1);
INSERT INTO KONVERSI_BAHAN_BAKU VALUES ('watery leaf','oz','hg',17637,5000);
INSERT INTO KONVERSI_BAHAN_BAKU VALUES ('watery leaf','hg','gram',1,100);
INSERT INTO KONVERSI_BAHAN_BAKU VALUES ('watery leaf','hg','kg',10,1);
INSERT INTO KONVERSI_BAHAN_BAKU VALUES ('watery leaf','hg','lbs',50,11);
INSERT INTO KONVERSI_BAHAN_BAKU VALUES ('watery leaf','hg','oz',5000,17637);
INSERT INTO KONVERSI_BAHAN_BAKU VALUES ('watery leaf','hg','hg',1,1);
INSERT INTO KONVERSI_BAHAN_BAKU VALUES ('fruity fruit','gram','gram',1,1);
INSERT INTO KONVERSI_BAHAN_BAKU VALUES ('fruity fruit','gram','kg',1000,1);
INSERT INTO KONVERSI_BAHAN_BAKU VALUES ('fruity fruit','gram','lbs',4536,10);
INSERT INTO KONVERSI_BAHAN_BAKU VALUES ('fruity fruit','gram','oz',2835,100);
INSERT INTO KONVERSI_BAHAN_BAKU VALUES ('fruity fruit','gram','hg',100,1);
INSERT INTO KONVERSI_BAHAN_BAKU VALUES ('fruity fruit','kg','gram',1,1000);
INSERT INTO KONVERSI_BAHAN_BAKU VALUES ('fruity fruit','kg','kg',1,1);
INSERT INTO KONVERSI_BAHAN_BAKU VALUES ('fruity fruit','kg','lbs',5,11);
INSERT INTO KONVERSI_BAHAN_BAKU VALUES ('fruity fruit','kg','oz',500,17637);
INSERT INTO KONVERSI_BAHAN_BAKU VALUES ('fruity fruit','kg','hg',1,10);
INSERT INTO KONVERSI_BAHAN_BAKU VALUES ('fruity fruit','lbs','gram',10,4536);
INSERT INTO KONVERSI_BAHAN_BAKU VALUES ('fruity fruit','lbs','kg',11,5);
INSERT INTO KONVERSI_BAHAN_BAKU VALUES ('fruity fruit','lbs','lbs',1,1);
INSERT INTO KONVERSI_BAHAN_BAKU VALUES ('fruity fruit','lbs','oz',1,16);
INSERT INTO KONVERSI_BAHAN_BAKU VALUES ('fruity fruit','lbs','hg',11,50);
INSERT INTO KONVERSI_BAHAN_BAKU VALUES ('fruity fruit','oz','gram',100,2835);
INSERT INTO KONVERSI_BAHAN_BAKU VALUES ('fruity fruit','oz','kg',17637,500);
INSERT INTO KONVERSI_BAHAN_BAKU VALUES ('fruity fruit','oz','lbs',16,1);
INSERT INTO KONVERSI_BAHAN_BAKU VALUES ('fruity fruit','oz','oz',1,1);
INSERT INTO KONVERSI_BAHAN_BAKU VALUES ('fruity fruit','oz','hg',17637,5000);
INSERT INTO KONVERSI_BAHAN_BAKU VALUES ('fruity fruit','hg','gram',1,100);
INSERT INTO KONVERSI_BAHAN_BAKU VALUES ('fruity fruit','hg','kg',10,1);
INSERT INTO KONVERSI_BAHAN_BAKU VALUES ('fruity fruit','hg','lbs',50,11);
INSERT INTO KONVERSI_BAHAN_BAKU VALUES ('fruity fruit','hg','oz',5000,17637);
INSERT INTO KONVERSI_BAHAN_BAKU VALUES ('fruity fruit','hg','hg',1,1);
INSERT INTO KONVERSI_BAHAN_BAKU VALUES ('leafy rice','gram','gram',1,1);
INSERT INTO KONVERSI_BAHAN_BAKU VALUES ('leafy rice','gram','kg',1000,1);
INSERT INTO KONVERSI_BAHAN_BAKU VALUES ('leafy rice','gram','lbs',4536,10);
INSERT INTO KONVERSI_BAHAN_BAKU VALUES ('leafy rice','gram','oz',2835,100);
INSERT INTO KONVERSI_BAHAN_BAKU VALUES ('leafy rice','gram','hg',100,1);
INSERT INTO KONVERSI_BAHAN_BAKU VALUES ('leafy rice','kg','gram',1,1000);
INSERT INTO KONVERSI_BAHAN_BAKU VALUES ('leafy rice','kg','kg',1,1);
INSERT INTO KONVERSI_BAHAN_BAKU VALUES ('leafy rice','kg','lbs',5,11);
INSERT INTO KONVERSI_BAHAN_BAKU VALUES ('leafy rice','kg','oz',500,17637);
INSERT INTO KONVERSI_BAHAN_BAKU VALUES ('leafy rice','kg','hg',1,10);
INSERT INTO KONVERSI_BAHAN_BAKU VALUES ('leafy rice','lbs','gram',10,4536);
INSERT INTO KONVERSI_BAHAN_BAKU VALUES ('leafy rice','lbs','kg',11,5);
INSERT INTO KONVERSI_BAHAN_BAKU VALUES ('leafy rice','lbs','lbs',1,1);
INSERT INTO KONVERSI_BAHAN_BAKU VALUES ('leafy rice','lbs','oz',1,16);
INSERT INTO KONVERSI_BAHAN_BAKU VALUES ('leafy rice','lbs','hg',11,50);
INSERT INTO KONVERSI_BAHAN_BAKU VALUES ('leafy rice','oz','gram',100,2835);
INSERT INTO KONVERSI_BAHAN_BAKU VALUES ('leafy rice','oz','kg',17637,500);
INSERT INTO KONVERSI_BAHAN_BAKU VALUES ('leafy rice','oz','lbs',16,1);
INSERT INTO KONVERSI_BAHAN_BAKU VALUES ('leafy rice','oz','oz',1,1);
INSERT INTO KONVERSI_BAHAN_BAKU VALUES ('leafy rice','oz','hg',17637,5000);
INSERT INTO KONVERSI_BAHAN_BAKU VALUES ('leafy rice','hg','gram',1,100);
INSERT INTO KONVERSI_BAHAN_BAKU VALUES ('leafy rice','hg','kg',10,1);
INSERT INTO KONVERSI_BAHAN_BAKU VALUES ('leafy rice','hg','lbs',50,11);
INSERT INTO KONVERSI_BAHAN_BAKU VALUES ('leafy rice','hg','oz',5000,17637);
INSERT INTO KONVERSI_BAHAN_BAKU VALUES ('leafy rice','hg','hg',1,1);
INSERT INTO KONVERSI_BAHAN_BAKU VALUES ('chiliy noodle','gram','gram',1,1);
INSERT INTO KONVERSI_BAHAN_BAKU VALUES ('chiliy noodle','gram','kg',1000,1);
INSERT INTO KONVERSI_BAHAN_BAKU VALUES ('chiliy noodle','gram','lbs',4536,10);
INSERT INTO KONVERSI_BAHAN_BAKU VALUES ('chiliy noodle','gram','oz',2835,100);
INSERT INTO KONVERSI_BAHAN_BAKU VALUES ('chiliy noodle','gram','hg',100,1);
INSERT INTO KONVERSI_BAHAN_BAKU VALUES ('chiliy noodle','kg','gram',1,1000);
INSERT INTO KONVERSI_BAHAN_BAKU VALUES ('chiliy noodle','kg','kg',1,1);
INSERT INTO KONVERSI_BAHAN_BAKU VALUES ('chiliy noodle','kg','lbs',5,11);
INSERT INTO KONVERSI_BAHAN_BAKU VALUES ('chiliy noodle','kg','oz',500,17637);
INSERT INTO KONVERSI_BAHAN_BAKU VALUES ('chiliy noodle','kg','hg',1,10);
INSERT INTO KONVERSI_BAHAN_BAKU VALUES ('chiliy noodle','lbs','gram',10,4536);
INSERT INTO KONVERSI_BAHAN_BAKU VALUES ('chiliy noodle','lbs','kg',11,5);
INSERT INTO KONVERSI_BAHAN_BAKU VALUES ('chiliy noodle','lbs','lbs',1,1);
INSERT INTO KONVERSI_BAHAN_BAKU VALUES ('chiliy noodle','lbs','oz',1,16);
INSERT INTO KONVERSI_BAHAN_BAKU VALUES ('chiliy noodle','lbs','hg',11,50);
INSERT INTO KONVERSI_BAHAN_BAKU VALUES ('chiliy noodle','oz','gram',100,2835);
INSERT INTO KONVERSI_BAHAN_BAKU VALUES ('chiliy noodle','oz','kg',17637,500);
INSERT INTO KONVERSI_BAHAN_BAKU VALUES ('chiliy noodle','oz','lbs',16,1);
INSERT INTO KONVERSI_BAHAN_BAKU VALUES ('chiliy noodle','oz','oz',1,1);
INSERT INTO KONVERSI_BAHAN_BAKU VALUES ('chiliy noodle','oz','hg',17637,5000);
INSERT INTO KONVERSI_BAHAN_BAKU VALUES ('chiliy noodle','hg','gram',1,100);
INSERT INTO KONVERSI_BAHAN_BAKU VALUES ('chiliy noodle','hg','kg',10,1);
INSERT INTO KONVERSI_BAHAN_BAKU VALUES ('chiliy noodle','hg','lbs',50,11);
INSERT INTO KONVERSI_BAHAN_BAKU VALUES ('chiliy noodle','hg','oz',5000,17637);
INSERT INTO KONVERSI_BAHAN_BAKU VALUES ('chiliy noodle','hg','hg',1,1);
INSERT INTO KONVERSI_BAHAN_BAKU VALUES ('fruity rice','gram','gram',1,1);
INSERT INTO KONVERSI_BAHAN_BAKU VALUES ('fruity rice','gram','kg',1000,1);
INSERT INTO KONVERSI_BAHAN_BAKU VALUES ('fruity rice','gram','lbs',4536,10);
INSERT INTO KONVERSI_BAHAN_BAKU VALUES ('fruity rice','gram','oz',2835,100);
INSERT INTO KONVERSI_BAHAN_BAKU VALUES ('fruity rice','gram','hg',100,1);
INSERT INTO KONVERSI_BAHAN_BAKU VALUES ('fruity rice','kg','gram',1,1000);
INSERT INTO KONVERSI_BAHAN_BAKU VALUES ('fruity rice','kg','kg',1,1);
INSERT INTO KONVERSI_BAHAN_BAKU VALUES ('fruity rice','kg','lbs',5,11);
INSERT INTO KONVERSI_BAHAN_BAKU VALUES ('fruity rice','kg','oz',500,17637);
INSERT INTO KONVERSI_BAHAN_BAKU VALUES ('fruity rice','kg','hg',1,10);
INSERT INTO KONVERSI_BAHAN_BAKU VALUES ('fruity rice','lbs','gram',10,4536);
INSERT INTO KONVERSI_BAHAN_BAKU VALUES ('fruity rice','lbs','kg',11,5);
INSERT INTO KONVERSI_BAHAN_BAKU VALUES ('fruity rice','lbs','lbs',1,1);
INSERT INTO KONVERSI_BAHAN_BAKU VALUES ('fruity rice','lbs','oz',1,16);
INSERT INTO KONVERSI_BAHAN_BAKU VALUES ('fruity rice','lbs','hg',11,50);
INSERT INTO KONVERSI_BAHAN_BAKU VALUES ('fruity rice','oz','gram',100,2835);
INSERT INTO KONVERSI_BAHAN_BAKU VALUES ('fruity rice','oz','kg',17637,500);
INSERT INTO KONVERSI_BAHAN_BAKU VALUES ('fruity rice','oz','lbs',16,1);
INSERT INTO KONVERSI_BAHAN_BAKU VALUES ('fruity rice','oz','oz',1,1);
INSERT INTO KONVERSI_BAHAN_BAKU VALUES ('fruity rice','oz','hg',17637,5000);
INSERT INTO KONVERSI_BAHAN_BAKU VALUES ('fruity rice','hg','gram',1,100);
INSERT INTO KONVERSI_BAHAN_BAKU VALUES ('fruity rice','hg','kg',10,1);
INSERT INTO KONVERSI_BAHAN_BAKU VALUES ('fruity rice','hg','lbs',50,11);
INSERT INTO KONVERSI_BAHAN_BAKU VALUES ('fruity rice','hg','oz',5000,17637);
INSERT INTO KONVERSI_BAHAN_BAKU VALUES ('fruity rice','hg','hg',1,1);
INSERT INTO KONVERSI_BAHAN_BAKU VALUES ('ricey salt','gram','gram',1,1);
INSERT INTO KONVERSI_BAHAN_BAKU VALUES ('ricey salt','gram','kg',1000,1);
INSERT INTO KONVERSI_BAHAN_BAKU VALUES ('ricey salt','gram','lbs',4536,10);
INSERT INTO KONVERSI_BAHAN_BAKU VALUES ('ricey salt','gram','oz',2835,100);
INSERT INTO KONVERSI_BAHAN_BAKU VALUES ('ricey salt','gram','hg',100,1);
INSERT INTO KONVERSI_BAHAN_BAKU VALUES ('ricey salt','kg','gram',1,1000);
INSERT INTO KONVERSI_BAHAN_BAKU VALUES ('ricey salt','kg','kg',1,1);
INSERT INTO KONVERSI_BAHAN_BAKU VALUES ('ricey salt','kg','lbs',5,11);
INSERT INTO KONVERSI_BAHAN_BAKU VALUES ('ricey salt','kg','oz',500,17637);
INSERT INTO KONVERSI_BAHAN_BAKU VALUES ('ricey salt','kg','hg',1,10);
INSERT INTO KONVERSI_BAHAN_BAKU VALUES ('ricey salt','lbs','gram',10,4536);
INSERT INTO KONVERSI_BAHAN_BAKU VALUES ('ricey salt','lbs','kg',11,5);
INSERT INTO KONVERSI_BAHAN_BAKU VALUES ('ricey salt','lbs','lbs',1,1);
INSERT INTO KONVERSI_BAHAN_BAKU VALUES ('ricey salt','lbs','oz',1,16);
INSERT INTO KONVERSI_BAHAN_BAKU VALUES ('ricey salt','lbs','hg',11,50);
INSERT INTO KONVERSI_BAHAN_BAKU VALUES ('ricey salt','oz','gram',100,2835);
INSERT INTO KONVERSI_BAHAN_BAKU VALUES ('ricey salt','oz','kg',17637,500);
INSERT INTO KONVERSI_BAHAN_BAKU VALUES ('ricey salt','oz','lbs',16,1);
INSERT INTO KONVERSI_BAHAN_BAKU VALUES ('ricey salt','oz','oz',1,1);
INSERT INTO KONVERSI_BAHAN_BAKU VALUES ('ricey salt','oz','hg',17637,5000);
INSERT INTO KONVERSI_BAHAN_BAKU VALUES ('ricey salt','hg','gram',1,100);
INSERT INTO KONVERSI_BAHAN_BAKU VALUES ('ricey salt','hg','kg',10,1);
INSERT INTO KONVERSI_BAHAN_BAKU VALUES ('ricey salt','hg','lbs',50,11);
INSERT INTO KONVERSI_BAHAN_BAKU VALUES ('ricey salt','hg','oz',5000,17637);
INSERT INTO KONVERSI_BAHAN_BAKU VALUES ('ricey salt','hg','hg',1,1);
INSERT INTO KONVERSI_BAHAN_BAKU VALUES ('watery fruit','gram','gram',1,1);
INSERT INTO KONVERSI_BAHAN_BAKU VALUES ('watery fruit','gram','kg',1000,1);
INSERT INTO KONVERSI_BAHAN_BAKU VALUES ('watery fruit','gram','lbs',4536,10);
INSERT INTO KONVERSI_BAHAN_BAKU VALUES ('watery fruit','gram','oz',2835,100);
INSERT INTO KONVERSI_BAHAN_BAKU VALUES ('watery fruit','gram','hg',100,1);
INSERT INTO KONVERSI_BAHAN_BAKU VALUES ('watery fruit','kg','gram',1,1000);
INSERT INTO KONVERSI_BAHAN_BAKU VALUES ('watery fruit','kg','kg',1,1);
INSERT INTO KONVERSI_BAHAN_BAKU VALUES ('watery fruit','kg','lbs',5,11);
INSERT INTO KONVERSI_BAHAN_BAKU VALUES ('watery fruit','kg','oz',500,17637);
INSERT INTO KONVERSI_BAHAN_BAKU VALUES ('watery fruit','kg','hg',1,10);
INSERT INTO KONVERSI_BAHAN_BAKU VALUES ('watery fruit','lbs','gram',10,4536);
INSERT INTO KONVERSI_BAHAN_BAKU VALUES ('watery fruit','lbs','kg',11,5);
INSERT INTO KONVERSI_BAHAN_BAKU VALUES ('watery fruit','lbs','lbs',1,1);
INSERT INTO KONVERSI_BAHAN_BAKU VALUES ('watery fruit','lbs','oz',1,16);
INSERT INTO KONVERSI_BAHAN_BAKU VALUES ('watery fruit','lbs','hg',11,50);
INSERT INTO KONVERSI_BAHAN_BAKU VALUES ('watery fruit','oz','gram',100,2835);
INSERT INTO KONVERSI_BAHAN_BAKU VALUES ('watery fruit','oz','kg',17637,500);
INSERT INTO KONVERSI_BAHAN_BAKU VALUES ('watery fruit','oz','lbs',16,1);
INSERT INTO KONVERSI_BAHAN_BAKU VALUES ('watery fruit','oz','oz',1,1);
INSERT INTO KONVERSI_BAHAN_BAKU VALUES ('watery fruit','oz','hg',17637,5000);
INSERT INTO KONVERSI_BAHAN_BAKU VALUES ('watery fruit','hg','gram',1,100);
INSERT INTO KONVERSI_BAHAN_BAKU VALUES ('watery fruit','hg','kg',10,1);
INSERT INTO KONVERSI_BAHAN_BAKU VALUES ('watery fruit','hg','lbs',50,11);
INSERT INTO KONVERSI_BAHAN_BAKU VALUES ('watery fruit','hg','oz',5000,17637);
INSERT INTO KONVERSI_BAHAN_BAKU VALUES ('watery fruit','hg','hg',1,1);
INSERT INTO KONVERSI_BAHAN_BAKU VALUES ('leafy water','gram','gram',1,1);
INSERT INTO KONVERSI_BAHAN_BAKU VALUES ('leafy water','gram','kg',1000,1);
INSERT INTO KONVERSI_BAHAN_BAKU VALUES ('leafy water','gram','lbs',4536,10);
INSERT INTO KONVERSI_BAHAN_BAKU VALUES ('leafy water','gram','oz',2835,100);
INSERT INTO KONVERSI_BAHAN_BAKU VALUES ('leafy water','gram','hg',100,1);
INSERT INTO KONVERSI_BAHAN_BAKU VALUES ('leafy water','kg','gram',1,1000);
INSERT INTO KONVERSI_BAHAN_BAKU VALUES ('leafy water','kg','kg',1,1);
INSERT INTO KONVERSI_BAHAN_BAKU VALUES ('leafy water','kg','lbs',5,11);
INSERT INTO KONVERSI_BAHAN_BAKU VALUES ('leafy water','kg','oz',500,17637);
INSERT INTO KONVERSI_BAHAN_BAKU VALUES ('leafy water','kg','hg',1,10);
INSERT INTO KONVERSI_BAHAN_BAKU VALUES ('leafy water','lbs','gram',10,4536);
INSERT INTO KONVERSI_BAHAN_BAKU VALUES ('leafy water','lbs','kg',11,5);
INSERT INTO KONVERSI_BAHAN_BAKU VALUES ('leafy water','lbs','lbs',1,1);
INSERT INTO KONVERSI_BAHAN_BAKU VALUES ('leafy water','lbs','oz',1,16);
INSERT INTO KONVERSI_BAHAN_BAKU VALUES ('leafy water','lbs','hg',11,50);
INSERT INTO KONVERSI_BAHAN_BAKU VALUES ('leafy water','oz','gram',100,2835);
INSERT INTO KONVERSI_BAHAN_BAKU VALUES ('leafy water','oz','kg',17637,500);
INSERT INTO KONVERSI_BAHAN_BAKU VALUES ('leafy water','oz','lbs',16,1);
INSERT INTO KONVERSI_BAHAN_BAKU VALUES ('leafy water','oz','oz',1,1);
INSERT INTO KONVERSI_BAHAN_BAKU VALUES ('leafy water','oz','hg',17637,5000);
INSERT INTO KONVERSI_BAHAN_BAKU VALUES ('leafy water','hg','gram',1,100);
INSERT INTO KONVERSI_BAHAN_BAKU VALUES ('leafy water','hg','kg',10,1);
INSERT INTO KONVERSI_BAHAN_BAKU VALUES ('leafy water','hg','lbs',50,11);
INSERT INTO KONVERSI_BAHAN_BAKU VALUES ('leafy water','hg','oz',5000,17637);
INSERT INTO KONVERSI_BAHAN_BAKU VALUES ('leafy water','hg','hg',1,1);
INSERT INTO KONVERSI_BAHAN_BAKU VALUES ('noodley fruit','gram','gram',1,1);
INSERT INTO KONVERSI_BAHAN_BAKU VALUES ('noodley fruit','gram','kg',1000,1);
INSERT INTO KONVERSI_BAHAN_BAKU VALUES ('noodley fruit','gram','lbs',4536,10);
INSERT INTO KONVERSI_BAHAN_BAKU VALUES ('noodley fruit','gram','oz',2835,100);
INSERT INTO KONVERSI_BAHAN_BAKU VALUES ('noodley fruit','gram','hg',100,1);
INSERT INTO KONVERSI_BAHAN_BAKU VALUES ('noodley fruit','kg','gram',1,1000);
INSERT INTO KONVERSI_BAHAN_BAKU VALUES ('noodley fruit','kg','kg',1,1);
INSERT INTO KONVERSI_BAHAN_BAKU VALUES ('noodley fruit','kg','lbs',5,11);
INSERT INTO KONVERSI_BAHAN_BAKU VALUES ('noodley fruit','kg','oz',500,17637);
INSERT INTO KONVERSI_BAHAN_BAKU VALUES ('noodley fruit','kg','hg',1,10);
INSERT INTO KONVERSI_BAHAN_BAKU VALUES ('noodley fruit','lbs','gram',10,4536);
INSERT INTO KONVERSI_BAHAN_BAKU VALUES ('noodley fruit','lbs','kg',11,5);
INSERT INTO KONVERSI_BAHAN_BAKU VALUES ('noodley fruit','lbs','lbs',1,1);
INSERT INTO KONVERSI_BAHAN_BAKU VALUES ('noodley fruit','lbs','oz',1,16);
INSERT INTO KONVERSI_BAHAN_BAKU VALUES ('noodley fruit','lbs','hg',11,50);
INSERT INTO KONVERSI_BAHAN_BAKU VALUES ('noodley fruit','oz','gram',100,2835);
INSERT INTO KONVERSI_BAHAN_BAKU VALUES ('noodley fruit','oz','kg',17637,500);
INSERT INTO KONVERSI_BAHAN_BAKU VALUES ('noodley fruit','oz','lbs',16,1);
INSERT INTO KONVERSI_BAHAN_BAKU VALUES ('noodley fruit','oz','oz',1,1);
INSERT INTO KONVERSI_BAHAN_BAKU VALUES ('noodley fruit','oz','hg',17637,5000);
INSERT INTO KONVERSI_BAHAN_BAKU VALUES ('noodley fruit','hg','gram',1,100);
INSERT INTO KONVERSI_BAHAN_BAKU VALUES ('noodley fruit','hg','kg',10,1);
INSERT INTO KONVERSI_BAHAN_BAKU VALUES ('noodley fruit','hg','lbs',50,11);
INSERT INTO KONVERSI_BAHAN_BAKU VALUES ('noodley fruit','hg','oz',5000,17637);
INSERT INTO KONVERSI_BAHAN_BAKU VALUES ('noodley fruit','hg','hg',1,1);
INSERT INTO KONVERSI_BAHAN_BAKU VALUES ('fruity chili','gram','gram',1,1);
INSERT INTO KONVERSI_BAHAN_BAKU VALUES ('fruity chili','gram','kg',1000,1);
INSERT INTO KONVERSI_BAHAN_BAKU VALUES ('fruity chili','gram','lbs',4536,10);
INSERT INTO KONVERSI_BAHAN_BAKU VALUES ('fruity chili','gram','oz',2835,100);
INSERT INTO KONVERSI_BAHAN_BAKU VALUES ('fruity chili','gram','hg',100,1);
INSERT INTO KONVERSI_BAHAN_BAKU VALUES ('fruity chili','kg','gram',1,1000);
INSERT INTO KONVERSI_BAHAN_BAKU VALUES ('fruity chili','kg','kg',1,1);
INSERT INTO KONVERSI_BAHAN_BAKU VALUES ('fruity chili','kg','lbs',5,11);
INSERT INTO KONVERSI_BAHAN_BAKU VALUES ('fruity chili','kg','oz',500,17637);
INSERT INTO KONVERSI_BAHAN_BAKU VALUES ('fruity chili','kg','hg',1,10);
INSERT INTO KONVERSI_BAHAN_BAKU VALUES ('fruity chili','lbs','gram',10,4536);
INSERT INTO KONVERSI_BAHAN_BAKU VALUES ('fruity chili','lbs','kg',11,5);
INSERT INTO KONVERSI_BAHAN_BAKU VALUES ('fruity chili','lbs','lbs',1,1);
INSERT INTO KONVERSI_BAHAN_BAKU VALUES ('fruity chili','lbs','oz',1,16);
INSERT INTO KONVERSI_BAHAN_BAKU VALUES ('fruity chili','lbs','hg',11,50);
INSERT INTO KONVERSI_BAHAN_BAKU VALUES ('fruity chili','oz','gram',100,2835);
INSERT INTO KONVERSI_BAHAN_BAKU VALUES ('fruity chili','oz','kg',17637,500);
INSERT INTO KONVERSI_BAHAN_BAKU VALUES ('fruity chili','oz','lbs',16,1);
INSERT INTO KONVERSI_BAHAN_BAKU VALUES ('fruity chili','oz','oz',1,1);
INSERT INTO KONVERSI_BAHAN_BAKU VALUES ('fruity chili','oz','hg',17637,5000);
INSERT INTO KONVERSI_BAHAN_BAKU VALUES ('fruity chili','hg','gram',1,100);
INSERT INTO KONVERSI_BAHAN_BAKU VALUES ('fruity chili','hg','kg',10,1);
INSERT INTO KONVERSI_BAHAN_BAKU VALUES ('fruity chili','hg','lbs',50,11);
INSERT INTO KONVERSI_BAHAN_BAKU VALUES ('fruity chili','hg','oz',5000,17637);
INSERT INTO KONVERSI_BAHAN_BAKU VALUES ('fruity chili','hg','hg',1,1);
INSERT INTO KONVERSI_BAHAN_BAKU VALUES ('salty vegetable','gram','gram',1,1);
INSERT INTO KONVERSI_BAHAN_BAKU VALUES ('salty vegetable','gram','kg',1000,1);
INSERT INTO KONVERSI_BAHAN_BAKU VALUES ('salty vegetable','gram','lbs',4536,10);
INSERT INTO KONVERSI_BAHAN_BAKU VALUES ('salty vegetable','gram','oz',2835,100);
INSERT INTO KONVERSI_BAHAN_BAKU VALUES ('salty vegetable','gram','hg',100,1);
INSERT INTO KONVERSI_BAHAN_BAKU VALUES ('salty vegetable','kg','gram',1,1000);
INSERT INTO KONVERSI_BAHAN_BAKU VALUES ('salty vegetable','kg','kg',1,1);
INSERT INTO KONVERSI_BAHAN_BAKU VALUES ('salty vegetable','kg','lbs',5,11);
INSERT INTO KONVERSI_BAHAN_BAKU VALUES ('salty vegetable','kg','oz',500,17637);
INSERT INTO KONVERSI_BAHAN_BAKU VALUES ('salty vegetable','kg','hg',1,10);
INSERT INTO KONVERSI_BAHAN_BAKU VALUES ('salty vegetable','lbs','gram',10,4536);
INSERT INTO KONVERSI_BAHAN_BAKU VALUES ('salty vegetable','lbs','kg',11,5);
INSERT INTO KONVERSI_BAHAN_BAKU VALUES ('salty vegetable','lbs','lbs',1,1);
INSERT INTO KONVERSI_BAHAN_BAKU VALUES ('salty vegetable','lbs','oz',1,16);
INSERT INTO KONVERSI_BAHAN_BAKU VALUES ('salty vegetable','lbs','hg',11,50);
INSERT INTO KONVERSI_BAHAN_BAKU VALUES ('salty vegetable','oz','gram',100,2835);
INSERT INTO KONVERSI_BAHAN_BAKU VALUES ('salty vegetable','oz','kg',17637,500);
INSERT INTO KONVERSI_BAHAN_BAKU VALUES ('salty vegetable','oz','lbs',16,1);
INSERT INTO KONVERSI_BAHAN_BAKU VALUES ('salty vegetable','oz','oz',1,1);
INSERT INTO KONVERSI_BAHAN_BAKU VALUES ('salty vegetable','oz','hg',17637,5000);
INSERT INTO KONVERSI_BAHAN_BAKU VALUES ('salty vegetable','hg','gram',1,100);
INSERT INTO KONVERSI_BAHAN_BAKU VALUES ('salty vegetable','hg','kg',10,1);
INSERT INTO KONVERSI_BAHAN_BAKU VALUES ('salty vegetable','hg','lbs',50,11);
INSERT INTO KONVERSI_BAHAN_BAKU VALUES ('salty vegetable','hg','oz',5000,17637);
INSERT INTO KONVERSI_BAHAN_BAKU VALUES ('salty vegetable','hg','hg',1,1);

--BAHAN_BAKU_MENU
INSERT INTO BAHAN_BAKU_MENU VALUES ('ricey rice','Special Pie',9,'oz');
INSERT INTO BAHAN_BAKU_MENU VALUES ('potatoy water','Spicy Tea',1,'kg');
INSERT INTO BAHAN_BAKU_MENU VALUES ('noodley water','Nice Juice',1,'kg');
INSERT INTO BAHAN_BAKU_MENU VALUES ('fruity fruit','Special Liquor',1,'lbs');
INSERT INTO BAHAN_BAKU_MENU VALUES ('leafy rice','Good Liquor',1,'lbs');
INSERT INTO BAHAN_BAKU_MENU VALUES ('papricay vegetable','Salty Milk',1,'kg');
INSERT INTO BAHAN_BAKU_MENU VALUES ('sugary water','Sweet Syrup',1,'lbs');
INSERT INTO BAHAN_BAKU_MENU VALUES ('papricay leaf','Shining Coffee',1,'lbs');
INSERT INTO BAHAN_BAKU_MENU VALUES ('chiliy sugar','Hot Noodle',1,'hg');
INSERT INTO BAHAN_BAKU_MENU VALUES ('vegetabley vegetable','Special Juice',1,'kg');
INSERT INTO BAHAN_BAKU_MENU VALUES ('potatoy water','Grilled Syrup',1,'kg');
INSERT INTO BAHAN_BAKU_MENU VALUES ('leafy water','Overpowered Coffee',1,'kg');
INSERT INTO BAHAN_BAKU_MENU VALUES ('leafy rice','Nice Chicken',1,'hg');
INSERT INTO BAHAN_BAKU_MENU VALUES ('watery leaf','Good Liquor',1,'hg');
INSERT INTO BAHAN_BAKU_MENU VALUES ('vegetabley salt','Spicy Noodle',4,'oz');
INSERT INTO BAHAN_BAKU_MENU VALUES ('fruity salt','Sweet Noodle',1,'kg');
INSERT INTO BAHAN_BAKU_MENU VALUES ('papricay paprica','Nice Juice',4,'oz');
INSERT INTO BAHAN_BAKU_MENU VALUES ('leafy potato','Burning Liquor',1,'lbs');
INSERT INTO BAHAN_BAKU_MENU VALUES ('noodley water','Spicy Liquor',1,'kg');
INSERT INTO BAHAN_BAKU_MENU VALUES ('potatoy fruit','Sweet Noodle',1,'lbs');
INSERT INTO BAHAN_BAKU_MENU VALUES ('watery potato','Spicy Noodle',4,'gram');
INSERT INTO BAHAN_BAKU_MENU VALUES ('salty vegetable','Special Juice',1,'hg');
INSERT INTO BAHAN_BAKU_MENU VALUES ('fruity chili','Special Pie',1,'hg');
INSERT INTO BAHAN_BAKU_MENU VALUES ('sugary water','Nice Juice',6,'oz');
INSERT INTO BAHAN_BAKU_MENU VALUES ('leafy potato','Burning Cup',1,'kg');
INSERT INTO BAHAN_BAKU_MENU VALUES ('watery leaf','Paradise Pizza',1,'hg');
INSERT INTO BAHAN_BAKU_MENU VALUES ('vegetabley potato','Spicy Tea',1,'hg');
INSERT INTO BAHAN_BAKU_MENU VALUES ('vegetabley salt','Burning Chicken',1,'hg');
INSERT INTO BAHAN_BAKU_MENU VALUES ('chiliy noodle','Shining Pie',7,'oz');
INSERT INTO BAHAN_BAKU_MENU VALUES ('potatoy water','Special Pie',4,'gram');
INSERT INTO BAHAN_BAKU_MENU VALUES ('ricey sugar','Nice Syrup',1,'lbs');
INSERT INTO BAHAN_BAKU_MENU VALUES ('watery fruit','Nice Juice',1,'kg');
INSERT INTO BAHAN_BAKU_MENU VALUES ('leafy water','Nice Rice',1,'lbs');
INSERT INTO BAHAN_BAKU_MENU VALUES ('potatoy rice','Sweet Sandwich',1,'kg');
INSERT INTO BAHAN_BAKU_MENU VALUES ('papricay paprica','Shining Sandwich',1,'lbs');
INSERT INTO BAHAN_BAKU_MENU VALUES ('ricey leaf','Grilled Tea',1,'lbs');
INSERT INTO BAHAN_BAKU_MENU VALUES ('fruity fruit','Shining Noodle',8,'gram');
INSERT INTO BAHAN_BAKU_MENU VALUES ('ricey sugar','Paradise Pie',1,'gram');
INSERT INTO BAHAN_BAKU_MENU VALUES ('salty vegetable','Grilled Chicken',1,'hg');
INSERT INTO BAHAN_BAKU_MENU VALUES ('vegetabley paprica','Hot Milk',1,'hg');
INSERT INTO BAHAN_BAKU_MENU VALUES ('ricey leaf','Fried Milk',4,'gram');
INSERT INTO BAHAN_BAKU_MENU VALUES ('papricay fruit','Special Juice',4,'gram');
INSERT INTO BAHAN_BAKU_MENU VALUES ('salty chili','Grilled Chicken',2,'oz');
INSERT INTO BAHAN_BAKU_MENU VALUES ('papricay fruit','Salty Rice',1,'kg');
INSERT INTO BAHAN_BAKU_MENU VALUES ('salty vegetable','Overpowered Coffee',3,'gram');
INSERT INTO BAHAN_BAKU_MENU VALUES ('watery potato','Hot Milk',1,'kg');
INSERT INTO BAHAN_BAKU_MENU VALUES ('chiliy noodle','Grilled Soda',1,'hg');
INSERT INTO BAHAN_BAKU_MENU VALUES ('leafy potato','Burning Chicken',1,'lbs');
INSERT INTO BAHAN_BAKU_MENU VALUES ('vegetabley fruit','Sweet Milk',1,'kg');
INSERT INTO BAHAN_BAKU_MENU VALUES ('potatoy rice','Grilled Burger',1,'hg');
INSERT INTO BAHAN_BAKU_MENU VALUES ('vegetabley noodle','Shining Pie',1,'hg');
INSERT INTO BAHAN_BAKU_MENU VALUES ('ricey rice','Sweet Coffee',1,'oz');
INSERT INTO BAHAN_BAKU_MENU VALUES ('watery sugar','Sweet Coffee',1,'kg');
INSERT INTO BAHAN_BAKU_MENU VALUES ('ricey sugar','Burning Cup',1,'lbs');
INSERT INTO BAHAN_BAKU_MENU VALUES ('papricay paprica','Hot Noodle',1,'lbs');
INSERT INTO BAHAN_BAKU_MENU VALUES ('leafy potato','Fried Milk',1,'kg');
INSERT INTO BAHAN_BAKU_MENU VALUES ('noodley chili','Fried Soda',1,'hg');
INSERT INTO BAHAN_BAKU_MENU VALUES ('ricey potato','Spicy Liquor',1,'hg');
INSERT INTO BAHAN_BAKU_MENU VALUES ('chiliy sugar','Salty Rice',10,'gram');
INSERT INTO BAHAN_BAKU_MENU VALUES ('fruity potato','Special Noodle',1,'kg');
INSERT INTO BAHAN_BAKU_MENU VALUES ('potatoy leaf','Overpowered Coffee',1,'hg');
INSERT INTO BAHAN_BAKU_MENU VALUES ('noodley fruit','Paradise Pie',3,'gram');
INSERT INTO BAHAN_BAKU_MENU VALUES ('watery fruit','Special Juice',1,'lbs');
INSERT INTO BAHAN_BAKU_MENU VALUES ('watery fruit','Grilled Soda',9,'oz');
INSERT INTO BAHAN_BAKU_MENU VALUES ('papricay noodle','Shining Meat',7,'gram');
INSERT INTO BAHAN_BAKU_MENU VALUES ('fruity potato','Shining Sandwich',6,'oz');
INSERT INTO BAHAN_BAKU_MENU VALUES ('chiliy water','Nice Juice',3,'gram');
INSERT INTO BAHAN_BAKU_MENU VALUES ('leafy rice','Shining Meat',4,'gram');
INSERT INTO BAHAN_BAKU_MENU VALUES ('ricey rice','Shining Sandwich',1,'lbs');
INSERT INTO BAHAN_BAKU_MENU VALUES ('sugary water','Shining Meat',1,'lbs');
INSERT INTO BAHAN_BAKU_MENU VALUES ('potatoy paprica','Nice Juice',1,'lbs');
INSERT INTO BAHAN_BAKU_MENU VALUES ('potatoy fruit','Good Liquor',8,'gram');
INSERT INTO BAHAN_BAKU_MENU VALUES ('papricay paprica','Shining Pie',1,'kg');
INSERT INTO BAHAN_BAKU_MENU VALUES ('potatoy water','Spicy Syrup',1,'kg');
INSERT INTO BAHAN_BAKU_MENU VALUES ('chiliy water','Grilled Chicken',6,'oz');
INSERT INTO BAHAN_BAKU_MENU VALUES ('vegetabley noodle','Special Noodle',1,'lbs');
INSERT INTO BAHAN_BAKU_MENU VALUES ('watery leaf','Grilled Soda',1,'lbs');
INSERT INTO BAHAN_BAKU_MENU VALUES ('noodley fruit','Hot Milk',6,'oz');
INSERT INTO BAHAN_BAKU_MENU VALUES ('noodley vegetable','Spicy Syrup',6,'oz');
INSERT INTO BAHAN_BAKU_MENU VALUES ('leafy potato','Salty Coffee',1,'hg');
INSERT INTO BAHAN_BAKU_MENU VALUES ('vegetabley salt','Spicy Tea',2,'gram');
INSERT INTO BAHAN_BAKU_MENU VALUES ('watery potato','Shining Sandwich',1,'hg');
INSERT INTO BAHAN_BAKU_MENU VALUES ('salty leaf','Fried Milk',7,'gram');
INSERT INTO BAHAN_BAKU_MENU VALUES ('fruity potato','Grilled Burger',1,'lbs');
INSERT INTO BAHAN_BAKU_MENU VALUES ('ricey vegetable','Special Juice',3,'gram');
INSERT INTO BAHAN_BAKU_MENU VALUES ('fruity leaf','Burning Cup',1,'hg');
INSERT INTO BAHAN_BAKU_MENU VALUES ('papricay vegetable','Fried Milk',1,'kg');
INSERT INTO BAHAN_BAKU_MENU VALUES ('fruity potato','Salty Milk',7,'gram');
INSERT INTO BAHAN_BAKU_MENU VALUES ('leafy potato','Sweet Syrup',1,'hg');
INSERT INTO BAHAN_BAKU_MENU VALUES ('potatoy leaf','Nice Syrup',1,'kg');
INSERT INTO BAHAN_BAKU_MENU VALUES ('ricey salt','Salty Syrup',7,'gram');
INSERT INTO BAHAN_BAKU_MENU VALUES ('watery fruit','Salty Coffee',3,'gram');
INSERT INTO BAHAN_BAKU_MENU VALUES ('salty chili','Spicy Tea',9,'oz');
INSERT INTO BAHAN_BAKU_MENU VALUES ('papricay noodle','Shining Sandwich',1,'hg');
INSERT INTO BAHAN_BAKU_MENU VALUES ('potatoy paprica','Overpowered Coffee',1,'lbs');
INSERT INTO BAHAN_BAKU_MENU VALUES ('papricay fruit','Good Juice',1,'hg');
INSERT INTO BAHAN_BAKU_MENU VALUES ('vegetabley leaf','Nice Rice',1,'lbs');
INSERT INTO BAHAN_BAKU_MENU VALUES ('ricey rice','Hot Milk',7,'gram');
INSERT INTO BAHAN_BAKU_MENU VALUES ('chiliy noodle','Shining Rice',1,'hg');
INSERT INTO BAHAN_BAKU_MENU VALUES ('leafy potato','Grilled Burger',1,'lbs');
INSERT INTO BAHAN_BAKU_MENU VALUES ('ricey vegetable','Shining Coffee',2,'gram');
INSERT INTO BAHAN_BAKU_MENU VALUES ('noodley chili','Sweet Liquor',1,'kg');
INSERT INTO BAHAN_BAKU_MENU VALUES ('ricey leaf','Hot Noodle',1,'lbs');
INSERT INTO BAHAN_BAKU_MENU VALUES ('watery fruit','Sweet Noodle',6,'gram');
INSERT INTO BAHAN_BAKU_MENU VALUES ('fruity fruit','Salty Milk',9,'gram');
INSERT INTO BAHAN_BAKU_MENU VALUES ('potatoy rice','Hot Milk',1,'kg');
INSERT INTO BAHAN_BAKU_MENU VALUES ('vegetabley salt','Grilled Soda',9,'oz');
INSERT INTO BAHAN_BAKU_MENU VALUES ('noodley water','Fried Soda',1,'kg');
INSERT INTO BAHAN_BAKU_MENU VALUES ('watery leaf','Shining Cup',1,'oz');
INSERT INTO BAHAN_BAKU_MENU VALUES ('noodley fruit','Shining Meat',1,'lbs');
INSERT INTO BAHAN_BAKU_MENU VALUES ('salty vegetable','Fried Milk',1,'lbs');
INSERT INTO BAHAN_BAKU_MENU VALUES ('potatoy fruit','Burning Cup',1,'hg');
INSERT INTO BAHAN_BAKU_MENU VALUES ('chiliy noodle','Paradise Pie',1,'lbs');
INSERT INTO BAHAN_BAKU_MENU VALUES ('papricay sugar','Special Liquor',6,'oz');
INSERT INTO BAHAN_BAKU_MENU VALUES ('fruity rice','Hot Milk',1,'hg');
INSERT INTO BAHAN_BAKU_MENU VALUES ('fruity chili','Overpowered Coffee',1,'kg');
INSERT INTO BAHAN_BAKU_MENU VALUES ('noodley water','Salty Rice',10,'oz');
INSERT INTO BAHAN_BAKU_MENU VALUES ('salty chili','Special Noodle',1,'lbs');
INSERT INTO BAHAN_BAKU_MENU VALUES ('papricay fruit','Overpowered Coffee',2,'oz');
INSERT INTO BAHAN_BAKU_MENU VALUES ('watery water','Spicy Tea',1,'hg');
INSERT INTO BAHAN_BAKU_MENU VALUES ('papricay fruit','Sweet Syrup',1,'kg');
INSERT INTO BAHAN_BAKU_MENU VALUES ('fruity salt','Shining Coffee',1,'lbs');
INSERT INTO BAHAN_BAKU_MENU VALUES ('noodley water','Special Juice',1,'kg');
INSERT INTO BAHAN_BAKU_MENU VALUES ('papricay paprica','Sweet Liquor',2,'oz');
INSERT INTO BAHAN_BAKU_MENU VALUES ('papricay vegetable','Salty Coffee',10,'gram');
INSERT INTO BAHAN_BAKU_MENU VALUES ('vegetabley salt','Shining Sandwich',1,'kg');
INSERT INTO BAHAN_BAKU_MENU VALUES ('vegetabley fruit','Overpowered Coffee',9,'gram');
INSERT INTO BAHAN_BAKU_MENU VALUES ('noodley water','Fried Milk',1,'kg');
INSERT INTO BAHAN_BAKU_MENU VALUES ('papricay paprica','Grilled Soda',1,'kg');
INSERT INTO BAHAN_BAKU_MENU VALUES ('noodley chili','Spicy Tea',1,'kg');
INSERT INTO BAHAN_BAKU_MENU VALUES ('salty leaf','Burning Cup',1,'kg');
INSERT INTO BAHAN_BAKU_MENU VALUES ('fruity leaf','Grilled Burger',6,'oz');
INSERT INTO BAHAN_BAKU_MENU VALUES ('papricay sugar','Grilled Syrup',1,'lbs');
INSERT INTO BAHAN_BAKU_MENU VALUES ('vegetabley vegetable','Hot Noodle',1,'kg');
INSERT INTO BAHAN_BAKU_MENU VALUES ('vegetabley leaf','Grilled Tea',1,'hg');
INSERT INTO BAHAN_BAKU_MENU VALUES ('ricey potato','Shining Noodle',1,'kg');
INSERT INTO BAHAN_BAKU_MENU VALUES ('papricay vegetable','Grilled Tea',1,'gram');
INSERT INTO BAHAN_BAKU_MENU VALUES ('vegetabley fruit','Sweet Syrup',5,'oz');
INSERT INTO BAHAN_BAKU_MENU VALUES ('ricey sugar','Burning Rice',1,'kg');
INSERT INTO BAHAN_BAKU_MENU VALUES ('potatoy potato','Fried Milk',10,'gram');
INSERT INTO BAHAN_BAKU_MENU VALUES ('papricay paprica','Special Pie',1,'hg');
INSERT INTO BAHAN_BAKU_MENU VALUES ('chiliy noodle','Special Pie',10,'oz');
INSERT INTO BAHAN_BAKU_MENU VALUES ('vegetabley noodle','Hot Milk',10,'gram');
INSERT INTO BAHAN_BAKU_MENU VALUES ('fruity leaf','Nice Syrup',1,'hg');
INSERT INTO BAHAN_BAKU_MENU VALUES ('potatoy paprica','Hot Noodle',1,'oz');
INSERT INTO BAHAN_BAKU_MENU VALUES ('chiliy water','Heavenly Pizza',1,'lbs');
INSERT INTO BAHAN_BAKU_MENU VALUES ('vegetabley fruit','Shining Pie',1,'lbs');
INSERT INTO BAHAN_BAKU_MENU VALUES ('fruity potato','Shining Coffee',1,'lbs');
INSERT INTO BAHAN_BAKU_MENU VALUES ('watery water','Grilled Burger',1,'oz');
INSERT INTO BAHAN_BAKU_MENU VALUES ('noodley vegetable','Sweet Noodle',5,'oz');
INSERT INTO BAHAN_BAKU_MENU VALUES ('vegetabley leaf','Special Chicken',1,'hg');
INSERT INTO BAHAN_BAKU_MENU VALUES ('papricay fruit','Shining Noodle',1,'kg');
INSERT INTO BAHAN_BAKU_MENU VALUES ('papricay fruit','Shining Rice',1,'kg');
INSERT INTO BAHAN_BAKU_MENU VALUES ('vegetabley noodle','Shining Sandwich',2,'oz');
INSERT INTO BAHAN_BAKU_MENU VALUES ('potatoy fruit','Grilled Soda',9,'gram');
INSERT INTO BAHAN_BAKU_MENU VALUES ('potatoy leaf','Sweet Milk',1,'hg');
INSERT INTO BAHAN_BAKU_MENU VALUES ('ricey leaf','Heavenly Pizza',1,'gram');
INSERT INTO BAHAN_BAKU_MENU VALUES ('papricay sugar','Paradise Pie',1,'kg');
INSERT INTO BAHAN_BAKU_MENU VALUES ('vegetabley potato','Fried Tea',6,'oz');
INSERT INTO BAHAN_BAKU_MENU VALUES ('ricey salt','Fried Milk',1,'lbs');
INSERT INTO BAHAN_BAKU_MENU VALUES ('fruity rice','Burning Chicken',6,'gram');
INSERT INTO BAHAN_BAKU_MENU VALUES ('potatoy potato','Grilled Tea',1,'hg');
INSERT INTO BAHAN_BAKU_MENU VALUES ('watery sugar','Paradise Pie',1,'kg');
INSERT INTO BAHAN_BAKU_MENU VALUES ('vegetabley potato','Nice Syrup',1,'kg');
INSERT INTO BAHAN_BAKU_MENU VALUES ('vegetabley fruit','Nice Syrup',1,'lbs');
INSERT INTO BAHAN_BAKU_MENU VALUES ('watery leaf','Grilled Chicken',1,'lbs');
INSERT INTO BAHAN_BAKU_MENU VALUES ('papricay vegetable','Sweet Syrup',1,'kg');
INSERT INTO BAHAN_BAKU_MENU VALUES ('ricey potato','Good Liquor',1,'hg');
INSERT INTO BAHAN_BAKU_MENU VALUES ('fruity chili','Shining Noodle',1,'gram');
INSERT INTO BAHAN_BAKU_MENU VALUES ('papricay leaf','Grilled Burger',6,'oz');
INSERT INTO BAHAN_BAKU_MENU VALUES ('potatoy fruit','Spicy Syrup',7,'oz');
INSERT INTO BAHAN_BAKU_MENU VALUES ('vegetabley vegetable','Spicy Liquor',7,'oz');
INSERT INTO BAHAN_BAKU_MENU VALUES ('sugary water','Special Juice',1,'hg');
INSERT INTO BAHAN_BAKU_MENU VALUES ('potatoy rice','Spicy Liquor',1,'hg');
INSERT INTO BAHAN_BAKU_MENU VALUES ('vegetabley paprica','Grilled Soda',4,'gram');
INSERT INTO BAHAN_BAKU_MENU VALUES ('ricey sugar','Hot Noodle',1,'hg');
INSERT INTO BAHAN_BAKU_MENU VALUES ('vegetabley fruit','Nice Chicken',1,'gram');
INSERT INTO BAHAN_BAKU_MENU VALUES ('vegetabley potato','Burning Rice',9,'oz');
INSERT INTO BAHAN_BAKU_MENU VALUES ('fruity chili','Salty Coffee',3,'gram');
INSERT INTO BAHAN_BAKU_MENU VALUES ('leafy water','Fried Soda',1,'kg');
INSERT INTO BAHAN_BAKU_MENU VALUES ('potatoy fruit','Salty Milk',7,'gram');
INSERT INTO BAHAN_BAKU_MENU VALUES ('watery fruit','Grilled Syrup',8,'gram');
INSERT INTO BAHAN_BAKU_MENU VALUES ('salty vegetable','Burning Liquor',10,'oz');
INSERT INTO BAHAN_BAKU_MENU VALUES ('watery leaf','Nice Syrup',10,'gram');
INSERT INTO BAHAN_BAKU_MENU VALUES ('fruity leaf','Sweet Coffee',1,'hg');
INSERT INTO BAHAN_BAKU_MENU VALUES ('watery fruit','Special Liquor',3,'oz');
INSERT INTO BAHAN_BAKU_MENU VALUES ('papricay leaf','Burning Rice',1,'hg');
INSERT INTO BAHAN_BAKU_MENU VALUES ('potatoy water','Grilled Soda',1,'lbs');
INSERT INTO BAHAN_BAKU_MENU VALUES ('sugary water','Fried Tea',1,'kg');
INSERT INTO BAHAN_BAKU_MENU VALUES ('noodley water','Fried Tea',7,'oz');
INSERT INTO BAHAN_BAKU_MENU VALUES ('noodley water','Nice Syrup',1,'kg');
INSERT INTO BAHAN_BAKU_MENU VALUES ('noodley vegetable','Grilled Burger',1,'lbs');
INSERT INTO BAHAN_BAKU_MENU VALUES ('vegetabley noodle','Salty Syrup',1,'hg');
INSERT INTO BAHAN_BAKU_MENU VALUES ('noodley chili','Grilled Syrup',1,'hg');
INSERT INTO BAHAN_BAKU_MENU VALUES ('fruity rice','Nice Syrup',1,'lbs');
INSERT INTO BAHAN_BAKU_MENU VALUES ('noodley vegetable','Burning Chicken',1,'lbs');
INSERT INTO BAHAN_BAKU_MENU VALUES ('watery potato','Grilled Tea',5,'gram');
INSERT INTO BAHAN_BAKU_MENU VALUES ('papricay vegetable','Burning Cup',1,'hg');
INSERT INTO BAHAN_BAKU_MENU VALUES ('potatoy fruit','Paradise Pie',1,'hg');
INSERT INTO BAHAN_BAKU_MENU VALUES ('sugary water','Burning Liquor',1,'hg');
INSERT INTO BAHAN_BAKU_MENU VALUES ('vegetabley potato','Sweet Liquor',1,'hg');
INSERT INTO BAHAN_BAKU_MENU VALUES ('leafy rice','Special Juice',1,'kg');
INSERT INTO BAHAN_BAKU_MENU VALUES ('salty vegetable','Spicy Tea',3,'oz');
INSERT INTO BAHAN_BAKU_MENU VALUES ('papricay paprica','Heavenly Pizza',3,'oz');
INSERT INTO BAHAN_BAKU_MENU VALUES ('vegetabley fruit','Burning Rice',9,'oz');
INSERT INTO BAHAN_BAKU_MENU VALUES ('fruity fruit','Salty Rice',8,'oz');
INSERT INTO BAHAN_BAKU_MENU VALUES ('watery water','Special Chicken',1,'lbs');
INSERT INTO BAHAN_BAKU_MENU VALUES ('ricey rice','Spicy Syrup',1,'lbs');
INSERT INTO BAHAN_BAKU_MENU VALUES ('vegetabley noodle','Shining Coffee',1,'hg');
INSERT INTO BAHAN_BAKU_MENU VALUES ('fruity potato','Hot Noodle',1,'hg');
INSERT INTO BAHAN_BAKU_MENU VALUES ('watery water','Sweet Noodle',1,'lbs');
INSERT INTO BAHAN_BAKU_MENU VALUES ('salty leaf','Sweet Coffee',1,'lbs');
INSERT INTO BAHAN_BAKU_MENU VALUES ('fruity potato','Shining Rice',1,'hg');
INSERT INTO BAHAN_BAKU_MENU VALUES ('potatoy potato','Grilled Syrup',4,'gram');
INSERT INTO BAHAN_BAKU_MENU VALUES ('leafy potato','Spicy Liquor',3,'oz');
INSERT INTO BAHAN_BAKU_MENU VALUES ('noodley water','Shining Pie',1,'hg');
INSERT INTO BAHAN_BAKU_MENU VALUES ('papricay fruit','Nice Syrup',7,'gram');
INSERT INTO BAHAN_BAKU_MENU VALUES ('noodley fruit','Good Liquor',1,'kg');
INSERT INTO BAHAN_BAKU_MENU VALUES ('vegetabley noodle','Grilled Burger',1,'lbs');
INSERT INTO BAHAN_BAKU_MENU VALUES ('watery sugar','Special Juice',1,'lbs');
INSERT INTO BAHAN_BAKU_MENU VALUES ('chiliy noodle','Fried Milk',6,'oz');
INSERT INTO BAHAN_BAKU_MENU VALUES ('ricey sugar','Nice Rice',1,'hg');
INSERT INTO BAHAN_BAKU_MENU VALUES ('potatoy fruit','Spicy Tea',1,'lbs');
INSERT INTO BAHAN_BAKU_MENU VALUES ('papricay vegetable','Sweet Sandwich',1,'kg');
INSERT INTO BAHAN_BAKU_MENU VALUES ('fruity fruit','Special Noodle',1,'lbs');
INSERT INTO BAHAN_BAKU_MENU VALUES ('potatoy water','Hot Milk',5,'gram');
INSERT INTO BAHAN_BAKU_MENU VALUES ('watery fruit','Grilled Burger',1,'hg');
INSERT INTO BAHAN_BAKU_MENU VALUES ('fruity chili','Grilled Burger',2,'oz');
INSERT INTO BAHAN_BAKU_MENU VALUES ('watery water','Shining Coffee',1,'kg');
INSERT INTO BAHAN_BAKU_MENU VALUES ('sugary water','Burning Cup',1,'kg');
INSERT INTO BAHAN_BAKU_MENU VALUES ('vegetabley paprica','Grilled Chicken',1,'kg');
INSERT INTO BAHAN_BAKU_MENU VALUES ('ricey salt','Spicy Syrup',4,'gram');
INSERT INTO BAHAN_BAKU_MENU VALUES ('vegetabley salt','Shining Noodle',1,'hg');
INSERT INTO BAHAN_BAKU_MENU VALUES ('ricey sugar','Salty Rice',8,'oz');
INSERT INTO BAHAN_BAKU_MENU VALUES ('ricey leaf','Spicy Syrup',1,'lbs');
INSERT INTO BAHAN_BAKU_MENU VALUES ('vegetabley salt','Spicy Liquor',1,'kg');
INSERT INTO BAHAN_BAKU_MENU VALUES ('chiliy sugar','Grilled Syrup',1,'hg');
INSERT INTO BAHAN_BAKU_MENU VALUES ('papricay vegetable','Shining Cup',4,'gram');
INSERT INTO BAHAN_BAKU_MENU VALUES ('noodley fruit','Sweet Sandwich',1,'hg');
INSERT INTO BAHAN_BAKU_MENU VALUES ('ricey vegetable','Sweet Liquor',1,'hg');
INSERT INTO BAHAN_BAKU_MENU VALUES ('fruity leaf','Shining Sandwich',1,'kg');
INSERT INTO BAHAN_BAKU_MENU VALUES ('fruity rice','Spicy Liquor',1,'kg');
INSERT INTO BAHAN_BAKU_MENU VALUES ('ricey salt','Burning Liquor',3,'gram');
INSERT INTO BAHAN_BAKU_MENU VALUES ('watery water','Spicy Syrup',8,'oz');
INSERT INTO BAHAN_BAKU_MENU VALUES ('vegetabley leaf','Grilled Burger',5,'gram');
INSERT INTO BAHAN_BAKU_MENU VALUES ('vegetabley paprica','Grilled Burger',1,'lbs');
INSERT INTO BAHAN_BAKU_MENU VALUES ('leafy rice','Nice Rice',3,'oz');
INSERT INTO BAHAN_BAKU_MENU VALUES ('noodley water','Salty Coffee',2,'oz');
INSERT INTO BAHAN_BAKU_MENU VALUES ('leafy potato','Special Juice',9,'oz');
INSERT INTO BAHAN_BAKU_MENU VALUES ('fruity fruit','Burning Liquor',1,'gram');
INSERT INTO BAHAN_BAKU_MENU VALUES ('watery sugar','Grilled Chicken',1,'hg');
INSERT INTO BAHAN_BAKU_MENU VALUES ('chiliy noodle','Sweet Liquor',6,'oz');
INSERT INTO BAHAN_BAKU_MENU VALUES ('papricay fruit','Hot Noodle',1,'lbs');
INSERT INTO BAHAN_BAKU_MENU VALUES ('leafy rice','Grilled Burger',8,'gram');
INSERT INTO BAHAN_BAKU_MENU VALUES ('chiliy water','Sweet Syrup',1,'hg');
INSERT INTO BAHAN_BAKU_MENU VALUES ('papricay vegetable','Special Pie',1,'oz');
INSERT INTO BAHAN_BAKU_MENU VALUES ('vegetabley potato','Grilled Syrup',1,'kg');
INSERT INTO BAHAN_BAKU_MENU VALUES ('papricay leaf','Hot Noodle',1,'lbs');
INSERT INTO BAHAN_BAKU_MENU VALUES ('potatoy water','Shining Pie',1,'lbs');
INSERT INTO BAHAN_BAKU_MENU VALUES ('papricay leaf','Sweet Coffee',1,'lbs');
INSERT INTO BAHAN_BAKU_MENU VALUES ('vegetabley salt','Hot Noodle',8,'gram');
INSERT INTO BAHAN_BAKU_MENU VALUES ('fruity potato','Salty Rice',9,'gram');
INSERT INTO BAHAN_BAKU_MENU VALUES ('potatoy leaf','Heavenly Pizza',1,'lbs');
INSERT INTO BAHAN_BAKU_MENU VALUES ('fruity rice','Special Liquor',9,'oz');
INSERT INTO BAHAN_BAKU_MENU VALUES ('watery potato','Special Liquor',1,'hg');
INSERT INTO BAHAN_BAKU_MENU VALUES ('vegetabley fruit','Shining Sandwich',10,'oz');
INSERT INTO BAHAN_BAKU_MENU VALUES ('noodley vegetable','Sweet Syrup',4,'oz');
INSERT INTO BAHAN_BAKU_MENU VALUES ('vegetabley paprica','Salty Milk',1,'lbs');
INSERT INTO BAHAN_BAKU_MENU VALUES ('vegetabley noodle','Nice Chicken',1,'kg');
INSERT INTO BAHAN_BAKU_MENU VALUES ('chiliy water','Salty Rice',9,'oz');
INSERT INTO BAHAN_BAKU_MENU VALUES ('sugary water','Grilled Soda',1,'lbs');
INSERT INTO BAHAN_BAKU_MENU VALUES ('vegetabley vegetable','Grilled Burger',1,'lbs');
INSERT INTO BAHAN_BAKU_MENU VALUES ('ricey leaf','Sweet Coffee',6,'gram');
INSERT INTO BAHAN_BAKU_MENU VALUES ('papricay vegetable','Grilled Soda',1,'hg');
INSERT INTO BAHAN_BAKU_MENU VALUES ('potatoy rice','Special Noodle',7,'gram');
INSERT INTO BAHAN_BAKU_MENU VALUES ('ricey potato','Hot Noodle',1,'lbs');
INSERT INTO BAHAN_BAKU_MENU VALUES ('fruity chili','Good Liquor',1,'kg');
INSERT INTO BAHAN_BAKU_MENU VALUES ('papricay noodle','Nice Chicken',10,'oz');
INSERT INTO BAHAN_BAKU_MENU VALUES ('ricey vegetable','Shining Meat',1,'kg');
INSERT INTO BAHAN_BAKU_MENU VALUES ('noodley vegetable','Hot Noodle',8,'gram');
INSERT INTO BAHAN_BAKU_MENU VALUES ('watery potato','Nice Syrup',1,'kg');
INSERT INTO BAHAN_BAKU_MENU VALUES ('leafy potato','Shining Coffee',1,'hg');
INSERT INTO BAHAN_BAKU_MENU VALUES ('noodley vegetable','Fried Soda',1,'hg');
INSERT INTO BAHAN_BAKU_MENU VALUES ('fruity rice','Salty Rice',1,'hg');
INSERT INTO BAHAN_BAKU_MENU VALUES ('ricey sugar','Salty Milk',3,'oz');
INSERT INTO BAHAN_BAKU_MENU VALUES ('fruity fruit','Shining Meat',2,'gram');
INSERT INTO BAHAN_BAKU_MENU VALUES ('fruity fruit','Shining Coffee',1,'hg');
INSERT INTO BAHAN_BAKU_MENU VALUES ('noodley chili','Sweet Coffee',3,'oz');
INSERT INTO BAHAN_BAKU_MENU VALUES ('chiliy noodle','Grilled Tea',1,'kg');
INSERT INTO BAHAN_BAKU_MENU VALUES ('papricay vegetable','Shining Coffee',6,'oz');
INSERT INTO BAHAN_BAKU_MENU VALUES ('fruity rice','Grilled Chicken',1,'hg');
INSERT INTO BAHAN_BAKU_MENU VALUES ('noodley fruit','Special Pie',1,'lbs');
INSERT INTO BAHAN_BAKU_MENU VALUES ('ricey leaf','Grilled Chicken',6,'oz');
INSERT INTO BAHAN_BAKU_MENU VALUES ('fruity leaf','Shining Coffee',8,'gram');
INSERT INTO BAHAN_BAKU_MENU VALUES ('papricay leaf','Burning Liquor',1,'lbs');
INSERT INTO BAHAN_BAKU_MENU VALUES ('fruity potato','Paradise Pizza',1,'kg');
INSERT INTO BAHAN_BAKU_MENU VALUES ('ricey sugar','Sweet Syrup',1,'lbs');
INSERT INTO BAHAN_BAKU_MENU VALUES ('watery sugar','Nice Chicken',1,'kg');
INSERT INTO BAHAN_BAKU_MENU VALUES ('noodley chili','Spicy Liquor',1,'kg');
INSERT INTO BAHAN_BAKU_MENU VALUES ('vegetabley fruit','Special Pie',1,'hg');

--PEMBELIAN_BAHAN_BAKU
INSERT INTO PEMBELIAN_BAHAN_BAKU VALUES ('vegetabley noodle','pb0035',65,'oz',680);
INSERT INTO PEMBELIAN_BAHAN_BAKU VALUES ('potatoy rice','pb0151',14,'lbs',9090);
INSERT INTO PEMBELIAN_BAHAN_BAKU VALUES ('vegetabley potato','pb0217',46,'oz',878);
INSERT INTO PEMBELIAN_BAHAN_BAKU VALUES ('leafy potato','pb0136',21,'lbs',12727);
INSERT INTO PEMBELIAN_BAHAN_BAKU VALUES ('potatoy paprica','pb0197',93,'gram',26);
INSERT INTO PEMBELIAN_BAHAN_BAKU VALUES ('watery fruit','pb0002',15,'lbs',14090);
INSERT INTO PEMBELIAN_BAHAN_BAKU VALUES ('fruity fruit','pb0061',20,'hg',1900);
INSERT INTO PEMBELIAN_BAHAN_BAKU VALUES ('watery sugar','pb0039',23,'lbs',14545);
INSERT INTO PEMBELIAN_BAHAN_BAKU VALUES ('ricey sugar','pb0131',24,'lbs',14090);
INSERT INTO PEMBELIAN_BAHAN_BAKU VALUES ('potatoy fruit','pb0120',37,'oz',963);
INSERT INTO PEMBELIAN_BAHAN_BAKU VALUES ('ricey sugar','pb0243',14,'lbs',14090);
INSERT INTO PEMBELIAN_BAHAN_BAKU VALUES ('potatoy rice','pb0165',9,'kg',20000);
INSERT INTO PEMBELIAN_BAHAN_BAKU VALUES ('potatoy fruit','pb0246',14,'kg',34000);
INSERT INTO PEMBELIAN_BAHAN_BAKU VALUES ('papricay noodle','pb0143',1,'lbs',6818);
INSERT INTO PEMBELIAN_BAHAN_BAKU VALUES ('sugary water','pb0084',38,'oz',907);
INSERT INTO PEMBELIAN_BAHAN_BAKU VALUES ('salty vegetable','pb0032',14,'kg',24000);
INSERT INTO PEMBELIAN_BAHAN_BAKU VALUES ('papricay sugar','pb0181',41,'gram',23);
INSERT INTO PEMBELIAN_BAHAN_BAKU VALUES ('potatoy leaf','pb0192',21,'hg',3000);
INSERT INTO PEMBELIAN_BAHAN_BAKU VALUES ('salty leaf','pb0023',90,'gram',31);
INSERT INTO PEMBELIAN_BAHAN_BAKU VALUES ('fruity leaf','pb0227',4,'hg',2700);
INSERT INTO PEMBELIAN_BAHAN_BAKU VALUES ('watery sugar','pb0175',22,'lbs',14545);
INSERT INTO PEMBELIAN_BAHAN_BAKU VALUES ('leafy potato','pb0226',11,'lbs',12727);
INSERT INTO PEMBELIAN_BAHAN_BAKU VALUES ('vegetabley fruit','pb0247',67,'gram',33);
INSERT INTO PEMBELIAN_BAHAN_BAKU VALUES ('watery water','pb0149',10,'oz',538);
INSERT INTO PEMBELIAN_BAHAN_BAKU VALUES ('sugary water','pb0096',12,'hg',3200);
INSERT INTO PEMBELIAN_BAHAN_BAKU VALUES ('leafy rice','pb0009',2,'lbs',9090);
INSERT INTO PEMBELIAN_BAHAN_BAKU VALUES ('ricey sugar','pb0070',17,'kg',31000);
INSERT INTO PEMBELIAN_BAHAN_BAKU VALUES ('potatoy fruit','pb0083',15,'hg',3400);
INSERT INTO PEMBELIAN_BAHAN_BAKU VALUES ('ricey leaf','pb0072',40,'gram',15);
INSERT INTO PEMBELIAN_BAHAN_BAKU VALUES ('watery sugar','pb0102',14,'oz',907);
INSERT INTO PEMBELIAN_BAHAN_BAKU VALUES ('leafy rice','pb0166',20,'lbs',9090);
INSERT INTO PEMBELIAN_BAHAN_BAKU VALUES ('noodley vegetable','pb0189',5,'lbs',8636);
INSERT INTO PEMBELIAN_BAHAN_BAKU VALUES ('papricay noodle','pb0139',2,'hg',1500);
INSERT INTO PEMBELIAN_BAHAN_BAKU VALUES ('leafy water','pb0053',4,'gram',27);
INSERT INTO PEMBELIAN_BAHAN_BAKU VALUES ('chiliy noodle','pb0013',6,'kg',30000);
INSERT INTO PEMBELIAN_BAHAN_BAKU VALUES ('salty leaf','pb0025',54,'oz',878);
INSERT INTO PEMBELIAN_BAHAN_BAKU VALUES ('ricey salt','pb0145',13,'kg',16000);
INSERT INTO PEMBELIAN_BAHAN_BAKU VALUES ('vegetabley leaf','pb0175',3,'kg',27000);
INSERT INTO PEMBELIAN_BAHAN_BAKU VALUES ('papricay noodle','pb0114',17,'lbs',6818);
INSERT INTO PEMBELIAN_BAHAN_BAKU VALUES ('potatoy fruit','pb0050',44,'gram',34);
INSERT INTO PEMBELIAN_BAHAN_BAKU VALUES ('fruity salt','pb0189',15,'hg',2500);
INSERT INTO PEMBELIAN_BAHAN_BAKU VALUES ('papricay noodle','pb0244',32,'gram',15);
INSERT INTO PEMBELIAN_BAHAN_BAKU VALUES ('salty leaf','pb0072',24,'lbs',14090);
INSERT INTO PEMBELIAN_BAHAN_BAKU VALUES ('vegetabley salt','pb0114',61,'gram',17);
INSERT INTO PEMBELIAN_BAHAN_BAKU VALUES ('papricay vegetable','pb0226',16,'hg',3000);
INSERT INTO PEMBELIAN_BAHAN_BAKU VALUES ('papricay vegetable','pb0140',10,'oz',850);
INSERT INTO PEMBELIAN_BAHAN_BAKU VALUES ('chiliy water','pb0194',33,'gram',28);
INSERT INTO PEMBELIAN_BAHAN_BAKU VALUES ('salty vegetable','pb0031',84,'gram',24);
INSERT INTO PEMBELIAN_BAHAN_BAKU VALUES ('watery potato','pb0118',3,'lbs',14545);
INSERT INTO PEMBELIAN_BAHAN_BAKU VALUES ('potatoy paprica','pb0161',30,'gram',26);
INSERT INTO PEMBELIAN_BAHAN_BAKU VALUES ('ricey vegetable','pb0133',65,'oz',708);
INSERT INTO PEMBELIAN_BAHAN_BAKU VALUES ('fruity fruit','pb0122',49,'oz',538);
INSERT INTO PEMBELIAN_BAHAN_BAKU VALUES ('papricay paprica','pb0145',24,'lbs',9090);
INSERT INTO PEMBELIAN_BAHAN_BAKU VALUES ('fruity rice','pb0017',7,'lbs',9090);
INSERT INTO PEMBELIAN_BAHAN_BAKU VALUES ('fruity potato','pb0197',95,'gram',22);
INSERT INTO PEMBELIAN_BAHAN_BAKU VALUES ('potatoy potato','pb0091',10,'kg',19000);
INSERT INTO PEMBELIAN_BAHAN_BAKU VALUES ('watery leaf','pb0027',17,'lbs',13181);
INSERT INTO PEMBELIAN_BAHAN_BAKU VALUES ('fruity potato','pb0037',5,'lbs',10000);
INSERT INTO PEMBELIAN_BAHAN_BAKU VALUES ('fruity salt','pb0115',5,'gram',25);
INSERT INTO PEMBELIAN_BAHAN_BAKU VALUES ('watery potato','pb0115',7,'kg',32000);
INSERT INTO PEMBELIAN_BAHAN_BAKU VALUES ('papricay paprica','pb0062',6,'hg',2000);
INSERT INTO PEMBELIAN_BAHAN_BAKU VALUES ('vegetabley salt','pb0218',48,'oz',481);
INSERT INTO PEMBELIAN_BAHAN_BAKU VALUES ('potatoy leaf','pb0022',13,'gram',30);
INSERT INTO PEMBELIAN_BAHAN_BAKU VALUES ('potatoy rice','pb0046',10,'kg',20000);
INSERT INTO PEMBELIAN_BAHAN_BAKU VALUES ('papricay noodle','pb0045',10,'hg',1500);
INSERT INTO PEMBELIAN_BAHAN_BAKU VALUES ('noodley chili','pb0065',19,'kg',15000);
INSERT INTO PEMBELIAN_BAHAN_BAKU VALUES ('fruity chili','pb0106',21,'lbs',13181);
INSERT INTO PEMBELIAN_BAHAN_BAKU VALUES ('potatoy water','pb0238',19,'oz',935);
INSERT INTO PEMBELIAN_BAHAN_BAKU VALUES ('watery fruit','pb0001',95,'oz',878);
INSERT INTO PEMBELIAN_BAHAN_BAKU VALUES ('ricey rice','pb0139',24,'kg',18000);
INSERT INTO PEMBELIAN_BAHAN_BAKU VALUES ('potatoy paprica','pb0009',12,'kg',26000);
INSERT INTO PEMBELIAN_BAHAN_BAKU VALUES ('fruity chili','pb0039',97,'oz',822);
INSERT INTO PEMBELIAN_BAHAN_BAKU VALUES ('fruity leaf','pb0176',10,'kg',27000);
INSERT INTO PEMBELIAN_BAHAN_BAKU VALUES ('sugary water','pb0033',93,'oz',907);
INSERT INTO PEMBELIAN_BAHAN_BAKU VALUES ('noodley fruit','pb0129',16,'kg',23000);
INSERT INTO PEMBELIAN_BAHAN_BAKU VALUES ('ricey salt','pb0111',18,'oz',453);
INSERT INTO PEMBELIAN_BAHAN_BAKU VALUES ('fruity rice','pb0019',14,'lbs',9090);
INSERT INTO PEMBELIAN_BAHAN_BAKU VALUES ('vegetabley vegetable','pb0159',82,'oz',878);
INSERT INTO PEMBELIAN_BAHAN_BAKU VALUES ('potatoy leaf','pb0190',20,'hg',3000);
INSERT INTO PEMBELIAN_BAHAN_BAKU VALUES ('vegetabley leaf','pb0243',87,'gram',27);
INSERT INTO PEMBELIAN_BAHAN_BAKU VALUES ('ricey vegetable','pb0035',23,'hg',2500);
INSERT INTO PEMBELIAN_BAHAN_BAKU VALUES ('ricey rice','pb0095',5,'kg',18000);
INSERT INTO PEMBELIAN_BAHAN_BAKU VALUES ('salty chili','pb0007',12,'hg',2900);
INSERT INTO PEMBELIAN_BAHAN_BAKU VALUES ('fruity rice','pb0064',82,'gram',20);
INSERT INTO PEMBELIAN_BAHAN_BAKU VALUES ('chiliy sugar','pb0181',1,'gram',25);
INSERT INTO PEMBELIAN_BAHAN_BAKU VALUES ('fruity chili','pb0207',18,'lbs',13181);
INSERT INTO PEMBELIAN_BAHAN_BAKU VALUES ('vegetabley salt','pb0003',85,'gram',17);
INSERT INTO PEMBELIAN_BAHAN_BAKU VALUES ('fruity fruit','pb0225',89,'oz',538);
INSERT INTO PEMBELIAN_BAHAN_BAKU VALUES ('salty chili','pb0130',14,'lbs',13181);
INSERT INTO PEMBELIAN_BAHAN_BAKU VALUES ('potatoy potato','pb0235',14,'hg',1900);
INSERT INTO PEMBELIAN_BAHAN_BAKU VALUES ('ricey leaf','pb0046',14,'hg',1500);
INSERT INTO PEMBELIAN_BAHAN_BAKU VALUES ('fruity potato','pb0080',57,'oz',623);
INSERT INTO PEMBELIAN_BAHAN_BAKU VALUES ('noodley chili','pb0064',12,'hg',1500);
INSERT INTO PEMBELIAN_BAHAN_BAKU VALUES ('ricey leaf','pb0170',5,'oz',425);
INSERT INTO PEMBELIAN_BAHAN_BAKU VALUES ('salty vegetable','pb0132',32,'oz',680);
INSERT INTO PEMBELIAN_BAHAN_BAKU VALUES ('potatoy leaf','pb0002',64,'oz',850);
INSERT INTO PEMBELIAN_BAHAN_BAKU VALUES ('salty chili','pb0221',23,'kg',29000);
INSERT INTO PEMBELIAN_BAHAN_BAKU VALUES ('ricey rice','pb0062',3,'oz',510);
INSERT INTO PEMBELIAN_BAHAN_BAKU VALUES ('papricay vegetable','pb0012',19,'kg',30000);
INSERT INTO PEMBELIAN_BAHAN_BAKU VALUES ('potatoy rice','pb0035',10,'hg',2000);
INSERT INTO PEMBELIAN_BAHAN_BAKU VALUES ('potatoy leaf','pb0095',34,'oz',850);
INSERT INTO PEMBELIAN_BAHAN_BAKU VALUES ('watery sugar','pb0154',81,'gram',32);
INSERT INTO PEMBELIAN_BAHAN_BAKU VALUES ('ricey rice','pb0002',47,'oz',510);
INSERT INTO PEMBELIAN_BAHAN_BAKU VALUES ('ricey leaf','pb0034',15,'hg',1500);
INSERT INTO PEMBELIAN_BAHAN_BAKU VALUES ('vegetabley fruit','pb0179',9,'oz',935);
INSERT INTO PEMBELIAN_BAHAN_BAKU VALUES ('vegetabley potato','pb0235',16,'hg',3100);
INSERT INTO PEMBELIAN_BAHAN_BAKU VALUES ('salty chili','pb0214',14,'hg',2900);
INSERT INTO PEMBELIAN_BAHAN_BAKU VALUES ('salty leaf','pb0056',13,'lbs',14090);
INSERT INTO PEMBELIAN_BAHAN_BAKU VALUES ('salty chili','pb0247',25,'kg',29000);
INSERT INTO PEMBELIAN_BAHAN_BAKU VALUES ('salty leaf','pb0215',15,'gram',31);
INSERT INTO PEMBELIAN_BAHAN_BAKU VALUES ('potatoy fruit','pb0152',6,'lbs',15454);
INSERT INTO PEMBELIAN_BAHAN_BAKU VALUES ('salty chili','pb0148',8,'kg',29000);
INSERT INTO PEMBELIAN_BAHAN_BAKU VALUES ('ricey rice','pb0016',24,'lbs',8181);
INSERT INTO PEMBELIAN_BAHAN_BAKU VALUES ('potatoy water','pb0007',41,'gram',33);
INSERT INTO PEMBELIAN_BAHAN_BAKU VALUES ('noodley chili','pb0132',37,'gram',15);
INSERT INTO PEMBELIAN_BAHAN_BAKU VALUES ('watery leaf','pb0249',37,'oz',822);
INSERT INTO PEMBELIAN_BAHAN_BAKU VALUES ('ricey rice','pb0132',66,'gram',18);
INSERT INTO PEMBELIAN_BAHAN_BAKU VALUES ('potatoy rice','pb0221',23,'lbs',9090);
INSERT INTO PEMBELIAN_BAHAN_BAKU VALUES ('watery sugar','pb0067',13,'lbs',14545);
INSERT INTO PEMBELIAN_BAHAN_BAKU VALUES ('fruity leaf','pb0192',2,'kg',27000);
INSERT INTO PEMBELIAN_BAHAN_BAKU VALUES ('potatoy paprica','pb0187',34,'oz',737);
INSERT INTO PEMBELIAN_BAHAN_BAKU VALUES ('papricay vegetable','pb0060',5,'lbs',13636);
INSERT INTO PEMBELIAN_BAHAN_BAKU VALUES ('chiliy water','pb0242',22,'kg',28000);
INSERT INTO PEMBELIAN_BAHAN_BAKU VALUES ('noodley vegetable','pb0032',21,'hg',1900);
INSERT INTO PEMBELIAN_BAHAN_BAKU VALUES ('leafy rice','pb0185',4,'hg',2000);
INSERT INTO PEMBELIAN_BAHAN_BAKU VALUES ('papricay leaf','pb0086',72,'oz',708);
INSERT INTO PEMBELIAN_BAHAN_BAKU VALUES ('papricay leaf','pb0219',11,'kg',25000);
INSERT INTO PEMBELIAN_BAHAN_BAKU VALUES ('salty leaf','pb0076',77,'gram',31);
INSERT INTO PEMBELIAN_BAHAN_BAKU VALUES ('potatoy rice','pb0177',1,'lbs',9090);
INSERT INTO PEMBELIAN_BAHAN_BAKU VALUES ('vegetabley vegetable','pb0211',67,'gram',31);
INSERT INTO PEMBELIAN_BAHAN_BAKU VALUES ('ricey vegetable','pb0100',22,'kg',25000);
INSERT INTO PEMBELIAN_BAHAN_BAKU VALUES ('watery water','pb0193',100,'oz',538);
INSERT INTO PEMBELIAN_BAHAN_BAKU VALUES ('chiliy noodle','pb0223',12,'kg',30000);
INSERT INTO PEMBELIAN_BAHAN_BAKU VALUES ('ricey rice','pb0005',24,'lbs',8181);
INSERT INTO PEMBELIAN_BAHAN_BAKU VALUES ('chiliy sugar','pb0148',48,'oz',708);
INSERT INTO PEMBELIAN_BAHAN_BAKU VALUES ('vegetabley paprica','pb0136',10,'kg',28000);
INSERT INTO PEMBELIAN_BAHAN_BAKU VALUES ('papricay leaf','pb0153',51,'oz',708);
INSERT INTO PEMBELIAN_BAHAN_BAKU VALUES ('fruity rice','pb0218',80,'gram',20);
INSERT INTO PEMBELIAN_BAHAN_BAKU VALUES ('watery sugar','pb0030',10,'oz',907);
INSERT INTO PEMBELIAN_BAHAN_BAKU VALUES ('vegetabley fruit','pb0122',4,'lbs',15000);
INSERT INTO PEMBELIAN_BAHAN_BAKU VALUES ('potatoy water','pb0181',25,'hg',3300);
INSERT INTO PEMBELIAN_BAHAN_BAKU VALUES ('ricey sugar','pb0209',20,'kg',31000);
INSERT INTO PEMBELIAN_BAHAN_BAKU VALUES ('ricey salt','pb0125',18,'lbs',7272);
INSERT INTO PEMBELIAN_BAHAN_BAKU VALUES ('ricey vegetable','pb0064',1,'gram',25);
INSERT INTO PEMBELIAN_BAHAN_BAKU VALUES ('watery water','pb0112',24,'hg',1900);
INSERT INTO PEMBELIAN_BAHAN_BAKU VALUES ('potatoy water','pb0085',48,'oz',935);
INSERT INTO PEMBELIAN_BAHAN_BAKU VALUES ('fruity salt','pb0216',20,'oz',708);
INSERT INTO PEMBELIAN_BAHAN_BAKU VALUES ('chiliy water','pb0001',9,'hg',2800);
INSERT INTO PEMBELIAN_BAHAN_BAKU VALUES ('watery fruit','pb0105',31,'gram',31);
INSERT INTO PEMBELIAN_BAHAN_BAKU VALUES ('watery leaf','pb0142',3,'lbs',13181);
INSERT INTO PEMBELIAN_BAHAN_BAKU VALUES ('leafy water','pb0022',18,'kg',27000);
INSERT INTO PEMBELIAN_BAHAN_BAKU VALUES ('noodley water','pb0168',99,'gram',27);
INSERT INTO PEMBELIAN_BAHAN_BAKU VALUES ('salty leaf','pb0180',8,'hg',3100);
INSERT INTO PEMBELIAN_BAHAN_BAKU VALUES ('salty leaf','pb0157',75,'gram',31);
INSERT INTO PEMBELIAN_BAHAN_BAKU VALUES ('vegetabley salt','pb0226',59,'oz',481);
INSERT INTO PEMBELIAN_BAHAN_BAKU VALUES ('noodley vegetable','pb0151',18,'kg',19000);
INSERT INTO PEMBELIAN_BAHAN_BAKU VALUES ('sugary water','pb0081',58,'oz',907);
INSERT INTO PEMBELIAN_BAHAN_BAKU VALUES ('vegetabley fruit','pb0227',72,'gram',33);
INSERT INTO PEMBELIAN_BAHAN_BAKU VALUES ('papricay noodle','pb0216',15,'kg',15000);
INSERT INTO PEMBELIAN_BAHAN_BAKU VALUES ('papricay fruit','pb0008',13,'hg',2700);
INSERT INTO PEMBELIAN_BAHAN_BAKU VALUES ('salty chili','pb0248',8,'kg',29000);
INSERT INTO PEMBELIAN_BAHAN_BAKU VALUES ('potatoy leaf','pb0070',57,'oz',850);
INSERT INTO PEMBELIAN_BAHAN_BAKU VALUES ('fruity rice','pb0238',10,'kg',20000);
INSERT INTO PEMBELIAN_BAHAN_BAKU VALUES ('watery sugar','pb0153',93,'oz',907);
INSERT INTO PEMBELIAN_BAHAN_BAKU VALUES ('sugary water','pb0156',12,'oz',907);
INSERT INTO PEMBELIAN_BAHAN_BAKU VALUES ('ricey salt','pb0089',78,'gram',16);
INSERT INTO PEMBELIAN_BAHAN_BAKU VALUES ('fruity potato','pb0241',14,'kg',22000);
INSERT INTO PEMBELIAN_BAHAN_BAKU VALUES ('noodley fruit','pb0205',66,'oz',652);
INSERT INTO PEMBELIAN_BAHAN_BAKU VALUES ('papricay sugar','pb0081',74,'oz',652);
INSERT INTO PEMBELIAN_BAHAN_BAKU VALUES ('fruity potato','pb0127',23,'gram',22);
INSERT INTO PEMBELIAN_BAHAN_BAKU VALUES ('noodley water','pb0071',13,'kg',27000);
INSERT INTO PEMBELIAN_BAHAN_BAKU VALUES ('sugary water','pb0115',20,'lbs',14545);
INSERT INTO PEMBELIAN_BAHAN_BAKU VALUES ('papricay fruit','pb0243',14,'hg',2700);
INSERT INTO PEMBELIAN_BAHAN_BAKU VALUES ('noodley vegetable','pb0055',47,'oz',538);
INSERT INTO PEMBELIAN_BAHAN_BAKU VALUES ('vegetabley noodle','pb0059',19,'gram',24);
INSERT INTO PEMBELIAN_BAHAN_BAKU VALUES ('leafy water','pb0073',56,'oz',765);
INSERT INTO PEMBELIAN_BAHAN_BAKU VALUES ('chiliy sugar','pb0052',31,'gram',25);
INSERT INTO PEMBELIAN_BAHAN_BAKU VALUES ('leafy water','pb0099',21,'lbs',12272);
INSERT INTO PEMBELIAN_BAHAN_BAKU VALUES ('watery leaf','pb0064',24,'oz',822);
INSERT INTO PEMBELIAN_BAHAN_BAKU VALUES ('leafy potato','pb0000',59,'gram',28);
INSERT INTO PEMBELIAN_BAHAN_BAKU VALUES ('salty chili','pb0243',16,'gram',29);
INSERT INTO PEMBELIAN_BAHAN_BAKU VALUES ('fruity salt','pb0154',42,'gram',25);
INSERT INTO PEMBELIAN_BAHAN_BAKU VALUES ('papricay fruit','pb0162',8,'hg',2700);
INSERT INTO PEMBELIAN_BAHAN_BAKU VALUES ('potatoy water','pb0055',8,'kg',33000);
INSERT INTO PEMBELIAN_BAHAN_BAKU VALUES ('fruity rice','pb0092',2,'kg',20000);
INSERT INTO PEMBELIAN_BAHAN_BAKU VALUES ('papricay leaf','pb0034',12,'lbs',11363);
INSERT INTO PEMBELIAN_BAHAN_BAKU VALUES ('fruity fruit','pb0188',10,'gram',19);
INSERT INTO PEMBELIAN_BAHAN_BAKU VALUES ('salty chili','pb0089',9,'kg',29000);
INSERT INTO PEMBELIAN_BAHAN_BAKU VALUES ('papricay leaf','pb0061',50,'oz',708);
INSERT INTO PEMBELIAN_BAHAN_BAKU VALUES ('salty chili','pb0004',7,'gram',29);
INSERT INTO PEMBELIAN_BAHAN_BAKU VALUES ('ricey rice','pb0181',78,'gram',18);
INSERT INTO PEMBELIAN_BAHAN_BAKU VALUES ('ricey vegetable','pb0053',53,'gram',25);
INSERT INTO PEMBELIAN_BAHAN_BAKU VALUES ('ricey leaf','pb0156',89,'oz',425);
INSERT INTO PEMBELIAN_BAHAN_BAKU VALUES ('papricay sugar','pb0227',16,'kg',23000);
INSERT INTO PEMBELIAN_BAHAN_BAKU VALUES ('chiliy noodle','pb0134',16,'lbs',13636);
INSERT INTO PEMBELIAN_BAHAN_BAKU VALUES ('watery fruit','pb0114',15,'kg',31000);
INSERT INTO PEMBELIAN_BAHAN_BAKU VALUES ('ricey leaf','pb0122',9,'gram',15);
INSERT INTO PEMBELIAN_BAHAN_BAKU VALUES ('ricey sugar','pb0174',17,'kg',31000);
INSERT INTO PEMBELIAN_BAHAN_BAKU VALUES ('chiliy sugar','pb0086',35,'oz',708);
INSERT INTO PEMBELIAN_BAHAN_BAKU VALUES ('watery potato','pb0180',24,'hg',3200);
INSERT INTO PEMBELIAN_BAHAN_BAKU VALUES ('papricay sugar','pb0126',19,'lbs',10454);
INSERT INTO PEMBELIAN_BAHAN_BAKU VALUES ('salty chili','pb0094',77,'gram',29);
INSERT INTO PEMBELIAN_BAHAN_BAKU VALUES ('papricay sugar','pb0038',17,'lbs',10454);
INSERT INTO PEMBELIAN_BAHAN_BAKU VALUES ('vegetabley noodle','pb0076',1,'lbs',10909);
INSERT INTO PEMBELIAN_BAHAN_BAKU VALUES ('ricey sugar','pb0217',88,'gram',31);
INSERT INTO PEMBELIAN_BAHAN_BAKU VALUES ('noodley water','pb0101',5,'kg',27000);
INSERT INTO PEMBELIAN_BAHAN_BAKU VALUES ('watery potato','pb0027',12,'lbs',14545);
INSERT INTO PEMBELIAN_BAHAN_BAKU VALUES ('potatoy leaf','pb0171',1,'lbs',13636);
INSERT INTO PEMBELIAN_BAHAN_BAKU VALUES ('papricay noodle','pb0128',4,'lbs',6818);
INSERT INTO PEMBELIAN_BAHAN_BAKU VALUES ('noodley chili','pb0089',95,'gram',15);
INSERT INTO PEMBELIAN_BAHAN_BAKU VALUES ('watery leaf','pb0172',4,'hg',2900);
INSERT INTO PEMBELIAN_BAHAN_BAKU VALUES ('fruity fruit','pb0038',54,'oz',538);
INSERT INTO PEMBELIAN_BAHAN_BAKU VALUES ('fruity fruit','pb0097',15,'hg',1900);
INSERT INTO PEMBELIAN_BAHAN_BAKU VALUES ('fruity salt','pb0232',59,'gram',25);
INSERT INTO PEMBELIAN_BAHAN_BAKU VALUES ('leafy water','pb0079',5,'kg',27000);
INSERT INTO PEMBELIAN_BAHAN_BAKU VALUES ('fruity salt','pb0214',17,'hg',2500);
INSERT INTO PEMBELIAN_BAHAN_BAKU VALUES ('vegetabley leaf','pb0040',12,'kg',27000);
INSERT INTO PEMBELIAN_BAHAN_BAKU VALUES ('potatoy paprica','pb0102',18,'kg',26000);
INSERT INTO PEMBELIAN_BAHAN_BAKU VALUES ('salty vegetable','pb0247',50,'gram',24);
INSERT INTO PEMBELIAN_BAHAN_BAKU VALUES ('leafy water','pb0095',20,'hg',2700);
INSERT INTO PEMBELIAN_BAHAN_BAKU VALUES ('papricay fruit','pb0238',3,'lbs',12272);
INSERT INTO PEMBELIAN_BAHAN_BAKU VALUES ('papricay sugar','pb0118',85,'oz',652);
INSERT INTO PEMBELIAN_BAHAN_BAKU VALUES ('vegetabley noodle','pb0006',2,'lbs',10909);
INSERT INTO PEMBELIAN_BAHAN_BAKU VALUES ('papricay paprica','pb0198',14,'kg',20000);
INSERT INTO PEMBELIAN_BAHAN_BAKU VALUES ('watery fruit','pb0167',11,'kg',31000);
INSERT INTO PEMBELIAN_BAHAN_BAKU VALUES ('vegetabley vegetable','pb0030',21,'kg',31000);
INSERT INTO PEMBELIAN_BAHAN_BAKU VALUES ('watery leaf','pb0119',65,'gram',29);
INSERT INTO PEMBELIAN_BAHAN_BAKU VALUES ('watery water','pb0025',100,'oz',538);
INSERT INTO PEMBELIAN_BAHAN_BAKU VALUES ('noodley water','pb0140',1,'kg',27000);
INSERT INTO PEMBELIAN_BAHAN_BAKU VALUES ('watery leaf','pb0009',58,'oz',822);
INSERT INTO PEMBELIAN_BAHAN_BAKU VALUES ('watery leaf','pb0224',22,'lbs',13181);
INSERT INTO PEMBELIAN_BAHAN_BAKU VALUES ('vegetabley salt','pb0149',9,'oz',481);
INSERT INTO PEMBELIAN_BAHAN_BAKU VALUES ('vegetabley leaf','pb0188',15,'gram',27);
INSERT INTO PEMBELIAN_BAHAN_BAKU VALUES ('salty chili','pb0090',9,'hg',2900);
INSERT INTO PEMBELIAN_BAHAN_BAKU VALUES ('watery potato','pb0136',69,'gram',32);
INSERT INTO PEMBELIAN_BAHAN_BAKU VALUES ('potatoy fruit','pb0162',25,'hg',3400);
INSERT INTO PEMBELIAN_BAHAN_BAKU VALUES ('chiliy water','pb0097',44,'oz',793);
INSERT INTO PEMBELIAN_BAHAN_BAKU VALUES ('vegetabley salt','pb0002',15,'hg',1700);
INSERT INTO PEMBELIAN_BAHAN_BAKU VALUES ('papricay paprica','pb0057',74,'oz',566);
INSERT INTO PEMBELIAN_BAHAN_BAKU VALUES ('leafy water','pb0188',21,'lbs',12272);
INSERT INTO PEMBELIAN_BAHAN_BAKU VALUES ('noodley water','pb0075',6,'hg',2700);
INSERT INTO PEMBELIAN_BAHAN_BAKU VALUES ('noodley fruit','pb0152',12,'hg',2300);
INSERT INTO PEMBELIAN_BAHAN_BAKU VALUES ('salty vegetable','pb0156',92,'gram',24);
INSERT INTO PEMBELIAN_BAHAN_BAKU VALUES ('leafy rice','pb0182',8,'oz',566);
INSERT INTO PEMBELIAN_BAHAN_BAKU VALUES ('chiliy noodle','pb0024',3,'hg',3000);
INSERT INTO PEMBELIAN_BAHAN_BAKU VALUES ('watery water','pb0222',25,'kg',19000);
INSERT INTO PEMBELIAN_BAHAN_BAKU VALUES ('chiliy sugar','pb0081',14,'hg',2500);
INSERT INTO PEMBELIAN_BAHAN_BAKU VALUES ('vegetabley fruit','pb0030',94,'gram',33);
INSERT INTO PEMBELIAN_BAHAN_BAKU VALUES ('vegetabley salt','pb0060',4,'kg',17000);
INSERT INTO PEMBELIAN_BAHAN_BAKU VALUES ('potatoy paprica','pb0117',9,'hg',2600);
INSERT INTO PEMBELIAN_BAHAN_BAKU VALUES ('fruity salt','pb0184',18,'hg',2500);
INSERT INTO PEMBELIAN_BAHAN_BAKU VALUES ('noodley fruit','pb0055',7,'kg',23000);
INSERT INTO PEMBELIAN_BAHAN_BAKU VALUES ('fruity leaf','pb0098',5,'lbs',12272);
INSERT INTO PEMBELIAN_BAHAN_BAKU VALUES ('noodley vegetable','pb0129',3,'lbs',8636);
INSERT INTO PEMBELIAN_BAHAN_BAKU VALUES ('salty leaf','pb0225',23,'gram',31);
INSERT INTO PEMBELIAN_BAHAN_BAKU VALUES ('vegetabley leaf','pb0118',45,'oz',765);
INSERT INTO PEMBELIAN_BAHAN_BAKU VALUES ('vegetabley potato','pb0182',7,'lbs',14090);
INSERT INTO PEMBELIAN_BAHAN_BAKU VALUES ('ricey leaf','pb0115',8,'lbs',6818);
INSERT INTO PEMBELIAN_BAHAN_BAKU VALUES ('noodley chili','pb0170',4,'hg',1500);
INSERT INTO PEMBELIAN_BAHAN_BAKU VALUES ('watery potato','pb0130',10,'lbs',14545);
INSERT INTO PEMBELIAN_BAHAN_BAKU VALUES ('watery sugar','pb0051',24,'kg',32000);
INSERT INTO PEMBELIAN_BAHAN_BAKU VALUES ('leafy rice','pb0208',77,'gram',20);
INSERT INTO PEMBELIAN_BAHAN_BAKU VALUES ('papricay vegetable','pb0215',5,'lbs',13636);
INSERT INTO PEMBELIAN_BAHAN_BAKU VALUES ('watery fruit','pb0184',12,'kg',31000);
INSERT INTO PEMBELIAN_BAHAN_BAKU VALUES ('ricey potato','pb0103',11,'hg',3300);
INSERT INTO PEMBELIAN_BAHAN_BAKU VALUES ('fruity rice','pb0116',24,'lbs',9090);
INSERT INTO PEMBELIAN_BAHAN_BAKU VALUES ('vegetabley vegetable','pb0239',37,'oz',878);
INSERT INTO PEMBELIAN_BAHAN_BAKU VALUES ('fruity salt','pb0052',34,'gram',25);
INSERT INTO PEMBELIAN_BAHAN_BAKU VALUES ('watery fruit','pb0054',5,'lbs',14090);
INSERT INTO PEMBELIAN_BAHAN_BAKU VALUES ('potatoy potato','pb0110',14,'kg',19000);
INSERT INTO PEMBELIAN_BAHAN_BAKU VALUES ('chiliy water','pb0065',21,'oz',793);
INSERT INTO PEMBELIAN_BAHAN_BAKU VALUES ('papricay fruit','pb0146',12,'kg',27000);
INSERT INTO PEMBELIAN_BAHAN_BAKU VALUES ('noodley vegetable','pb0053',3,'hg',1900);
INSERT INTO PEMBELIAN_BAHAN_BAKU VALUES ('ricey salt','pb0242',1,'hg',1600);
INSERT INTO PEMBELIAN_BAHAN_BAKU VALUES ('fruity salt','pb0104',14,'hg',2500);
INSERT INTO PEMBELIAN_BAHAN_BAKU VALUES ('salty vegetable','pb0135',25,'gram',24);
INSERT INTO PEMBELIAN_BAHAN_BAKU VALUES ('ricey vegetable','pb0090',27,'oz',708);
INSERT INTO PEMBELIAN_BAHAN_BAKU VALUES ('salty vegetable','pb0213',92,'gram',24);
INSERT INTO PEMBELIAN_BAHAN_BAKU VALUES ('fruity leaf','pb0058',15,'lbs',12272);
INSERT INTO PEMBELIAN_BAHAN_BAKU VALUES ('watery potato','pb0199',20,'hg',3200);
INSERT INTO PEMBELIAN_BAHAN_BAKU VALUES ('vegetabley potato','pb0118',58,'oz',878);
INSERT INTO PEMBELIAN_BAHAN_BAKU VALUES ('ricey leaf','pb0078',24,'kg',15000);
INSERT INTO PEMBELIAN_BAHAN_BAKU VALUES ('vegetabley fruit','pb0146',8,'gram',33);
INSERT INTO PEMBELIAN_BAHAN_BAKU VALUES ('ricey vegetable','pb0001',25,'lbs',11363);
INSERT INTO PEMBELIAN_BAHAN_BAKU VALUES ('potatoy paprica','pb0082',21,'hg',2600);
INSERT INTO PEMBELIAN_BAHAN_BAKU VALUES ('potatoy rice','pb0174',15,'kg',20000);
INSERT INTO PEMBELIAN_BAHAN_BAKU VALUES ('leafy potato','pb0031',9,'hg',2800);
INSERT INTO PEMBELIAN_BAHAN_BAKU VALUES ('salty leaf','pb0243',15,'kg',31000);
INSERT INTO PEMBELIAN_BAHAN_BAKU VALUES ('fruity rice','pb0248',4,'hg',2000);
INSERT INTO PEMBELIAN_BAHAN_BAKU VALUES ('chiliy water','pb0075',15,'gram',28);
INSERT INTO PEMBELIAN_BAHAN_BAKU VALUES ('ricey salt','pb0191',7,'lbs',7272);
INSERT INTO PEMBELIAN_BAHAN_BAKU VALUES ('ricey leaf','pb0126',44,'oz',425);
INSERT INTO PEMBELIAN_BAHAN_BAKU VALUES ('noodley vegetable','pb0137',14,'lbs',8636);
INSERT INTO PEMBELIAN_BAHAN_BAKU VALUES ('vegetabley vegetable','pb0077',25,'hg',3100);
INSERT INTO PEMBELIAN_BAHAN_BAKU VALUES ('watery sugar','pb0249',12,'gram',32);
INSERT INTO PEMBELIAN_BAHAN_BAKU VALUES ('chiliy noodle','pb0150',19,'oz',850);
INSERT INTO PEMBELIAN_BAHAN_BAKU VALUES ('potatoy leaf','pb0049',22,'oz',850);
INSERT INTO PEMBELIAN_BAHAN_BAKU VALUES ('watery fruit','pb0163',6,'lbs',14090);
INSERT INTO PEMBELIAN_BAHAN_BAKU VALUES ('watery water','pb0232',19,'gram',19);
INSERT INTO PEMBELIAN_BAHAN_BAKU VALUES ('papricay vegetable','pb0247',54,'oz',850);
INSERT INTO PEMBELIAN_BAHAN_BAKU VALUES ('vegetabley leaf','pb0176',15,'lbs',12272);
INSERT INTO PEMBELIAN_BAHAN_BAKU VALUES ('noodley fruit','pb0025',96,'oz',652);
INSERT INTO PEMBELIAN_BAHAN_BAKU VALUES ('vegetabley vegetable','pb0087',2,'lbs',14090);
INSERT INTO PEMBELIAN_BAHAN_BAKU VALUES ('ricey potato','pb0133',21,'oz',935);
INSERT INTO PEMBELIAN_BAHAN_BAKU VALUES ('papricay sugar','pb0210',7,'gram',23);
INSERT INTO PEMBELIAN_BAHAN_BAKU VALUES ('ricey potato','pb0231',4,'gram',33);
INSERT INTO PEMBELIAN_BAHAN_BAKU VALUES ('watery sugar','pb0101',11,'hg',3200);
INSERT INTO PEMBELIAN_BAHAN_BAKU VALUES ('potatoy rice','pb0011',14,'lbs',9090);
INSERT INTO PEMBELIAN_BAHAN_BAKU VALUES ('leafy rice','pb0049',82,'gram',20);
INSERT INTO PEMBELIAN_BAHAN_BAKU VALUES ('papricay sugar','pb0053',8,'hg',2300);
INSERT INTO PEMBELIAN_BAHAN_BAKU VALUES ('watery water','pb0082',9,'lbs',8636);
INSERT INTO PEMBELIAN_BAHAN_BAKU VALUES ('papricay noodle','pb0179',8,'lbs',6818);
INSERT INTO PEMBELIAN_BAHAN_BAKU VALUES ('vegetabley vegetable','pb0184',80,'gram',31);
INSERT INTO PEMBELIAN_BAHAN_BAKU VALUES ('papricay paprica','pb0217',85,'oz',566);
INSERT INTO PEMBELIAN_BAHAN_BAKU VALUES ('chiliy noodle','pb0232',67,'oz',850);
INSERT INTO PEMBELIAN_BAHAN_BAKU VALUES ('noodley chili','pb0069',3,'lbs',6818);
INSERT INTO PEMBELIAN_BAHAN_BAKU VALUES ('fruity chili','pb0096',25,'kg',29000);
INSERT INTO PEMBELIAN_BAHAN_BAKU VALUES ('potatoy leaf','pb0204',14,'lbs',13636);
INSERT INTO PEMBELIAN_BAHAN_BAKU VALUES ('salty vegetable','pb0226',20,'hg',2400);
INSERT INTO PEMBELIAN_BAHAN_BAKU VALUES ('papricay sugar','pb0102',83,'gram',23);
INSERT INTO PEMBELIAN_BAHAN_BAKU VALUES ('vegetabley paprica','pb0220',9,'gram',28);
INSERT INTO PEMBELIAN_BAHAN_BAKU VALUES ('fruity leaf','pb0011',73,'gram',27);
INSERT INTO PEMBELIAN_BAHAN_BAKU VALUES ('leafy water','pb0065',92,'oz',765);
INSERT INTO PEMBELIAN_BAHAN_BAKU VALUES ('papricay noodle','pb0007',21,'kg',15000);
INSERT INTO PEMBELIAN_BAHAN_BAKU VALUES ('chiliy water','pb0080',5,'kg',28000);
INSERT INTO PEMBELIAN_BAHAN_BAKU VALUES ('ricey salt','pb0154',65,'oz',453);
INSERT INTO PEMBELIAN_BAHAN_BAKU VALUES ('ricey rice','pb0007',25,'hg',1800);
INSERT INTO PEMBELIAN_BAHAN_BAKU VALUES ('vegetabley fruit','pb0053',15,'gram',33);
INSERT INTO PEMBELIAN_BAHAN_BAKU VALUES ('noodley vegetable','pb0160',2,'kg',19000);
INSERT INTO PEMBELIAN_BAHAN_BAKU VALUES ('salty chili','pb0056',83,'oz',822);
INSERT INTO PEMBELIAN_BAHAN_BAKU VALUES ('watery potato','pb0025',2,'oz',907);
INSERT INTO PEMBELIAN_BAHAN_BAKU VALUES ('watery sugar','pb0012',43,'gram',32);
INSERT INTO PEMBELIAN_BAHAN_BAKU VALUES ('noodley vegetable','pb0062',13,'lbs',8636);
INSERT INTO PEMBELIAN_BAHAN_BAKU VALUES ('noodley water','pb0063',24,'lbs',12272);
INSERT INTO PEMBELIAN_BAHAN_BAKU VALUES ('fruity rice','pb0174',20,'hg',2000);
INSERT INTO PEMBELIAN_BAHAN_BAKU VALUES ('watery potato','pb0149',96,'oz',907);
INSERT INTO PEMBELIAN_BAHAN_BAKU VALUES ('fruity fruit','pb0206',25,'hg',1900);
INSERT INTO PEMBELIAN_BAHAN_BAKU VALUES ('watery water','pb0001',27,'oz',538);
INSERT INTO PEMBELIAN_BAHAN_BAKU VALUES ('papricay paprica','pb0016',9,'oz',566);
INSERT INTO PEMBELIAN_BAHAN_BAKU VALUES ('ricey vegetable','pb0084',25,'hg',2500);
INSERT INTO PEMBELIAN_BAHAN_BAKU VALUES ('potatoy water','pb0210',23,'lbs',15000);
INSERT INTO PEMBELIAN_BAHAN_BAKU VALUES ('vegetabley potato','pb0109',16,'lbs',14090);
INSERT INTO PEMBELIAN_BAHAN_BAKU VALUES ('potatoy leaf','pb0048',14,'lbs',13636);
INSERT INTO PEMBELIAN_BAHAN_BAKU VALUES ('vegetabley leaf','pb0154',24,'hg',2700);
INSERT INTO PEMBELIAN_BAHAN_BAKU VALUES ('vegetabley leaf','pb0241',9,'hg',2700);
INSERT INTO PEMBELIAN_BAHAN_BAKU VALUES ('fruity leaf','pb0236',44,'oz',765);
INSERT INTO PEMBELIAN_BAHAN_BAKU VALUES ('potatoy fruit','pb0092',4,'lbs',15454);
INSERT INTO PEMBELIAN_BAHAN_BAKU VALUES ('salty leaf','pb0211',4,'lbs',14090);
INSERT INTO PEMBELIAN_BAHAN_BAKU VALUES ('noodley chili','pb0155',17,'hg',1500);
INSERT INTO PEMBELIAN_BAHAN_BAKU VALUES ('potatoy rice','pb0136',12,'kg',20000);
INSERT INTO PEMBELIAN_BAHAN_BAKU VALUES ('watery leaf','pb0126',12,'hg',2900);
INSERT INTO PEMBELIAN_BAHAN_BAKU VALUES ('leafy rice','pb0007',17,'hg',2000);
INSERT INTO PEMBELIAN_BAHAN_BAKU VALUES ('potatoy paprica','pb0097',85,'gram',26);
INSERT INTO PEMBELIAN_BAHAN_BAKU VALUES ('sugary water','pb0204',64,'gram',32);
INSERT INTO PEMBELIAN_BAHAN_BAKU VALUES ('noodley vegetable','pb0113',13,'lbs',8636);
INSERT INTO PEMBELIAN_BAHAN_BAKU VALUES ('fruity chili','pb0143',18,'lbs',13181);
INSERT INTO PEMBELIAN_BAHAN_BAKU VALUES ('noodley vegetable','pb0078',7,'kg',19000);
INSERT INTO PEMBELIAN_BAHAN_BAKU VALUES ('fruity fruit','pb0075',26,'oz',538);
INSERT INTO PEMBELIAN_BAHAN_BAKU VALUES ('vegetabley vegetable','pb0014',14,'oz',878);
INSERT INTO PEMBELIAN_BAHAN_BAKU VALUES ('noodley water','pb0151',68,'oz',765);
INSERT INTO PEMBELIAN_BAHAN_BAKU VALUES ('watery water','pb0072',86,'gram',19);
INSERT INTO PEMBELIAN_BAHAN_BAKU VALUES ('noodley vegetable','pb0205',78,'gram',19);
INSERT INTO PEMBELIAN_BAHAN_BAKU VALUES ('papricay paprica','pb0111',20,'oz',566);
INSERT INTO PEMBELIAN_BAHAN_BAKU VALUES ('noodley vegetable','pb0109',1,'oz',538);
INSERT INTO PEMBELIAN_BAHAN_BAKU VALUES ('papricay fruit','pb0186',14,'lbs',12272);
INSERT INTO PEMBELIAN_BAHAN_BAKU VALUES ('fruity chili','pb0022',7,'lbs',13181);
INSERT INTO PEMBELIAN_BAHAN_BAKU VALUES ('ricey salt','pb0168',12,'lbs',7272);
INSERT INTO PEMBELIAN_BAHAN_BAKU VALUES ('potatoy fruit','pb0169',47,'gram',34);
INSERT INTO PEMBELIAN_BAHAN_BAKU VALUES ('ricey sugar','pb0230',24,'hg',3100);
INSERT INTO PEMBELIAN_BAHAN_BAKU VALUES ('noodley vegetable','pb0133',21,'lbs',8636);
INSERT INTO PEMBELIAN_BAHAN_BAKU VALUES ('fruity salt','pb0039',18,'kg',25000);
INSERT INTO PEMBELIAN_BAHAN_BAKU VALUES ('leafy water','pb0077',56,'oz',765);
INSERT INTO PEMBELIAN_BAHAN_BAKU VALUES ('ricey salt','pb0101',1,'gram',16);
INSERT INTO PEMBELIAN_BAHAN_BAKU VALUES ('vegetabley fruit','pb0103',11,'oz',935);
INSERT INTO PEMBELIAN_BAHAN_BAKU VALUES ('watery sugar','pb0168',25,'gram',32);
INSERT INTO PEMBELIAN_BAHAN_BAKU VALUES ('chiliy sugar','pb0069',17,'gram',25);
INSERT INTO PEMBELIAN_BAHAN_BAKU VALUES ('watery leaf','pb0215',12,'kg',29000);
INSERT INTO PEMBELIAN_BAHAN_BAKU VALUES ('vegetabley vegetable','pb0135',1,'hg',3100);
INSERT INTO PEMBELIAN_BAHAN_BAKU VALUES ('chiliy sugar','pb0249',23,'kg',25000);
INSERT INTO PEMBELIAN_BAHAN_BAKU VALUES ('leafy potato','pb0063',19,'kg',28000);
INSERT INTO PEMBELIAN_BAHAN_BAKU VALUES ('fruity potato','pb0236',31,'gram',22);
INSERT INTO PEMBELIAN_BAHAN_BAKU VALUES ('vegetabley salt','pb0089',11,'kg',17000);
INSERT INTO PEMBELIAN_BAHAN_BAKU VALUES ('watery sugar','pb0035',18,'lbs',14545);
INSERT INTO PEMBELIAN_BAHAN_BAKU VALUES ('vegetabley salt','pb0079',9,'kg',17000);
INSERT INTO PEMBELIAN_BAHAN_BAKU VALUES ('ricey vegetable','pb0091',36,'oz',708);
INSERT INTO PEMBELIAN_BAHAN_BAKU VALUES ('potatoy rice','pb0116',57,'oz',566);
INSERT INTO PEMBELIAN_BAHAN_BAKU VALUES ('ricey rice','pb0239',9,'hg',1800);
INSERT INTO PEMBELIAN_BAHAN_BAKU VALUES ('noodley chili','pb0135',56,'gram',15);
INSERT INTO PEMBELIAN_BAHAN_BAKU VALUES ('vegetabley fruit','pb0208',17,'hg',3300);
INSERT INTO PEMBELIAN_BAHAN_BAKU VALUES ('potatoy paprica','pb0127',7,'hg',2600);
INSERT INTO PEMBELIAN_BAHAN_BAKU VALUES ('noodley fruit','pb0044',15,'hg',2300);
INSERT INTO PEMBELIAN_BAHAN_BAKU VALUES ('vegetabley fruit','pb0175',40,'oz',935);
INSERT INTO PEMBELIAN_BAHAN_BAKU VALUES ('noodley water','pb0112',18,'lbs',12272);
INSERT INTO PEMBELIAN_BAHAN_BAKU VALUES ('vegetabley paprica','pb0141',7,'lbs',12727);
INSERT INTO PEMBELIAN_BAHAN_BAKU VALUES ('noodley vegetable','pb0146',51,'gram',19);
INSERT INTO PEMBELIAN_BAHAN_BAKU VALUES ('watery leaf','pb0074',43,'oz',822);
INSERT INTO PEMBELIAN_BAHAN_BAKU VALUES ('ricey leaf','pb0200',18,'hg',1500);
INSERT INTO PEMBELIAN_BAHAN_BAKU VALUES ('watery fruit','pb0148',7,'hg',3100);
INSERT INTO PEMBELIAN_BAHAN_BAKU VALUES ('watery fruit','pb0104',11,'hg',3100);
INSERT INTO PEMBELIAN_BAHAN_BAKU VALUES ('vegetabley leaf','pb0064',14,'lbs',12272);
INSERT INTO PEMBELIAN_BAHAN_BAKU VALUES ('noodley fruit','pb0071',14,'hg',2300);
INSERT INTO PEMBELIAN_BAHAN_BAKU VALUES ('ricey salt','pb0165',7,'oz',453);
INSERT INTO PEMBELIAN_BAHAN_BAKU VALUES ('vegetabley salt','pb0017',22,'hg',1700);
INSERT INTO PEMBELIAN_BAHAN_BAKU VALUES ('noodley fruit','pb0159',5,'lbs',10454);
INSERT INTO PEMBELIAN_BAHAN_BAKU VALUES ('salty vegetable','pb0142',87,'gram',24);
INSERT INTO PEMBELIAN_BAHAN_BAKU VALUES ('sugary water','pb0220',24,'oz',907);
INSERT INTO PEMBELIAN_BAHAN_BAKU VALUES ('vegetabley vegetable','pb0237',4,'kg',31000);
INSERT INTO PEMBELIAN_BAHAN_BAKU VALUES ('fruity leaf','pb0237',48,'oz',765);
INSERT INTO PEMBELIAN_BAHAN_BAKU VALUES ('vegetabley potato','pb0247',22,'lbs',14090);
INSERT INTO PEMBELIAN_BAHAN_BAKU VALUES ('potatoy potato','pb0055',62,'gram',19);
INSERT INTO PEMBELIAN_BAHAN_BAKU VALUES ('ricey potato','pb0229',8,'kg',33000);
INSERT INTO PEMBELIAN_BAHAN_BAKU VALUES ('ricey sugar','pb0111',15,'hg',3100);
INSERT INTO PEMBELIAN_BAHAN_BAKU VALUES ('ricey rice','pb0043',12,'oz',510);
INSERT INTO PEMBELIAN_BAHAN_BAKU VALUES ('watery fruit','pb0118',74,'gram',31);
INSERT INTO PEMBELIAN_BAHAN_BAKU VALUES ('salty chili','pb0117',21,'lbs',13181);
INSERT INTO PEMBELIAN_BAHAN_BAKU VALUES ('papricay vegetable','pb0145',22,'hg',3000);
INSERT INTO PEMBELIAN_BAHAN_BAKU VALUES ('ricey sugar','pb0147',7,'lbs',14090);
INSERT INTO PEMBELIAN_BAHAN_BAKU VALUES ('chiliy water','pb0090',2,'kg',28000);
INSERT INTO PEMBELIAN_BAHAN_BAKU VALUES ('watery potato','pb0166',2,'hg',3200);
INSERT INTO PEMBELIAN_BAHAN_BAKU VALUES ('watery water','pb0000',12,'gram',19);
INSERT INTO PEMBELIAN_BAHAN_BAKU VALUES ('ricey leaf','pb0015',2,'oz',425);
INSERT INTO PEMBELIAN_BAHAN_BAKU VALUES ('salty leaf','pb0026',11,'oz',878);
INSERT INTO PEMBELIAN_BAHAN_BAKU VALUES ('noodley water','pb0245',17,'lbs',12272);
INSERT INTO PEMBELIAN_BAHAN_BAKU VALUES ('salty vegetable','pb0006',48,'gram',24);
INSERT INTO PEMBELIAN_BAHAN_BAKU VALUES ('fruity rice','pb0015',19,'oz',566);
INSERT INTO PEMBELIAN_BAHAN_BAKU VALUES ('papricay sugar','pb0064',15,'kg',23000);
INSERT INTO PEMBELIAN_BAHAN_BAKU VALUES ('ricey sugar','pb0032',10,'gram',31);
INSERT INTO PEMBELIAN_BAHAN_BAKU VALUES ('leafy water','pb0113',6,'kg',27000);
INSERT INTO PEMBELIAN_BAHAN_BAKU VALUES ('fruity leaf','pb0117',8,'kg',27000);
INSERT INTO PEMBELIAN_BAHAN_BAKU VALUES ('ricey leaf','pb0207',5,'lbs',6818);
INSERT INTO PEMBELIAN_BAHAN_BAKU VALUES ('watery fruit','pb0042',8,'lbs',14090);
INSERT INTO PEMBELIAN_BAHAN_BAKU VALUES ('noodley vegetable','pb0027',14,'hg',1900);
INSERT INTO PEMBELIAN_BAHAN_BAKU VALUES ('potatoy leaf','pb0102',16,'kg',30000);
INSERT INTO PEMBELIAN_BAHAN_BAKU VALUES ('papricay noodle','pb0228',7,'hg',1500);
INSERT INTO PEMBELIAN_BAHAN_BAKU VALUES ('ricey leaf','pb0055',25,'hg',1500);
INSERT INTO PEMBELIAN_BAHAN_BAKU VALUES ('potatoy rice','pb0079',62,'oz',566);
INSERT INTO PEMBELIAN_BAHAN_BAKU VALUES ('ricey vegetable','pb0166',67,'oz',708);
INSERT INTO PEMBELIAN_BAHAN_BAKU VALUES ('ricey potato','pb0237',44,'gram',33);
INSERT INTO PEMBELIAN_BAHAN_BAKU VALUES ('vegetabley leaf','pb0121',8,'lbs',12272);
INSERT INTO PEMBELIAN_BAHAN_BAKU VALUES ('salty vegetable','pb0054',5,'oz',680);
INSERT INTO PEMBELIAN_BAHAN_BAKU VALUES ('vegetabley paprica','pb0172',7,'lbs',12727);
INSERT INTO PEMBELIAN_BAHAN_BAKU VALUES ('potatoy paprica','pb0198',18,'gram',26);
INSERT INTO PEMBELIAN_BAHAN_BAKU VALUES ('ricey potato','pb0145',8,'kg',33000);
INSERT INTO PEMBELIAN_BAHAN_BAKU VALUES ('papricay noodle','pb0092',96,'oz',425);
INSERT INTO PEMBELIAN_BAHAN_BAKU VALUES ('salty leaf','pb0162',16,'kg',31000);
INSERT INTO PEMBELIAN_BAHAN_BAKU VALUES ('vegetabley potato','pb0188',28,'gram',31);
INSERT INTO PEMBELIAN_BAHAN_BAKU VALUES ('watery water','pb0005',84,'oz',538);
INSERT INTO PEMBELIAN_BAHAN_BAKU VALUES ('salty vegetable','pb0147',98,'gram',24);
INSERT INTO PEMBELIAN_BAHAN_BAKU VALUES ('papricay sugar','pb0076',54,'oz',652);
INSERT INTO PEMBELIAN_BAHAN_BAKU VALUES ('fruity potato','pb0047',4,'lbs',10000);
INSERT INTO PEMBELIAN_BAHAN_BAKU VALUES ('noodley fruit','pb0236',36,'oz',652);
INSERT INTO PEMBELIAN_BAHAN_BAKU VALUES ('potatoy paprica','pb0210',97,'oz',737);
INSERT INTO PEMBELIAN_BAHAN_BAKU VALUES ('vegetabley salt','pb0076',6,'hg',1700);
INSERT INTO PEMBELIAN_BAHAN_BAKU VALUES ('papricay sugar','pb0078',18,'kg',23000);
INSERT INTO PEMBELIAN_BAHAN_BAKU VALUES ('vegetabley leaf','pb0217',18,'hg',2700);
INSERT INTO PEMBELIAN_BAHAN_BAKU VALUES ('fruity potato','pb0165',9,'kg',22000);
INSERT INTO PEMBELIAN_BAHAN_BAKU VALUES ('leafy water','pb0058',55,'oz',765);
INSERT INTO PEMBELIAN_BAHAN_BAKU VALUES ('ricey sugar','pb0227',37,'gram',31);
INSERT INTO PEMBELIAN_BAHAN_BAKU VALUES ('ricey sugar','pb0233',38,'oz',878);
INSERT INTO PEMBELIAN_BAHAN_BAKU VALUES ('ricey salt','pb0078',17,'gram',16);
INSERT INTO PEMBELIAN_BAHAN_BAKU VALUES ('ricey potato','pb0225',88,'oz',935);
INSERT INTO PEMBELIAN_BAHAN_BAKU VALUES ('ricey salt','pb0124',52,'gram',16);
INSERT INTO PEMBELIAN_BAHAN_BAKU VALUES ('noodley fruit','pb0108',5,'lbs',10454);
INSERT INTO PEMBELIAN_BAHAN_BAKU VALUES ('watery sugar','pb0110',8,'hg',3200);
INSERT INTO PEMBELIAN_BAHAN_BAKU VALUES ('papricay fruit','pb0075',30,'oz',765);
INSERT INTO PEMBELIAN_BAHAN_BAKU VALUES ('noodley water','pb0241',17,'gram',27);
INSERT INTO PEMBELIAN_BAHAN_BAKU VALUES ('salty chili','pb0066',10,'hg',2900);
INSERT INTO PEMBELIAN_BAHAN_BAKU VALUES ('chiliy water','pb0192',11,'kg',28000);
INSERT INTO PEMBELIAN_BAHAN_BAKU VALUES ('salty chili','pb0109',12,'hg',2900);
INSERT INTO PEMBELIAN_BAHAN_BAKU VALUES ('watery water','pb0175',8,'lbs',8636);
INSERT INTO PEMBELIAN_BAHAN_BAKU VALUES ('salty chili','pb0161',8,'oz',822);
INSERT INTO PEMBELIAN_BAHAN_BAKU VALUES ('vegetabley potato','pb0215',15,'lbs',14090);
INSERT INTO PEMBELIAN_BAHAN_BAKU VALUES ('vegetabley leaf','pb0158',20,'gram',27);
INSERT INTO PEMBELIAN_BAHAN_BAKU VALUES ('noodley fruit','pb0014',24,'hg',2300);
INSERT INTO PEMBELIAN_BAHAN_BAKU VALUES ('salty vegetable','pb0060',18,'hg',2400);
INSERT INTO PEMBELIAN_BAHAN_BAKU VALUES ('noodley vegetable','pb0163',23,'gram',19);
INSERT INTO PEMBELIAN_BAHAN_BAKU VALUES ('potatoy leaf','pb0144',12,'hg',3000);
INSERT INTO PEMBELIAN_BAHAN_BAKU VALUES ('watery leaf','pb0211',82,'gram',29);
INSERT INTO PEMBELIAN_BAHAN_BAKU VALUES ('fruity rice','pb0075',88,'oz',566);
INSERT INTO PEMBELIAN_BAHAN_BAKU VALUES ('papricay vegetable','pb0238',45,'oz',850);
INSERT INTO PEMBELIAN_BAHAN_BAKU VALUES ('chiliy water','pb0070',20,'kg',28000);
INSERT INTO PEMBELIAN_BAHAN_BAKU VALUES ('papricay sugar','pb0137',85,'oz',652);
INSERT INTO PEMBELIAN_BAHAN_BAKU VALUES ('ricey leaf','pb0197',8,'hg',1500);
INSERT INTO PEMBELIAN_BAHAN_BAKU VALUES ('fruity chili','pb0246',83,'gram',29);
INSERT INTO PEMBELIAN_BAHAN_BAKU VALUES ('papricay paprica','pb0194',10,'gram',20);
INSERT INTO PEMBELIAN_BAHAN_BAKU VALUES ('papricay sugar','pb0123',45,'gram',23);
INSERT INTO PEMBELIAN_BAHAN_BAKU VALUES ('watery water','pb0053',67,'gram',19);
INSERT INTO PEMBELIAN_BAHAN_BAKU VALUES ('salty vegetable','pb0175',35,'gram',24);
INSERT INTO PEMBELIAN_BAHAN_BAKU VALUES ('fruity fruit','pb0103',16,'hg',1900);
INSERT INTO PEMBELIAN_BAHAN_BAKU VALUES ('chiliy noodle','pb0041',1,'hg',3000);
INSERT INTO PEMBELIAN_BAHAN_BAKU VALUES ('potatoy water','pb0222',70,'gram',33);
INSERT INTO PEMBELIAN_BAHAN_BAKU VALUES ('salty vegetable','pb0162',21,'lbs',10909);
INSERT INTO PEMBELIAN_BAHAN_BAKU VALUES ('watery fruit','pb0124',9,'hg',3100);
INSERT INTO PEMBELIAN_BAHAN_BAKU VALUES ('vegetabley vegetable','pb0009',30,'gram',31);
INSERT INTO PEMBELIAN_BAHAN_BAKU VALUES ('leafy water','pb0001',12,'kg',27000);
INSERT INTO PEMBELIAN_BAHAN_BAKU VALUES ('fruity chili','pb0235',31,'gram',29);
INSERT INTO PEMBELIAN_BAHAN_BAKU VALUES ('vegetabley noodle','pb0125',18,'hg',2400);
INSERT INTO PEMBELIAN_BAHAN_BAKU VALUES ('papricay noodle','pb0201',7,'kg',15000);
INSERT INTO PEMBELIAN_BAHAN_BAKU VALUES ('vegetabley paprica','pb0073',14,'lbs',12727);
INSERT INTO PEMBELIAN_BAHAN_BAKU VALUES ('leafy potato','pb0091',41,'gram',28);
INSERT INTO PEMBELIAN_BAHAN_BAKU VALUES ('potatoy rice','pb0090',13,'hg',2000);
INSERT INTO PEMBELIAN_BAHAN_BAKU VALUES ('potatoy paprica','pb0005',4,'kg',26000);
INSERT INTO PEMBELIAN_BAHAN_BAKU VALUES ('ricey vegetable','pb0175',12,'lbs',11363);
INSERT INTO PEMBELIAN_BAHAN_BAKU VALUES ('papricay leaf','pb0187',14,'hg',2500);
INSERT INTO PEMBELIAN_BAHAN_BAKU VALUES ('vegetabley noodle','pb0154',65,'gram',24);
INSERT INTO PEMBELIAN_BAHAN_BAKU VALUES ('vegetabley salt','pb0084',13,'lbs',7727);
INSERT INTO PEMBELIAN_BAHAN_BAKU VALUES ('chiliy sugar','pb0185',13,'hg',2500);
INSERT INTO PEMBELIAN_BAHAN_BAKU VALUES ('chiliy sugar','pb0160',71,'oz',708);
INSERT INTO PEMBELIAN_BAHAN_BAKU VALUES ('papricay sugar','pb0119',35,'oz',652);
INSERT INTO PEMBELIAN_BAHAN_BAKU VALUES ('fruity leaf','pb0018',15,'gram',27);
INSERT INTO PEMBELIAN_BAHAN_BAKU VALUES ('fruity rice','pb0195',24,'lbs',9090);
INSERT INTO PEMBELIAN_BAHAN_BAKU VALUES ('chiliy sugar','pb0004',21,'lbs',11363);
INSERT INTO PEMBELIAN_BAHAN_BAKU VALUES ('potatoy water','pb0076',100,'oz',935);
INSERT INTO PEMBELIAN_BAHAN_BAKU VALUES ('ricey leaf','pb0105',31,'oz',425);
INSERT INTO PEMBELIAN_BAHAN_BAKU VALUES ('fruity leaf','pb0072',45,'gram',27);
INSERT INTO PEMBELIAN_BAHAN_BAKU VALUES ('salty leaf','pb0071',3,'hg',3100);
INSERT INTO PEMBELIAN_BAHAN_BAKU VALUES ('fruity potato','pb0093',24,'lbs',10000);
INSERT INTO PEMBELIAN_BAHAN_BAKU VALUES ('noodley fruit','pb0084',13,'lbs',10454);
INSERT INTO PEMBELIAN_BAHAN_BAKU VALUES ('noodley chili','pb0067',33,'gram',15);
INSERT INTO PEMBELIAN_BAHAN_BAKU VALUES ('watery fruit','pb0229',11,'oz',878);
INSERT INTO PEMBELIAN_BAHAN_BAKU VALUES ('ricey leaf','pb0000',99,'gram',15);
INSERT INTO PEMBELIAN_BAHAN_BAKU VALUES ('papricay vegetable','pb0015',18,'kg',30000);
INSERT INTO PEMBELIAN_BAHAN_BAKU VALUES ('leafy potato','pb0110',50,'oz',793);
INSERT INTO PEMBELIAN_BAHAN_BAKU VALUES ('noodley fruit','pb0176',12,'kg',23000);
INSERT INTO PEMBELIAN_BAHAN_BAKU VALUES ('papricay noodle','pb0087',16,'hg',1500);
INSERT INTO PEMBELIAN_BAHAN_BAKU VALUES ('papricay leaf','pb0130',12,'oz',708);
INSERT INTO PEMBELIAN_BAHAN_BAKU VALUES ('noodley fruit','pb0112',21,'kg',23000);
INSERT INTO PEMBELIAN_BAHAN_BAKU VALUES ('salty leaf','pb0061',3,'hg',3100);
INSERT INTO PEMBELIAN_BAHAN_BAKU VALUES ('papricay paprica','pb0183',55,'gram',20);
INSERT INTO PEMBELIAN_BAHAN_BAKU VALUES ('potatoy leaf','pb0181',9,'hg',3000);
INSERT INTO PEMBELIAN_BAHAN_BAKU VALUES ('vegetabley potato','pb0032',19,'lbs',14090);
INSERT INTO PEMBELIAN_BAHAN_BAKU VALUES ('papricay fruit','pb0087',25,'lbs',12272);
INSERT INTO PEMBELIAN_BAHAN_BAKU VALUES ('leafy water','pb0241',32,'oz',765);
INSERT INTO PEMBELIAN_BAHAN_BAKU VALUES ('fruity salt','pb0100',20,'oz',708);
INSERT INTO PEMBELIAN_BAHAN_BAKU VALUES ('ricey rice','pb0160',19,'hg',1800);
INSERT INTO PEMBELIAN_BAHAN_BAKU VALUES ('fruity chili','pb0162',90,'oz',822);
INSERT INTO PEMBELIAN_BAHAN_BAKU VALUES ('papricay paprica','pb0244',20,'hg',2000);
INSERT INTO PEMBELIAN_BAHAN_BAKU VALUES ('potatoy potato','pb0123',29,'oz',538);
INSERT INTO PEMBELIAN_BAHAN_BAKU VALUES ('vegetabley leaf','pb0072',85,'oz',765);
INSERT INTO PEMBELIAN_BAHAN_BAKU VALUES ('ricey salt','pb0001',2,'hg',1600);
INSERT INTO PEMBELIAN_BAHAN_BAKU VALUES ('papricay vegetable','pb0017',9,'oz',850);
INSERT INTO PEMBELIAN_BAHAN_BAKU VALUES ('ricey leaf','pb0214',12,'hg',1500);
INSERT INTO PEMBELIAN_BAHAN_BAKU VALUES ('vegetabley noodle','pb0036',55,'gram',24);
INSERT INTO PEMBELIAN_BAHAN_BAKU VALUES ('fruity chili','pb0136',16,'hg',2900);
INSERT INTO PEMBELIAN_BAHAN_BAKU VALUES ('papricay fruit','pb0100',16,'oz',765);
INSERT INTO PEMBELIAN_BAHAN_BAKU VALUES ('ricey rice','pb0067',13,'lbs',8181);
INSERT INTO PEMBELIAN_BAHAN_BAKU VALUES ('vegetabley leaf','pb0035',25,'hg',2700);
INSERT INTO PEMBELIAN_BAHAN_BAKU VALUES ('leafy potato','pb0128',74,'gram',28);
INSERT INTO PEMBELIAN_BAHAN_BAKU VALUES ('papricay paprica','pb0078',5,'hg',2000);
INSERT INTO PEMBELIAN_BAHAN_BAKU VALUES ('papricay noodle','pb0055',98,'oz',425);
INSERT INTO PEMBELIAN_BAHAN_BAKU VALUES ('chiliy sugar','pb0005',16,'kg',25000);
INSERT INTO PEMBELIAN_BAHAN_BAKU VALUES ('fruity rice','pb0012',83,'oz',566);
INSERT INTO PEMBELIAN_BAHAN_BAKU VALUES ('potatoy paprica','pb0000',5,'lbs',11818);
INSERT INTO PEMBELIAN_BAHAN_BAKU VALUES ('papricay leaf','pb0247',47,'gram',25);
INSERT INTO PEMBELIAN_BAHAN_BAKU VALUES ('vegetabley noodle','pb0054',5,'kg',24000);
INSERT INTO PEMBELIAN_BAHAN_BAKU VALUES ('ricey sugar','pb0011',3,'lbs',14090);
INSERT INTO PEMBELIAN_BAHAN_BAKU VALUES ('salty vegetable','pb0076',12,'kg',24000);
INSERT INTO PEMBELIAN_BAHAN_BAKU VALUES ('potatoy rice','pb0145',89,'gram',20);
INSERT INTO PEMBELIAN_BAHAN_BAKU VALUES ('papricay fruit','pb0000',5,'lbs',12272);
INSERT INTO PEMBELIAN_BAHAN_BAKU VALUES ('noodley vegetable','pb0184',5,'hg',1900);
INSERT INTO PEMBELIAN_BAHAN_BAKU VALUES ('vegetabley potato','pb0115',10,'hg',3100);
INSERT INTO PEMBELIAN_BAHAN_BAKU VALUES ('papricay vegetable','pb0202',58,'gram',30);
INSERT INTO PEMBELIAN_BAHAN_BAKU VALUES ('vegetabley salt','pb0024',40,'gram',17);
INSERT INTO PEMBELIAN_BAHAN_BAKU VALUES ('ricey potato','pb0196',1,'hg',3300);
INSERT INTO PEMBELIAN_BAHAN_BAKU VALUES ('salty leaf','pb0122',4,'hg',3100);
INSERT INTO PEMBELIAN_BAHAN_BAKU VALUES ('potatoy paprica','pb0090',2,'lbs',11818);
INSERT INTO PEMBELIAN_BAHAN_BAKU VALUES ('leafy rice','pb0173',23,'lbs',9090);
INSERT INTO PEMBELIAN_BAHAN_BAKU VALUES ('potatoy rice','pb0243',16,'hg',2000);
INSERT INTO PEMBELIAN_BAHAN_BAKU VALUES ('salty vegetable','pb0043',21,'lbs',10909);
INSERT INTO PEMBELIAN_BAHAN_BAKU VALUES ('watery fruit','pb0081',37,'oz',878);
INSERT INTO PEMBELIAN_BAHAN_BAKU VALUES ('ricey vegetable','pb0214',14,'hg',2500);
INSERT INTO PEMBELIAN_BAHAN_BAKU VALUES ('salty leaf','pb0193',21,'lbs',14090);
INSERT INTO PEMBELIAN_BAHAN_BAKU VALUES ('noodley vegetable','pb0074',82,'gram',19);
INSERT INTO PEMBELIAN_BAHAN_BAKU VALUES ('noodley fruit','pb0085',2,'lbs',10454);
INSERT INTO PEMBELIAN_BAHAN_BAKU VALUES ('fruity leaf','pb0016',37,'gram',27);
INSERT INTO PEMBELIAN_BAHAN_BAKU VALUES ('potatoy rice','pb0155',44,'oz',566);
INSERT INTO PEMBELIAN_BAHAN_BAKU VALUES ('papricay paprica','pb0008',19,'oz',566);
INSERT INTO PEMBELIAN_BAHAN_BAKU VALUES ('papricay leaf','pb0128',23,'kg',25000);
INSERT INTO PEMBELIAN_BAHAN_BAKU VALUES ('salty chili','pb0104',23,'hg',2900);
INSERT INTO PEMBELIAN_BAHAN_BAKU VALUES ('noodley water','pb0002',5,'oz',765);
INSERT INTO PEMBELIAN_BAHAN_BAKU VALUES ('watery potato','pb0171',14,'hg',3200);
INSERT INTO PEMBELIAN_BAHAN_BAKU VALUES ('fruity chili','pb0053',2,'hg',2900);
INSERT INTO PEMBELIAN_BAHAN_BAKU VALUES ('vegetabley potato','pb0075',23,'kg',31000);
INSERT INTO PEMBELIAN_BAHAN_BAKU VALUES ('noodley water','pb0020',23,'oz',765);
INSERT INTO PEMBELIAN_BAHAN_BAKU VALUES ('fruity salt','pb0179',16,'kg',25000);
INSERT INTO PEMBELIAN_BAHAN_BAKU VALUES ('papricay paprica','pb0133',20,'hg',2000);
INSERT INTO PEMBELIAN_BAHAN_BAKU VALUES ('vegetabley fruit','pb0164',21,'hg',3300);
INSERT INTO PEMBELIAN_BAHAN_BAKU VALUES ('ricey vegetable','pb0119',24,'oz',708);
INSERT INTO PEMBELIAN_BAHAN_BAKU VALUES ('vegetabley leaf','pb0039',49,'gram',27);
INSERT INTO PEMBELIAN_BAHAN_BAKU VALUES ('potatoy leaf','pb0214',82,'gram',30);
INSERT INTO PEMBELIAN_BAHAN_BAKU VALUES ('salty chili','pb0058',11,'lbs',13181);
INSERT INTO PEMBELIAN_BAHAN_BAKU VALUES ('leafy rice','pb0012',19,'hg',2000);
INSERT INTO PEMBELIAN_BAHAN_BAKU VALUES ('vegetabley fruit','pb0082',72,'gram',33);
INSERT INTO PEMBELIAN_BAHAN_BAKU VALUES ('papricay vegetable','pb0029',10,'lbs',13636);
INSERT INTO PEMBELIAN_BAHAN_BAKU VALUES ('ricey leaf','pb0144',9,'oz',425);
INSERT INTO PEMBELIAN_BAHAN_BAKU VALUES ('papricay fruit','pb0164',71,'gram',27);
INSERT INTO PEMBELIAN_BAHAN_BAKU VALUES ('watery leaf','pb0230',10,'hg',2900);
INSERT INTO PEMBELIAN_BAHAN_BAKU VALUES ('papricay sugar','pb0229',8,'lbs',10454);
INSERT INTO PEMBELIAN_BAHAN_BAKU VALUES ('ricey rice','pb0065',22,'kg',18000);
INSERT INTO PEMBELIAN_BAHAN_BAKU VALUES ('chiliy water','pb0130',15,'hg',2800);
INSERT INTO PEMBELIAN_BAHAN_BAKU VALUES ('vegetabley vegetable','pb0047',6,'lbs',14090);
INSERT INTO PEMBELIAN_BAHAN_BAKU VALUES ('chiliy sugar','pb0142',4,'hg',2500);
INSERT INTO PEMBELIAN_BAHAN_BAKU VALUES ('ricey leaf','pb0181',1,'hg',1500);
INSERT INTO PEMBELIAN_BAHAN_BAKU VALUES ('watery sugar','pb0226',12,'hg',3200);
INSERT INTO PEMBELIAN_BAHAN_BAKU VALUES ('leafy potato','pb0179',14,'hg',2800);
INSERT INTO PEMBELIAN_BAHAN_BAKU VALUES ('papricay leaf','pb0182',64,'oz',708);
INSERT INTO PEMBELIAN_BAHAN_BAKU VALUES ('vegetabley paprica','pb0215',68,'gram',28);
INSERT INTO PEMBELIAN_BAHAN_BAKU VALUES ('potatoy paprica','pb0125',23,'hg',2600);
INSERT INTO PEMBELIAN_BAHAN_BAKU VALUES ('salty leaf','pb0100',9,'hg',3100);
INSERT INTO PEMBELIAN_BAHAN_BAKU VALUES ('salty chili','pb0157',71,'oz',822);
INSERT INTO PEMBELIAN_BAHAN_BAKU VALUES ('watery sugar','pb0148',3,'hg',3200);
INSERT INTO PEMBELIAN_BAHAN_BAKU VALUES ('papricay leaf','pb0194',18,'gram',25);
INSERT INTO PEMBELIAN_BAHAN_BAKU VALUES ('ricey vegetable','pb0200',1,'hg',2500);
INSERT INTO PEMBELIAN_BAHAN_BAKU VALUES ('ricey potato','pb0039',12,'kg',33000);
INSERT INTO PEMBELIAN_BAHAN_BAKU VALUES ('papricay noodle','pb0041',93,'gram',15);
INSERT INTO PEMBELIAN_BAHAN_BAKU VALUES ('papricay paprica','pb0027',12,'hg',2000);
INSERT INTO PEMBELIAN_BAHAN_BAKU VALUES ('potatoy leaf','pb0076',12,'hg',3000);
INSERT INTO PEMBELIAN_BAHAN_BAKU VALUES ('noodley water','pb0050',19,'hg',2700);
INSERT INTO PEMBELIAN_BAHAN_BAKU VALUES ('fruity fruit','pb0130',65,'oz',538);
INSERT INTO PEMBELIAN_BAHAN_BAKU VALUES ('papricay sugar','pb0088',16,'lbs',10454);
INSERT INTO PEMBELIAN_BAHAN_BAKU VALUES ('papricay paprica','pb0139',24,'lbs',9090);
INSERT INTO PEMBELIAN_BAHAN_BAKU VALUES ('noodley fruit','pb0037',22,'hg',2300);
INSERT INTO PEMBELIAN_BAHAN_BAKU VALUES ('leafy potato','pb0023',27,'oz',793);
INSERT INTO PEMBELIAN_BAHAN_BAKU VALUES ('vegetabley noodle','pb0227',10,'lbs',10909);
INSERT INTO PEMBELIAN_BAHAN_BAKU VALUES ('vegetabley potato','pb0119',25,'kg',31000);
INSERT INTO PEMBELIAN_BAHAN_BAKU VALUES ('noodley vegetable','pb0216',8,'lbs',8636);
INSERT INTO PEMBELIAN_BAHAN_BAKU VALUES ('vegetabley leaf','pb0018',21,'lbs',12272);
INSERT INTO PEMBELIAN_BAHAN_BAKU VALUES ('potatoy leaf','pb0244',7,'kg',30000);
INSERT INTO PEMBELIAN_BAHAN_BAKU VALUES ('noodley chili','pb0134',81,'gram',15);
INSERT INTO PEMBELIAN_BAHAN_BAKU VALUES ('vegetabley noodle','pb0028',68,'oz',680);
INSERT INTO PEMBELIAN_BAHAN_BAKU VALUES ('fruity potato','pb0143',8,'lbs',10000);
INSERT INTO PEMBELIAN_BAHAN_BAKU VALUES ('noodley chili','pb0059',41,'oz',425);
INSERT INTO PEMBELIAN_BAHAN_BAKU VALUES ('fruity fruit','pb0014',4,'hg',1900);
INSERT INTO PEMBELIAN_BAHAN_BAKU VALUES ('noodley chili','pb0216',11,'lbs',6818);
INSERT INTO PEMBELIAN_BAHAN_BAKU VALUES ('vegetabley potato','pb0108',84,'gram',31);
INSERT INTO PEMBELIAN_BAHAN_BAKU VALUES ('watery water','pb0245',13,'hg',1900);
INSERT INTO PEMBELIAN_BAHAN_BAKU VALUES ('potatoy fruit','pb0123',14,'lbs',15454);
INSERT INTO PEMBELIAN_BAHAN_BAKU VALUES ('potatoy leaf','pb0056',87,'oz',850);
INSERT INTO PEMBELIAN_BAHAN_BAKU VALUES ('vegetabley potato','pb0041',38,'oz',878);
INSERT INTO PEMBELIAN_BAHAN_BAKU VALUES ('salty vegetable','pb0004',91,'oz',680);
INSERT INTO PEMBELIAN_BAHAN_BAKU VALUES ('chiliy noodle','pb0073',90,'gram',30);
INSERT INTO PEMBELIAN_BAHAN_BAKU VALUES ('salty leaf','pb0220',6,'kg',31000);
INSERT INTO PEMBELIAN_BAHAN_BAKU VALUES ('leafy water','pb0132',85,'oz',765);
INSERT INTO PEMBELIAN_BAHAN_BAKU VALUES ('fruity chili','pb0122',10,'kg',29000);
INSERT INTO PEMBELIAN_BAHAN_BAKU VALUES ('salty vegetable','pb0104',10,'kg',24000);
INSERT INTO PEMBELIAN_BAHAN_BAKU VALUES ('vegetabley paprica','pb0108',9,'kg',28000);
INSERT INTO PEMBELIAN_BAHAN_BAKU VALUES ('potatoy water','pb0206',3,'kg',33000);
INSERT INTO PEMBELIAN_BAHAN_BAKU VALUES ('noodley chili','pb0092',2,'hg',1500);
INSERT INTO PEMBELIAN_BAHAN_BAKU VALUES ('fruity chili','pb0042',4,'lbs',13181);
INSERT INTO PEMBELIAN_BAHAN_BAKU VALUES ('salty chili','pb0238',2,'gram',29);
INSERT INTO PEMBELIAN_BAHAN_BAKU VALUES ('ricey salt','pb0249',13,'hg',1600);
INSERT INTO PEMBELIAN_BAHAN_BAKU VALUES ('salty vegetable','pb0193',24,'lbs',10909);
INSERT INTO PEMBELIAN_BAHAN_BAKU VALUES ('potatoy potato','pb0144',13,'lbs',8636);
INSERT INTO PEMBELIAN_BAHAN_BAKU VALUES ('leafy potato','pb0220',7,'hg',2800);
INSERT INTO PEMBELIAN_BAHAN_BAKU VALUES ('watery leaf','pb0184',8,'kg',29000);
INSERT INTO PEMBELIAN_BAHAN_BAKU VALUES ('noodley vegetable','pb0117',23,'hg',1900);
INSERT INTO PEMBELIAN_BAHAN_BAKU VALUES ('vegetabley fruit','pb0096',16,'kg',33000);
INSERT INTO PEMBELIAN_BAHAN_BAKU VALUES ('papricay vegetable','pb0142',72,'oz',850);
INSERT INTO PEMBELIAN_BAHAN_BAKU VALUES ('fruity salt','pb0183',21,'kg',25000);
INSERT INTO PEMBELIAN_BAHAN_BAKU VALUES ('noodley water','pb0060',1,'gram',27);
INSERT INTO PEMBELIAN_BAHAN_BAKU VALUES ('vegetabley noodle','pb0211',20,'oz',680);
INSERT INTO PEMBELIAN_BAHAN_BAKU VALUES ('fruity fruit','pb0237',1,'gram',19);
INSERT INTO PEMBELIAN_BAHAN_BAKU VALUES ('ricey rice','pb0221',3,'lbs',8181);
INSERT INTO PEMBELIAN_BAHAN_BAKU VALUES ('leafy rice','pb0158',53,'gram',20);
INSERT INTO PEMBELIAN_BAHAN_BAKU VALUES ('ricey salt','pb0139',19,'hg',1600);
INSERT INTO PEMBELIAN_BAHAN_BAKU VALUES ('ricey leaf','pb0063',17,'kg',15000);
INSERT INTO PEMBELIAN_BAHAN_BAKU VALUES ('watery sugar','pb0129',13,'hg',3200);
INSERT INTO PEMBELIAN_BAHAN_BAKU VALUES ('vegetabley fruit','pb0036',14,'kg',33000);
INSERT INTO PEMBELIAN_BAHAN_BAKU VALUES ('papricay fruit','pb0082',24,'oz',765);
INSERT INTO PEMBELIAN_BAHAN_BAKU VALUES ('salty leaf','pb0042',12,'hg',3100);
INSERT INTO PEMBELIAN_BAHAN_BAKU VALUES ('salty chili','pb0065',15,'lbs',13181);
INSERT INTO PEMBELIAN_BAHAN_BAKU VALUES ('potatoy leaf','pb0100',10,'kg',30000);
INSERT INTO PEMBELIAN_BAHAN_BAKU VALUES ('vegetabley salt','pb0215',43,'oz',481);
INSERT INTO PEMBELIAN_BAHAN_BAKU VALUES ('chiliy noodle','pb0078',3,'kg',30000);
INSERT INTO PEMBELIAN_BAHAN_BAKU VALUES ('papricay leaf','pb0025',21,'lbs',11363);
INSERT INTO PEMBELIAN_BAHAN_BAKU VALUES ('ricey salt','pb0034',54,'oz',453);
INSERT INTO PEMBELIAN_BAHAN_BAKU VALUES ('chiliy water','pb0224',4,'kg',28000);
INSERT INTO PEMBELIAN_BAHAN_BAKU VALUES ('ricey salt','pb0081',10,'kg',16000);
INSERT INTO PEMBELIAN_BAHAN_BAKU VALUES ('noodley vegetable','pb0040',1,'gram',19);
INSERT INTO PEMBELIAN_BAHAN_BAKU VALUES ('ricey leaf','pb0112',26,'gram',15);
INSERT INTO PEMBELIAN_BAHAN_BAKU VALUES ('papricay noodle','pb0202',74,'oz',425);
INSERT INTO PEMBELIAN_BAHAN_BAKU VALUES ('vegetabley leaf','pb0056',79,'oz',765);
INSERT INTO PEMBELIAN_BAHAN_BAKU VALUES ('vegetabley noodle','pb0212',8,'kg',24000);
INSERT INTO PEMBELIAN_BAHAN_BAKU VALUES ('vegetabley leaf','pb0049',17,'lbs',12272);
INSERT INTO PEMBELIAN_BAHAN_BAKU VALUES ('chiliy water','pb0145',13,'kg',28000);
INSERT INTO PEMBELIAN_BAHAN_BAKU VALUES ('potatoy water','pb0233',12,'lbs',15000);
INSERT INTO PEMBELIAN_BAHAN_BAKU VALUES ('watery leaf','pb0061',16,'kg',29000);
INSERT INTO PEMBELIAN_BAHAN_BAKU VALUES ('papricay noodle','pb0203',3,'oz',425);
INSERT INTO PEMBELIAN_BAHAN_BAKU VALUES ('noodley fruit','pb0136',9,'kg',23000);
INSERT INTO PEMBELIAN_BAHAN_BAKU VALUES ('leafy potato','pb0162',73,'oz',793);
INSERT INTO PEMBELIAN_BAHAN_BAKU VALUES ('watery water','pb0239',3,'lbs',8636);
INSERT INTO PEMBELIAN_BAHAN_BAKU VALUES ('chiliy noodle','pb0144',67,'oz',850);
INSERT INTO PEMBELIAN_BAHAN_BAKU VALUES ('papricay vegetable','pb0148',12,'gram',30);
INSERT INTO PEMBELIAN_BAHAN_BAKU VALUES ('ricey sugar','pb0010',16,'kg',31000);
INSERT INTO PEMBELIAN_BAHAN_BAKU VALUES ('noodley chili','pb0173',74,'oz',425);
INSERT INTO PEMBELIAN_BAHAN_BAKU VALUES ('ricey rice','pb0183',17,'hg',1800);
INSERT INTO PEMBELIAN_BAHAN_BAKU VALUES ('vegetabley salt','pb0217',6,'gram',17);
INSERT INTO PEMBELIAN_BAHAN_BAKU VALUES ('vegetabley salt','pb0197',21,'kg',17000);
INSERT INTO PEMBELIAN_BAHAN_BAKU VALUES ('fruity fruit','pb0118',2,'lbs',8636);
INSERT INTO PEMBELIAN_BAHAN_BAKU VALUES ('ricey rice','pb0175',5,'lbs',8181);
INSERT INTO PEMBELIAN_BAHAN_BAKU VALUES ('potatoy rice','pb0001',15,'lbs',9090);
INSERT INTO PEMBELIAN_BAHAN_BAKU VALUES ('noodley chili','pb0212',35,'gram',15);
INSERT INTO PEMBELIAN_BAHAN_BAKU VALUES ('noodley water','pb0116',1,'hg',2700);
INSERT INTO PEMBELIAN_BAHAN_BAKU VALUES ('potatoy potato','pb0166',2,'lbs',8636);
INSERT INTO PEMBELIAN_BAHAN_BAKU VALUES ('salty vegetable','pb0046',14,'lbs',10909);
INSERT INTO PEMBELIAN_BAHAN_BAKU VALUES ('vegetabley noodle','pb0102',12,'lbs',10909);
INSERT INTO PEMBELIAN_BAHAN_BAKU VALUES ('noodley chili','pb0244',24,'lbs',6818);
INSERT INTO PEMBELIAN_BAHAN_BAKU VALUES ('leafy rice','pb0027',4,'kg',20000);
INSERT INTO PEMBELIAN_BAHAN_BAKU VALUES ('leafy potato','pb0205',10,'lbs',12727);
INSERT INTO PEMBELIAN_BAHAN_BAKU VALUES ('potatoy potato','pb0024',9,'oz',538);
INSERT INTO PEMBELIAN_BAHAN_BAKU VALUES ('watery leaf','pb0018',1,'kg',29000);
INSERT INTO PEMBELIAN_BAHAN_BAKU VALUES ('ricey salt','pb0121',6,'lbs',7272);
INSERT INTO PEMBELIAN_BAHAN_BAKU VALUES ('potatoy rice','pb0182',89,'oz',566);
INSERT INTO PEMBELIAN_BAHAN_BAKU VALUES ('papricay leaf','pb0195',24,'hg',2500);
INSERT INTO PEMBELIAN_BAHAN_BAKU VALUES ('chiliy water','pb0010',33,'oz',793);
INSERT INTO PEMBELIAN_BAHAN_BAKU VALUES ('potatoy rice','pb0231',11,'oz',566);
INSERT INTO PEMBELIAN_BAHAN_BAKU VALUES ('vegetabley vegetable','pb0026',62,'oz',878);
INSERT INTO PEMBELIAN_BAHAN_BAKU VALUES ('potatoy fruit','pb0029',40,'oz',963);
INSERT INTO PEMBELIAN_BAHAN_BAKU VALUES ('papricay vegetable','pb0001',2,'lbs',13636);
INSERT INTO PEMBELIAN_BAHAN_BAKU VALUES ('fruity fruit','pb0199',7,'kg',19000);
INSERT INTO PEMBELIAN_BAHAN_BAKU VALUES ('papricay vegetable','pb0175',52,'oz',850);
INSERT INTO PEMBELIAN_BAHAN_BAKU VALUES ('watery leaf','pb0134',19,'oz',822);
INSERT INTO PEMBELIAN_BAHAN_BAKU VALUES ('noodley fruit','pb0179',82,'gram',23);
INSERT INTO PEMBELIAN_BAHAN_BAKU VALUES ('noodley fruit','pb0147',56,'gram',23);
INSERT INTO PEMBELIAN_BAHAN_BAKU VALUES ('vegetabley potato','pb0060',17,'lbs',14090);
INSERT INTO PEMBELIAN_BAHAN_BAKU VALUES ('leafy water','pb0055',71,'oz',765);
INSERT INTO PEMBELIAN_BAHAN_BAKU VALUES ('watery fruit','pb0038',34,'oz',878);
INSERT INTO PEMBELIAN_BAHAN_BAKU VALUES ('vegetabley fruit','pb0193',48,'gram',33);
INSERT INTO PEMBELIAN_BAHAN_BAKU VALUES ('sugary water','pb0219',83,'gram',32);
INSERT INTO PEMBELIAN_BAHAN_BAKU VALUES ('fruity potato','pb0160',18,'kg',22000);
INSERT INTO PEMBELIAN_BAHAN_BAKU VALUES ('salty vegetable','pb0244',11,'kg',24000);
INSERT INTO PEMBELIAN_BAHAN_BAKU VALUES ('fruity rice','pb0115',51,'gram',20);
INSERT INTO PEMBELIAN_BAHAN_BAKU VALUES ('fruity salt','pb0182',94,'oz',708);
INSERT INTO PEMBELIAN_BAHAN_BAKU VALUES ('vegetabley salt','pb0092',17,'hg',1700);
INSERT INTO PEMBELIAN_BAHAN_BAKU VALUES ('chiliy noodle','pb0022',11,'kg',30000);
INSERT INTO PEMBELIAN_BAHAN_BAKU VALUES ('ricey rice','pb0061',7,'oz',510);
INSERT INTO PEMBELIAN_BAHAN_BAKU VALUES ('papricay leaf','pb0009',5,'lbs',11363);
INSERT INTO PEMBELIAN_BAHAN_BAKU VALUES ('papricay sugar','pb0031',66,'oz',652);
INSERT INTO PEMBELIAN_BAHAN_BAKU VALUES ('papricay fruit','pb0031',16,'lbs',12272);
INSERT INTO PEMBELIAN_BAHAN_BAKU VALUES ('vegetabley potato','pb0160',46,'gram',31);
INSERT INTO PEMBELIAN_BAHAN_BAKU VALUES ('fruity chili','pb0229',25,'lbs',13181);
INSERT INTO PEMBELIAN_BAHAN_BAKU VALUES ('potatoy fruit','pb0099',25,'hg',3400);
INSERT INTO PEMBELIAN_BAHAN_BAKU VALUES ('potatoy water','pb0046',4,'lbs',15000);
INSERT INTO PEMBELIAN_BAHAN_BAKU VALUES ('watery fruit','pb0225',51,'gram',31);
INSERT INTO PEMBELIAN_BAHAN_BAKU VALUES ('ricey rice','pb0030',22,'hg',1800);
INSERT INTO PEMBELIAN_BAHAN_BAKU VALUES ('papricay fruit','pb0140',14,'lbs',12272);
INSERT INTO PEMBELIAN_BAHAN_BAKU VALUES ('noodley vegetable','pb0226',52,'oz',538);
INSERT INTO PEMBELIAN_BAHAN_BAKU VALUES ('fruity chili','pb0006',13,'hg',2900);
INSERT INTO PEMBELIAN_BAHAN_BAKU VALUES ('noodley vegetable','pb0234',40,'gram',19);
INSERT INTO PEMBELIAN_BAHAN_BAKU VALUES ('potatoy rice','pb0240',51,'oz',566);
INSERT INTO PEMBELIAN_BAHAN_BAKU VALUES ('sugary water','pb0157',24,'lbs',14545);
INSERT INTO PEMBELIAN_BAHAN_BAKU VALUES ('vegetabley leaf','pb0021',15,'lbs',12272);
INSERT INTO PEMBELIAN_BAHAN_BAKU VALUES ('papricay vegetable','pb0081',43,'gram',30);
INSERT INTO PEMBELIAN_BAHAN_BAKU VALUES ('ricey sugar','pb0102',15,'hg',3100);
INSERT INTO PEMBELIAN_BAHAN_BAKU VALUES ('vegetabley salt','pb0064',21,'kg',17000);
INSERT INTO PEMBELIAN_BAHAN_BAKU VALUES ('watery water','pb0183',59,'gram',19);
INSERT INTO PEMBELIAN_BAHAN_BAKU VALUES ('vegetabley salt','pb0040',89,'oz',481);
INSERT INTO PEMBELIAN_BAHAN_BAKU VALUES ('papricay noodle','pb0063',21,'kg',15000);
INSERT INTO PEMBELIAN_BAHAN_BAKU VALUES ('vegetabley fruit','pb0150',9,'kg',33000);
INSERT INTO PEMBELIAN_BAHAN_BAKU VALUES ('papricay noodle','pb0182',2,'lbs',6818);
INSERT INTO PEMBELIAN_BAHAN_BAKU VALUES ('fruity chili','pb0054',8,'hg',2900);
INSERT INTO PEMBELIAN_BAHAN_BAKU VALUES ('watery fruit','pb0119',62,'oz',878);
INSERT INTO PEMBELIAN_BAHAN_BAKU VALUES ('ricey leaf','pb0246',20,'lbs',6818);
INSERT INTO PEMBELIAN_BAHAN_BAKU VALUES ('vegetabley fruit','pb0211',6,'oz',935);
INSERT INTO PEMBELIAN_BAHAN_BAKU VALUES ('papricay noodle','pb0090',7,'hg',1500);
INSERT INTO PEMBELIAN_BAHAN_BAKU VALUES ('fruity fruit','pb0074',22,'lbs',8636);
INSERT INTO PEMBELIAN_BAHAN_BAKU VALUES ('watery fruit','pb0215',29,'gram',31);
INSERT INTO PEMBELIAN_BAHAN_BAKU VALUES ('watery sugar','pb0235',10,'kg',32000);
INSERT INTO PEMBELIAN_BAHAN_BAKU VALUES ('watery sugar','pb0075',25,'kg',32000);
INSERT INTO PEMBELIAN_BAHAN_BAKU VALUES ('noodley water','pb0192',5,'kg',27000);
INSERT INTO PEMBELIAN_BAHAN_BAKU VALUES ('sugary water','pb0188',76,'oz',907);
INSERT INTO PEMBELIAN_BAHAN_BAKU VALUES ('ricey vegetable','pb0019',23,'kg',25000);
INSERT INTO PEMBELIAN_BAHAN_BAKU VALUES ('potatoy rice','pb0197',18,'hg',2000);
INSERT INTO PEMBELIAN_BAHAN_BAKU VALUES ('fruity rice','pb0173',44,'oz',566);
INSERT INTO PEMBELIAN_BAHAN_BAKU VALUES ('fruity rice','pb0003',12,'lbs',9090);
INSERT INTO PEMBELIAN_BAHAN_BAKU VALUES ('potatoy paprica','pb0071',61,'oz',737);
INSERT INTO PEMBELIAN_BAHAN_BAKU VALUES ('fruity fruit','pb0238',6,'lbs',8636);
INSERT INTO PEMBELIAN_BAHAN_BAKU VALUES ('noodley water','pb0058',23,'lbs',12272);
INSERT INTO PEMBELIAN_BAHAN_BAKU VALUES ('vegetabley leaf','pb0011',5,'hg',2700);
INSERT INTO PEMBELIAN_BAHAN_BAKU VALUES ('salty leaf','pb0197',2,'hg',3100);
INSERT INTO PEMBELIAN_BAHAN_BAKU VALUES ('vegetabley fruit','pb0009',3,'lbs',15000);
INSERT INTO PEMBELIAN_BAHAN_BAKU VALUES ('ricey rice','pb0206',11,'lbs',8181);
INSERT INTO PEMBELIAN_BAHAN_BAKU VALUES ('salty leaf','pb0073',23,'hg',3100);
INSERT INTO PEMBELIAN_BAHAN_BAKU VALUES ('leafy potato','pb0154',82,'oz',793);
INSERT INTO PEMBELIAN_BAHAN_BAKU VALUES ('vegetabley paprica','pb0170',48,'gram',28);
INSERT INTO PEMBELIAN_BAHAN_BAKU VALUES ('ricey salt','pb0005',70,'gram',16);
INSERT INTO PEMBELIAN_BAHAN_BAKU VALUES ('papricay noodle','pb0044',10,'hg',1500);
INSERT INTO PEMBELIAN_BAHAN_BAKU VALUES ('watery sugar','pb0155',72,'gram',32);
INSERT INTO PEMBELIAN_BAHAN_BAKU VALUES ('watery sugar','pb0078',14,'lbs',14545);
INSERT INTO PEMBELIAN_BAHAN_BAKU VALUES ('potatoy leaf','pb0099',5,'lbs',13636);
INSERT INTO PEMBELIAN_BAHAN_BAKU VALUES ('salty vegetable','pb0192',10,'hg',2400);
INSERT INTO PEMBELIAN_BAHAN_BAKU VALUES ('watery fruit','pb0186',13,'hg',3100);
INSERT INTO PEMBELIAN_BAHAN_BAKU VALUES ('fruity fruit','pb0015',2,'oz',538);
INSERT INTO PEMBELIAN_BAHAN_BAKU VALUES ('salty leaf','pb0011',14,'hg',3100);
INSERT INTO PEMBELIAN_BAHAN_BAKU VALUES ('ricey potato','pb0111',14,'gram',33);
INSERT INTO PEMBELIAN_BAHAN_BAKU VALUES ('fruity chili','pb0243',8,'hg',2900);
INSERT INTO PEMBELIAN_BAHAN_BAKU VALUES ('chiliy water','pb0232',9,'hg',2800);
INSERT INTO PEMBELIAN_BAHAN_BAKU VALUES ('watery water','pb0008',23,'kg',19000);
INSERT INTO PEMBELIAN_BAHAN_BAKU VALUES ('watery sugar','pb0004',53,'gram',32);
INSERT INTO PEMBELIAN_BAHAN_BAKU VALUES ('potatoy rice','pb0123',30,'gram',20);
INSERT INTO PEMBELIAN_BAHAN_BAKU VALUES ('watery potato','pb0219',15,'kg',32000);
INSERT INTO PEMBELIAN_BAHAN_BAKU VALUES ('ricey rice','pb0178',8,'gram',18);
INSERT INTO PEMBELIAN_BAHAN_BAKU VALUES ('ricey potato','pb0190',39,'gram',33);
INSERT INTO PEMBELIAN_BAHAN_BAKU VALUES ('fruity leaf','pb0034',56,'gram',27);
INSERT INTO PEMBELIAN_BAHAN_BAKU VALUES ('chiliy noodle','pb0166',11,'hg',3000);
INSERT INTO PEMBELIAN_BAHAN_BAKU VALUES ('vegetabley noodle','pb0160',74,'oz',680);
INSERT INTO PEMBELIAN_BAHAN_BAKU VALUES ('fruity rice','pb0149',40,'oz',566);
INSERT INTO PEMBELIAN_BAHAN_BAKU VALUES ('papricay vegetable','pb0177',13,'kg',30000);
INSERT INTO PEMBELIAN_BAHAN_BAKU VALUES ('noodley water','pb0113',8,'kg',27000);
INSERT INTO PEMBELIAN_BAHAN_BAKU VALUES ('vegetabley vegetable','pb0202',38,'gram',31);
INSERT INTO PEMBELIAN_BAHAN_BAKU VALUES ('vegetabley fruit','pb0117',12,'kg',33000);
INSERT INTO PEMBELIAN_BAHAN_BAKU VALUES ('noodley water','pb0200',37,'oz',765);
INSERT INTO PEMBELIAN_BAHAN_BAKU VALUES ('potatoy water','pb0243',19,'hg',3300);
INSERT INTO PEMBELIAN_BAHAN_BAKU VALUES ('potatoy rice','pb0206',23,'lbs',9090);
INSERT INTO PEMBELIAN_BAHAN_BAKU VALUES ('salty vegetable','pb0143',25,'kg',24000);
INSERT INTO PEMBELIAN_BAHAN_BAKU VALUES ('ricey leaf','pb0058',89,'oz',425);
INSERT INTO PEMBELIAN_BAHAN_BAKU VALUES ('vegetabley salt','pb0203',8,'kg',17000);
INSERT INTO PEMBELIAN_BAHAN_BAKU VALUES ('watery sugar','pb0194',14,'hg',3200);
INSERT INTO PEMBELIAN_BAHAN_BAKU VALUES ('fruity salt','pb0099',52,'gram',25);
INSERT INTO PEMBELIAN_BAHAN_BAKU VALUES ('noodley vegetable','pb0233',58,'oz',538);
INSERT INTO PEMBELIAN_BAHAN_BAKU VALUES ('papricay fruit','pb0137',22,'kg',27000);
INSERT INTO PEMBELIAN_BAHAN_BAKU VALUES ('potatoy leaf','pb0118',4,'oz',850);
INSERT INTO PEMBELIAN_BAHAN_BAKU VALUES ('papricay vegetable','pb0242',4,'oz',850);
INSERT INTO PEMBELIAN_BAHAN_BAKU VALUES ('potatoy leaf','pb0185',95,'gram',30);
INSERT INTO PEMBELIAN_BAHAN_BAKU VALUES ('vegetabley potato','pb0163',92,'oz',878);
INSERT INTO PEMBELIAN_BAHAN_BAKU VALUES ('leafy rice','pb0244',63,'oz',566);
INSERT INTO PEMBELIAN_BAHAN_BAKU VALUES ('chiliy noodle','pb0009',21,'hg',3000);
INSERT INTO PEMBELIAN_BAHAN_BAKU VALUES ('vegetabley noodle','pb0233',9,'kg',24000);
INSERT INTO PEMBELIAN_BAHAN_BAKU VALUES ('fruity salt','pb0086',43,'oz',708);
INSERT INTO PEMBELIAN_BAHAN_BAKU VALUES ('ricey potato','pb0090',41,'oz',935);
INSERT INTO PEMBELIAN_BAHAN_BAKU VALUES ('papricay fruit','pb0153',19,'kg',27000);
INSERT INTO PEMBELIAN_BAHAN_BAKU VALUES ('salty vegetable','pb0089',1,'gram',24);
INSERT INTO PEMBELIAN_BAHAN_BAKU VALUES ('vegetabley noodle','pb0200',1,'hg',2400);
INSERT INTO PEMBELIAN_BAHAN_BAKU VALUES ('potatoy potato','pb0031',13,'lbs',8636);
INSERT INTO PEMBELIAN_BAHAN_BAKU VALUES ('vegetabley fruit','pb0008',23,'kg',33000);
INSERT INTO PEMBELIAN_BAHAN_BAKU VALUES ('ricey potato','pb0112',16,'lbs',15000);
INSERT INTO PEMBELIAN_BAHAN_BAKU VALUES ('potatoy fruit','pb0184',15,'kg',34000);
INSERT INTO PEMBELIAN_BAHAN_BAKU VALUES ('papricay noodle','pb0127',14,'kg',15000);
INSERT INTO PEMBELIAN_BAHAN_BAKU VALUES ('noodley water','pb0007',14,'hg',2700);
INSERT INTO PEMBELIAN_BAHAN_BAKU VALUES ('noodley vegetable','pb0098',6,'kg',19000);
INSERT INTO PEMBELIAN_BAHAN_BAKU VALUES ('salty leaf','pb0218',60,'gram',31);
INSERT INTO PEMBELIAN_BAHAN_BAKU VALUES ('noodley chili','pb0151',69,'oz',425);
INSERT INTO PEMBELIAN_BAHAN_BAKU VALUES ('chiliy sugar','pb0109',84,'gram',25);
INSERT INTO PEMBELIAN_BAHAN_BAKU VALUES ('fruity potato','pb0090',19,'hg',2200);
INSERT INTO PEMBELIAN_BAHAN_BAKU VALUES ('papricay paprica','pb0213',5,'lbs',9090);
INSERT INTO PEMBELIAN_BAHAN_BAKU VALUES ('chiliy water','pb0036',25,'hg',2800);
INSERT INTO PEMBELIAN_BAHAN_BAKU VALUES ('leafy potato','pb0114',100,'oz',793);
INSERT INTO PEMBELIAN_BAHAN_BAKU VALUES ('papricay sugar','pb0138',5,'lbs',10454);
INSERT INTO PEMBELIAN_BAHAN_BAKU VALUES ('salty chili','pb0215',10,'gram',29);
INSERT INTO PEMBELIAN_BAHAN_BAKU VALUES ('watery potato','pb0163',51,'gram',32);
INSERT INTO PEMBELIAN_BAHAN_BAKU VALUES ('chiliy sugar','pb0194',17,'kg',25000);
INSERT INTO PEMBELIAN_BAHAN_BAKU VALUES ('potatoy paprica','pb0196',7,'lbs',11818);
INSERT INTO PEMBELIAN_BAHAN_BAKU VALUES ('vegetabley paprica','pb0213',90,'gram',28);
INSERT INTO PEMBELIAN_BAHAN_BAKU VALUES ('papricay paprica','pb0155',5,'kg',20000);
INSERT INTO PEMBELIAN_BAHAN_BAKU VALUES ('watery sugar','pb0243',11,'kg',32000);
INSERT INTO PEMBELIAN_BAHAN_BAKU VALUES ('chiliy water','pb0241',12,'lbs',12727);
INSERT INTO PEMBELIAN_BAHAN_BAKU VALUES ('leafy potato','pb0126',19,'oz',793);
INSERT INTO PEMBELIAN_BAHAN_BAKU VALUES ('watery fruit','pb0107',63,'oz',878);
INSERT INTO PEMBELIAN_BAHAN_BAKU VALUES ('fruity chili','pb0148',6,'hg',2900);
INSERT INTO PEMBELIAN_BAHAN_BAKU VALUES ('fruity potato','pb0079',19,'gram',22);
INSERT INTO PEMBELIAN_BAHAN_BAKU VALUES ('vegetabley potato','pb0167',87,'gram',31);
INSERT INTO PEMBELIAN_BAHAN_BAKU VALUES ('potatoy paprica','pb0134',93,'gram',26);
INSERT INTO PEMBELIAN_BAHAN_BAKU VALUES ('chiliy sugar','pb0177',20,'oz',708);
INSERT INTO PEMBELIAN_BAHAN_BAKU VALUES ('watery fruit','pb0056',17,'lbs',14090);
INSERT INTO PEMBELIAN_BAHAN_BAKU VALUES ('watery leaf','pb0231',12,'kg',29000);
INSERT INTO PEMBELIAN_BAHAN_BAKU VALUES ('fruity leaf','pb0017',24,'lbs',12272);
INSERT INTO PEMBELIAN_BAHAN_BAKU VALUES ('ricey rice','pb0133',4,'oz',510);
INSERT INTO PEMBELIAN_BAHAN_BAKU VALUES ('salty vegetable','pb0019',4,'kg',24000);
INSERT INTO PEMBELIAN_BAHAN_BAKU VALUES ('ricey sugar','pb0033',23,'hg',3100);
INSERT INTO PEMBELIAN_BAHAN_BAKU VALUES ('chiliy sugar','pb0152',17,'gram',25);
INSERT INTO PEMBELIAN_BAHAN_BAKU VALUES ('ricey vegetable','pb0076',11,'lbs',11363);
INSERT INTO PEMBELIAN_BAHAN_BAKU VALUES ('vegetabley leaf','pb0227',4,'kg',27000);
INSERT INTO PEMBELIAN_BAHAN_BAKU VALUES ('vegetabley potato','pb0102',12,'hg',3100);
INSERT INTO PEMBELIAN_BAHAN_BAKU VALUES ('chiliy sugar','pb0197',92,'gram',25);
INSERT INTO PEMBELIAN_BAHAN_BAKU VALUES ('salty chili','pb0008',99,'oz',822);
INSERT INTO PEMBELIAN_BAHAN_BAKU VALUES ('ricey leaf','pb0150',57,'oz',425);
INSERT INTO PEMBELIAN_BAHAN_BAKU VALUES ('fruity leaf','pb0001',1,'kg',27000);
INSERT INTO PEMBELIAN_BAHAN_BAKU VALUES ('watery fruit','pb0022',24,'hg',3100);
INSERT INTO PEMBELIAN_BAHAN_BAKU VALUES ('ricey sugar','pb0236',19,'lbs',14090);
INSERT INTO PEMBELIAN_BAHAN_BAKU VALUES ('ricey potato','pb0204',16,'hg',3300);
INSERT INTO PEMBELIAN_BAHAN_BAKU VALUES ('ricey sugar','pb0035',7,'hg',3100);
INSERT INTO PEMBELIAN_BAHAN_BAKU VALUES ('potatoy paprica','pb0215',9,'lbs',11818);
INSERT INTO PEMBELIAN_BAHAN_BAKU VALUES ('noodley vegetable','pb0115',23,'lbs',8636);
INSERT INTO PEMBELIAN_BAHAN_BAKU VALUES ('fruity potato','pb0062',15,'hg',2200);
INSERT INTO PEMBELIAN_BAHAN_BAKU VALUES ('fruity fruit','pb0117',47,'oz',538);
INSERT INTO PEMBELIAN_BAHAN_BAKU VALUES ('fruity salt','pb0096',13,'hg',2500);
INSERT INTO PEMBELIAN_BAHAN_BAKU VALUES ('potatoy potato','pb0226',50,'oz',538);
INSERT INTO PEMBELIAN_BAHAN_BAKU VALUES ('ricey leaf','pb0127',66,'gram',15);
INSERT INTO PEMBELIAN_BAHAN_BAKU VALUES ('chiliy noodle','pb0072',25,'lbs',13636);
INSERT INTO PEMBELIAN_BAHAN_BAKU VALUES ('watery leaf','pb0072',24,'kg',29000);
INSERT INTO PEMBELIAN_BAHAN_BAKU VALUES ('potatoy potato','pb0040',36,'oz',538);
INSERT INTO PEMBELIAN_BAHAN_BAKU VALUES ('leafy rice','pb0200',2,'gram',20);
INSERT INTO PEMBELIAN_BAHAN_BAKU VALUES ('potatoy fruit','pb0171',5,'oz',963);
INSERT INTO PEMBELIAN_BAHAN_BAKU VALUES ('salty vegetable','pb0051',40,'gram',24);
INSERT INTO PEMBELIAN_BAHAN_BAKU VALUES ('fruity leaf','pb0232',3,'kg',27000);
INSERT INTO PEMBELIAN_BAHAN_BAKU VALUES ('ricey vegetable','pb0188',19,'hg',2500);
INSERT INTO PEMBELIAN_BAHAN_BAKU VALUES ('vegetabley fruit','pb0076',88,'gram',33);
INSERT INTO PEMBELIAN_BAHAN_BAKU VALUES ('vegetabley vegetable','pb0204',1,'hg',3100);
INSERT INTO PEMBELIAN_BAHAN_BAKU VALUES ('noodley vegetable','pb0091',4,'gram',19);
INSERT INTO PEMBELIAN_BAHAN_BAKU VALUES ('chiliy sugar','pb0173',21,'kg',25000);
INSERT INTO PEMBELIAN_BAHAN_BAKU VALUES ('potatoy paprica','pb0248',11,'gram',26);
INSERT INTO PEMBELIAN_BAHAN_BAKU VALUES ('ricey rice','pb0151',98,'oz',510);
INSERT INTO PEMBELIAN_BAHAN_BAKU VALUES ('noodley fruit','pb0063',2,'lbs',10454);
INSERT INTO PEMBELIAN_BAHAN_BAKU VALUES ('fruity chili','pb0126',22,'hg',2900);
INSERT INTO PEMBELIAN_BAHAN_BAKU VALUES ('vegetabley leaf','pb0123',11,'hg',2700);
INSERT INTO PEMBELIAN_BAHAN_BAKU VALUES ('potatoy leaf','pb0033',66,'oz',850);
INSERT INTO PEMBELIAN_BAHAN_BAKU VALUES ('watery potato','pb0247',3,'kg',32000);
INSERT INTO PEMBELIAN_BAHAN_BAKU VALUES ('potatoy potato','pb0215',8,'lbs',8636);
INSERT INTO PEMBELIAN_BAHAN_BAKU VALUES ('fruity fruit','pb0172',24,'kg',19000);
INSERT INTO PEMBELIAN_BAHAN_BAKU VALUES ('noodley vegetable','pb0225',11,'lbs',8636);
INSERT INTO PEMBELIAN_BAHAN_BAKU VALUES ('fruity rice','pb0185',71,'oz',566);
INSERT INTO PEMBELIAN_BAHAN_BAKU VALUES ('salty vegetable','pb0176',5,'hg',2400);
INSERT INTO PEMBELIAN_BAHAN_BAKU VALUES ('ricey salt','pb0039',15,'kg',16000);
INSERT INTO PEMBELIAN_BAHAN_BAKU VALUES ('noodley vegetable','pb0130',30,'gram',19);
INSERT INTO PEMBELIAN_BAHAN_BAKU VALUES ('noodley vegetable','pb0068',26,'gram',19);

--PEMESANAN
INSERT INTO PEMESANAN VALUES ('ps0000','2015-10-16 02:20:34','2016-11-30 00:08:19',462000,'jaleesa.rossana@dmail.com','KR');
INSERT INTO PEMESANAN VALUES ('ps0001','2015-10-21 12:10:42','2016-08-04 19:54:22',1766000,'mardell.mable@mmail.com','TU');
INSERT INTO PEMESANAN VALUES ('ps0002','2015-09-26 08:10:31','2015-12-22 22:36:12',98000,'olive.france@pmail.com','KR');
INSERT INTO PEMESANAN VALUES ('ps0003','2015-07-04 07:04:13','2015-12-26 11:18:48',866000,'ken.gayla@zmail.com','KR');
INSERT INTO PEMESANAN VALUES ('ps0004','2016-02-04 19:23:38','2016-07-23 23:49:03',408000,'ken.gayla@zmail.com','TU');
INSERT INTO PEMESANAN VALUES ('ps0005','2016-02-25 07:29:44','2016-11-11 05:46:42',16000,'olivia.rudy@cmail.com','KR');
INSERT INTO PEMESANAN VALUES ('ps0006','2016-03-06 21:40:37','2016-08-05 11:59:17',400000,'sharen.clora@0mail.com','DE');
INSERT INTO PEMESANAN VALUES ('ps0007','2015-06-10 09:01:29','2015-10-04 23:49:47',455000,'shondra.sybil@jmail.com','KR');
INSERT INTO PEMESANAN VALUES ('ps0008','2016-05-23 21:50:57','2016-10-21 12:32:16',936000,'ora.loralee@omail.com','KR');
INSERT INTO PEMESANAN VALUES ('ps0009','2016-06-24 07:27:29','2016-10-11 17:22:37',1149000,'olive.ora@gmail.com','KR');
INSERT INTO PEMESANAN VALUES ('ps0010','2015-10-26 05:06:58','2016-06-29 14:09:18',1238000,'olivia.rudy@cmail.com','KR');
INSERT INTO PEMESANAN VALUES ('ps0011','2016-10-26 15:05:55','2016-12-30 00:54:38',884000,'sybil.rossana@dmail.com','DE');
INSERT INTO PEMESANAN VALUES ('ps0012','2016-12-11 15:01:53','2016-12-30 15:53:18',838000,'ken.gayla@zmail.com','KR');
INSERT INTO PEMESANAN VALUES ('ps0013','2016-01-31 07:31:12','2016-04-11 09:55:34',402000,'ora.loralee@omail.com','DE');
INSERT INTO PEMESANAN VALUES ('ps0014','2015-11-20 18:26:10','2016-09-26 15:54:37',544000,'mardell.mable@mmail.com','KR');
INSERT INTO PEMESANAN VALUES ('ps0015','2016-10-16 13:02:02','2016-11-21 21:29:41',1425000,'mardell.cheryll@wmail.com','KR');
INSERT INTO PEMESANAN VALUES ('ps0016','2016-01-08 23:07:10','2016-04-11 20:34:27',772000,'yetta.faye@kmail.com','KR');
INSERT INTO PEMESANAN VALUES ('ps0017','2015-07-25 09:21:01','2016-01-31 07:25:21',158000,'sybil.rossana@dmail.com','DE');
INSERT INTO PEMESANAN VALUES ('ps0018','2016-02-20 10:36:03','2016-06-06 02:26:47',695000,'mardell.mable@mmail.com','DE');
INSERT INTO PEMESANAN VALUES ('ps0019','2016-12-20 21:59:20','2016-12-28 22:23:18',683000,'kate.adam@6mail.com','DE');
INSERT INTO PEMESANAN VALUES ('ps0020','2016-01-21 06:38:33','2016-07-06 12:23:27',820000,'loralee.jack@zmail.com','DE');
INSERT INTO PEMESANAN VALUES ('ps0021','2016-03-04 00:41:30','2016-08-07 14:17:28',198000,'jaleesa.rossana@dmail.com','TU');
INSERT INTO PEMESANAN VALUES ('ps0022','2016-02-02 15:58:06','2016-04-10 12:46:35',2184000,'domenica.morgan@email.com','KR');
INSERT INTO PEMESANAN VALUES ('ps0023','2016-02-07 16:12:34','2016-07-14 04:12:44',143000,'yetta.faye@kmail.com','KR');
INSERT INTO PEMESANAN VALUES ('ps0024','2015-06-13 20:28:48','2015-07-03 22:42:18',1411000,'kate.adam@6mail.com','DE');
INSERT INTO PEMESANAN VALUES ('ps0025','2015-07-05 02:01:40','2015-09-22 23:09:42',1108000,'sybil.rossana@dmail.com','DE');
INSERT INTO PEMESANAN VALUES ('ps0026','2016-04-17 13:55:16','2016-08-11 02:18:23',500000,'mardell.mable@mmail.com','KR');
INSERT INTO PEMESANAN VALUES ('ps0027','2016-05-24 14:20:00','2016-10-17 20:42:06',614000,'domenica.morgan@email.com','KR');
INSERT INTO PEMESANAN VALUES ('ps0028','2016-02-29 13:54:09','2016-08-05 23:45:46',742000,'mardell.cheryll@wmail.com','DE');
INSERT INTO PEMESANAN VALUES ('ps0029','2016-04-13 15:47:26','2016-11-19 14:04:16',957000,'mardell.cheryll@wmail.com','TU');
INSERT INTO PEMESANAN VALUES ('ps0030','2015-06-12 15:50:00','2016-02-27 06:53:03',1059000,'olivia.rudy@cmail.com','DE');
INSERT INTO PEMESANAN VALUES ('ps0031','2016-08-21 08:42:27','2016-11-01 16:20:12',489000,'morgan.jason@qmail.com','KR');
INSERT INTO PEMESANAN VALUES ('ps0032','2016-10-14 18:43:49','2016-11-13 01:34:25',1271000,'morgan.jason@qmail.com','DE');
INSERT INTO PEMESANAN VALUES ('ps0033','2015-11-09 00:05:23','2016-08-30 19:28:50',1478000,'jaleesa.rossana@dmail.com','KR');
INSERT INTO PEMESANAN VALUES ('ps0034','2016-06-29 15:58:47','2016-07-27 13:03:58',657000,'olivia.rudy@cmail.com','DE');
INSERT INTO PEMESANAN VALUES ('ps0035','2016-03-30 20:08:19','2016-10-04 11:45:03',890000,'candida.kate@pmail.com','KR');
INSERT INTO PEMESANAN VALUES ('ps0036','2015-10-14 18:57:21','2016-10-27 02:48:43',625000,'olivia.rudy@cmail.com','DE');
INSERT INTO PEMESANAN VALUES ('ps0037','2016-10-24 09:58:33','2016-11-11 01:25:05',232000,'loralee.jack@zmail.com','DE');
INSERT INTO PEMESANAN VALUES ('ps0038','2016-07-08 21:07:56','2016-10-29 02:08:09',423000,'domenica.morgan@email.com','KR');
INSERT INTO PEMESANAN VALUES ('ps0039','2015-07-11 22:58:26','2016-07-18 17:49:19',848000,'yetta.faye@kmail.com','DE');
INSERT INTO PEMESANAN VALUES ('ps0040','2016-11-04 16:14:07','2016-11-12 15:40:50',1319000,'clora.lawanda@wmail.com','KR');
INSERT INTO PEMESANAN VALUES ('ps0041','2016-10-18 15:08:49','2016-12-27 01:14:20',2372000,'olive.ora@gmail.com','TU');
INSERT INTO PEMESANAN VALUES ('ps0042','2016-06-11 16:05:24','2016-11-01 19:07:10',12000,'ora.loralee@omail.com','KR');
INSERT INTO PEMESANAN VALUES ('ps0043','2016-12-09 10:00:32','2016-12-09 14:24:03',2326000,'jaleesa.rossana@dmail.com','KR');
INSERT INTO PEMESANAN VALUES ('ps0044','2016-10-08 06:43:00','2016-11-04 22:23:09',706000,'armanda.faye@dmail.com','KR');
INSERT INTO PEMESANAN VALUES ('ps0045','2015-11-07 04:47:50','2016-11-11 09:09:38',871000,'mardell.mable@mmail.com','KR');
INSERT INTO PEMESANAN VALUES ('ps0046','2016-12-08 03:09:39','2016-12-11 01:56:44',179000,'yetta.faye@kmail.com','KR');
INSERT INTO PEMESANAN VALUES ('ps0047','2016-10-05 14:59:11','2016-10-10 20:01:53',719000,'clora.lawanda@wmail.com','DE');
INSERT INTO PEMESANAN VALUES ('ps0048','2015-12-11 12:41:37','2015-12-26 10:47:24',1022000,'sybil.rossana@dmail.com','TU');
INSERT INTO PEMESANAN VALUES ('ps0049','2016-09-23 20:25:37','2016-11-14 10:39:35',490000,'domenica.morgan@email.com','DE');
INSERT INTO PEMESANAN VALUES ('ps0050','2015-12-25 11:27:23','2016-09-28 00:02:20',175000,'jaleesa.rossana@dmail.com','TU');
INSERT INTO PEMESANAN VALUES ('ps0051','2015-09-06 13:36:41','2016-10-07 11:16:40',1389000,'armanda.faye@dmail.com','KR');
INSERT INTO PEMESANAN VALUES ('ps0052','2015-09-13 16:58:51','2016-02-17 17:58:07',1543000,'kate.adam@6mail.com','DE');
INSERT INTO PEMESANAN VALUES ('ps0053','2016-03-25 21:43:35','2016-06-29 22:00:51',983000,'mardell.mable@mmail.com','KR');
INSERT INTO PEMESANAN VALUES ('ps0054','2015-12-29 17:00:27','2016-08-04 15:58:41',950000,'ora.loralee@omail.com','KR');
INSERT INTO PEMESANAN VALUES ('ps0055','2016-09-10 11:34:51','2016-10-13 13:17:43',408000,'candida.kate@pmail.com','DE');
INSERT INTO PEMESANAN VALUES ('ps0056','2016-11-26 15:35:04','2016-12-11 17:54:10',1220000,'loralee.jack@zmail.com','TU');
INSERT INTO PEMESANAN VALUES ('ps0057','2016-08-23 14:41:58','2016-12-07 23:54:41',1688000,'yetta.faye@kmail.com','TU');
INSERT INTO PEMESANAN VALUES ('ps0058','2015-12-08 01:55:00','2016-01-13 01:11:27',1117000,'loralee.jack@zmail.com','TU');
INSERT INTO PEMESANAN VALUES ('ps0059','2016-10-21 06:32:15','2016-12-26 20:14:15',1194000,'jaleesa.rossana@dmail.com','TU');
INSERT INTO PEMESANAN VALUES ('ps0060','2016-03-30 00:15:29','2016-08-03 16:17:15',646000,'demetrice.shondra@jmail.com','DE');
INSERT INTO PEMESANAN VALUES ('ps0061','2016-11-21 00:18:01','2016-12-10 15:32:52',584000,'domenica.morgan@email.com','DE');
INSERT INTO PEMESANAN VALUES ('ps0062','2016-11-19 22:22:28','2016-11-23 12:38:30',1228000,'olivia.rudy@cmail.com','DE');
INSERT INTO PEMESANAN VALUES ('ps0063','2015-07-24 09:21:58','2015-09-24 05:16:48',518000,'olive.ora@gmail.com','DE');
INSERT INTO PEMESANAN VALUES ('ps0064','2016-12-09 01:19:05','2016-12-17 13:11:44',439000,'armanda.faye@dmail.com','KR');
INSERT INTO PEMESANAN VALUES ('ps0065','2015-08-16 18:05:48','2016-03-15 21:01:00',1365000,'kate.adam@6mail.com','TU');
INSERT INTO PEMESANAN VALUES ('ps0066','2015-06-06 01:17:38','2016-01-02 07:01:44',742000,'sharen.clora@0mail.com','KR');
INSERT INTO PEMESANAN VALUES ('ps0067','2016-06-18 06:09:58','2016-11-24 02:41:31',352000,'yetta.faye@kmail.com','DE');
INSERT INTO PEMESANAN VALUES ('ps0068','2016-09-11 02:56:17','2016-11-29 21:35:22',1498000,'kate.adam@6mail.com','DE');
INSERT INTO PEMESANAN VALUES ('ps0069','2016-10-07 16:22:38','2016-11-25 16:50:20',616000,'jaleesa.rossana@dmail.com','KR');
INSERT INTO PEMESANAN VALUES ('ps0070','2016-03-29 14:10:49','2016-06-01 14:04:07',1133000,'domenica.morgan@email.com','TU');
INSERT INTO PEMESANAN VALUES ('ps0071','2015-12-07 00:11:41','2016-01-09 13:52:11',1250000,'mardell.cheryll@wmail.com','KR');
INSERT INTO PEMESANAN VALUES ('ps0072','2016-09-30 09:14:47','2016-10-08 15:49:35',955000,'kate.adam@6mail.com','DE');
INSERT INTO PEMESANAN VALUES ('ps0073','2016-06-04 11:52:33','2016-11-23 01:37:22',111000,'yetta.faye@kmail.com','TU');
INSERT INTO PEMESANAN VALUES ('ps0074','2015-10-03 19:49:58','2016-08-20 21:22:39',466000,'morgan.jason@qmail.com','TU');
INSERT INTO PEMESANAN VALUES ('ps0075','2015-09-09 14:22:44','2016-05-12 21:57:13',586000,'olivia.rudy@cmail.com','DE');
INSERT INTO PEMESANAN VALUES ('ps0076','2016-03-31 08:47:14','2016-07-03 17:08:47',891000,'mardell.cheryll@wmail.com','DE');
INSERT INTO PEMESANAN VALUES ('ps0077','2016-11-28 07:01:06','2016-12-24 09:15:43',357000,'sybil.rossana@dmail.com','TU');
INSERT INTO PEMESANAN VALUES ('ps0078','2015-11-04 17:49:56','2016-09-09 12:51:02',1390000,'morgan.jason@qmail.com','DE');
INSERT INTO PEMESANAN VALUES ('ps0079','2016-04-24 01:53:46','2016-12-20 12:55:59',437000,'candida.kate@pmail.com','KR');
INSERT INTO PEMESANAN VALUES ('ps0080','2015-08-14 13:50:19','2015-11-11 20:49:25',1223000,'ken.gayla@zmail.com','TU');
INSERT INTO PEMESANAN VALUES ('ps0081','2016-10-13 18:53:13','2016-11-27 14:28:57',782000,'olive.ora@gmail.com','KR');
INSERT INTO PEMESANAN VALUES ('ps0082','2015-09-28 03:25:27','2016-09-29 17:23:54',1017000,'olive.ora@gmail.com','TU');
INSERT INTO PEMESANAN VALUES ('ps0083','2016-02-19 18:33:00','2016-11-17 17:20:23',745000,'yetta.faye@kmail.com','TU');
INSERT INTO PEMESANAN VALUES ('ps0084','2015-12-08 16:15:10','2016-03-21 12:39:43',368000,'kate.adam@6mail.com','DE');
INSERT INTO PEMESANAN VALUES ('ps0085','2016-04-14 12:49:08','2016-07-29 07:38:57',967000,'olive.france@pmail.com','TU');
INSERT INTO PEMESANAN VALUES ('ps0086','2016-04-19 04:06:08','2016-05-18 12:09:31',903000,'candida.kate@pmail.com','TU');
INSERT INTO PEMESANAN VALUES ('ps0087','2015-09-03 01:09:07','2015-10-21 22:48:23',772000,'loralee.jack@zmail.com','DE');
INSERT INTO PEMESANAN VALUES ('ps0088','2016-06-09 15:47:41','2016-10-05 00:45:37',966000,'armanda.faye@dmail.com','KR');
INSERT INTO PEMESANAN VALUES ('ps0089','2015-11-17 06:33:46','2016-01-14 14:14:06',34000,'armanda.faye@dmail.com','KR');
INSERT INTO PEMESANAN VALUES ('ps0090','2016-03-28 21:35:40','2016-07-03 04:08:57',906000,'domenica.morgan@email.com','TU');
INSERT INTO PEMESANAN VALUES ('ps0091','2016-11-24 18:39:23','2016-12-07 13:35:03',240000,'clora.lawanda@wmail.com','KR');
INSERT INTO PEMESANAN VALUES ('ps0092','2016-08-27 01:50:14','2016-09-25 09:36:24',924000,'ora.loralee@omail.com','TU');
INSERT INTO PEMESANAN VALUES ('ps0093','2015-08-01 02:49:05','2016-12-14 16:39:45',1029000,'olive.ora@gmail.com','TU');
INSERT INTO PEMESANAN VALUES ('ps0094','2016-03-12 16:41:10','2016-06-10 18:34:40',1352000,'mardell.mable@mmail.com','DE');
INSERT INTO PEMESANAN VALUES ('ps0095','2016-10-12 10:35:10','2016-10-27 11:04:41',385000,'mardell.mable@mmail.com','KR');
INSERT INTO PEMESANAN VALUES ('ps0096','2015-12-07 16:58:18','2016-07-12 18:18:19',1709000,'shondra.sybil@jmail.com','DE');
INSERT INTO PEMESANAN VALUES ('ps0097','2016-12-27 04:42:42','2016-12-29 18:51:24',1384000,'candida.kate@pmail.com','DE');
INSERT INTO PEMESANAN VALUES ('ps0098','2015-06-07 16:43:16','2016-02-23 06:28:02',735000,'ken.gayla@zmail.com','DE');
INSERT INTO PEMESANAN VALUES ('ps0099','2016-12-16 19:46:10','2016-12-26 23:13:37',664000,'clora.lawanda@wmail.com','KR');
INSERT INTO PEMESANAN VALUES ('ps0100','2016-03-09 05:12:19','2016-10-22 19:10:28',646000,'loralee.jack@zmail.com','TU');
INSERT INTO PEMESANAN VALUES ('ps0101','2015-07-18 07:17:08','2016-08-08 17:29:17',682000,'clora.lawanda@wmail.com','KR');
INSERT INTO PEMESANAN VALUES ('ps0102','2016-07-06 15:48:23','2016-08-24 20:38:42',737000,'shondra.sybil@jmail.com','TU');
INSERT INTO PEMESANAN VALUES ('ps0103','2015-06-22 03:27:42','2016-04-14 10:04:56',1252000,'loralee.jack@zmail.com','DE');
INSERT INTO PEMESANAN VALUES ('ps0104','2016-12-02 02:49:38','2016-12-06 15:01:44',652000,'olivia.rudy@cmail.com','KR');
INSERT INTO PEMESANAN VALUES ('ps0105','2016-05-23 21:37:04','2016-06-13 10:52:31',538000,'yetta.faye@kmail.com','KR');
INSERT INTO PEMESANAN VALUES ('ps0106','2016-06-03 05:51:30','2016-09-10 06:08:53',472000,'kate.adam@6mail.com','TU');
INSERT INTO PEMESANAN VALUES ('ps0107','2016-02-10 01:10:30','2016-08-18 15:13:04',1203000,'armanda.faye@dmail.com','DE');
INSERT INTO PEMESANAN VALUES ('ps0108','2016-07-08 08:29:05','2016-10-22 06:24:52',778000,'mardell.cheryll@wmail.com','KR');
INSERT INTO PEMESANAN VALUES ('ps0109','2016-02-29 15:41:06','2016-05-17 05:24:37',1899000,'sybil.rossana@dmail.com','DE');
INSERT INTO PEMESANAN VALUES ('ps0110','2015-06-24 12:02:38','2015-09-12 11:48:34',727000,'olive.ora@gmail.com','DE');
INSERT INTO PEMESANAN VALUES ('ps0111','2016-03-20 15:02:35','2016-04-22 02:45:11',319000,'olive.france@pmail.com','TU');
INSERT INTO PEMESANAN VALUES ('ps0112','2016-06-16 05:05:09','2016-08-20 06:05:09',1083000,'shondra.sybil@jmail.com','TU');
INSERT INTO PEMESANAN VALUES ('ps0113','2016-03-29 02:06:20','2016-11-11 12:51:07',500000,'mardell.mable@mmail.com','DE');
INSERT INTO PEMESANAN VALUES ('ps0114','2016-01-25 06:13:59','2016-12-29 00:37:34',284000,'ken.gayla@zmail.com','TU');
INSERT INTO PEMESANAN VALUES ('ps0115','2016-01-20 20:23:20','2016-07-23 02:39:27',1289000,'candida.kate@pmail.com','DE');
INSERT INTO PEMESANAN VALUES ('ps0116','2016-10-30 15:51:55','2016-12-23 01:46:10',912000,'jaleesa.rossana@dmail.com','TU');
INSERT INTO PEMESANAN VALUES ('ps0117','2016-11-27 03:49:40','2016-12-31 03:50:03',1378000,'olive.france@pmail.com','TU');
INSERT INTO PEMESANAN VALUES ('ps0118','2016-08-31 07:13:09','2016-12-15 10:33:34',932000,'olivia.rudy@cmail.com','DE');
INSERT INTO PEMESANAN VALUES ('ps0119','2016-11-29 09:23:50','2016-12-03 13:19:41',1434000,'sharen.clora@0mail.com','DE');
INSERT INTO PEMESANAN VALUES ('ps0120','2015-12-11 19:58:06','2016-11-30 06:31:28',1710000,'mardell.mable@mmail.com','TU');
INSERT INTO PEMESANAN VALUES ('ps0121','2016-07-18 03:32:12','2016-10-18 17:21:36',623000,'morgan.jason@qmail.com','DE');
INSERT INTO PEMESANAN VALUES ('ps0122','2015-06-14 05:16:10','2016-11-27 04:37:46',802000,'jaleesa.rossana@dmail.com','KR');
INSERT INTO PEMESANAN VALUES ('ps0123','2016-07-10 23:16:12','2016-12-31 00:52:11',973000,'sharen.clora@0mail.com','TU');
INSERT INTO PEMESANAN VALUES ('ps0124','2016-04-12 11:08:32','2016-05-13 08:54:08',138000,'candida.kate@pmail.com','KR');
INSERT INTO PEMESANAN VALUES ('ps0125','2016-04-04 11:32:12','2016-12-05 04:17:30',840000,'kate.adam@6mail.com','TU');
INSERT INTO PEMESANAN VALUES ('ps0126','2016-07-31 02:54:21','2016-08-18 13:34:20',766000,'olivia.rudy@cmail.com','KR');
INSERT INTO PEMESANAN VALUES ('ps0127','2015-07-26 03:13:26','2016-01-23 08:56:59',1077000,'mardell.cheryll@wmail.com','DE');
INSERT INTO PEMESANAN VALUES ('ps0128','2016-02-05 04:36:15','2016-10-31 20:03:55',1447000,'domenica.morgan@email.com','TU');
INSERT INTO PEMESANAN VALUES ('ps0129','2016-11-15 21:42:04','2016-12-04 22:17:37',81000,'sybil.rossana@dmail.com','KR');
INSERT INTO PEMESANAN VALUES ('ps0130','2016-11-17 22:28:19','2016-12-04 07:07:04',564000,'ora.loralee@omail.com','DE');
INSERT INTO PEMESANAN VALUES ('ps0131','2016-11-28 14:52:38','2016-12-15 15:12:31',726000,'clora.lawanda@wmail.com','TU');
INSERT INTO PEMESANAN VALUES ('ps0132','2016-06-14 13:01:40','2016-07-12 02:45:58',949000,'yetta.faye@kmail.com','DE');
INSERT INTO PEMESANAN VALUES ('ps0133','2016-08-25 01:17:05','2016-09-05 10:23:09',36000,'shondra.sybil@jmail.com','TU');
INSERT INTO PEMESANAN VALUES ('ps0134','2016-08-27 06:25:18','2016-10-19 05:43:08',300000,'mardell.cheryll@wmail.com','DE');
INSERT INTO PEMESANAN VALUES ('ps0135','2016-04-16 04:51:25','2016-06-27 21:04:51',1964000,'jaleesa.rossana@dmail.com','DE');
INSERT INTO PEMESANAN VALUES ('ps0136','2016-04-11 02:49:22','2016-06-27 11:44:52',368000,'mardell.mable@mmail.com','KR');
INSERT INTO PEMESANAN VALUES ('ps0137','2016-12-06 17:07:27','2016-12-10 01:42:02',418000,'loralee.jack@zmail.com','TU');
INSERT INTO PEMESANAN VALUES ('ps0138','2016-11-11 08:47:48','2016-12-02 02:21:00',947000,'demetrice.shondra@jmail.com','DE');
INSERT INTO PEMESANAN VALUES ('ps0139','2016-05-09 16:51:00','2016-07-17 20:21:40',670000,'sharen.clora@0mail.com','TU');
INSERT INTO PEMESANAN VALUES ('ps0140','2016-02-05 04:16:33','2016-12-18 15:16:28',733000,'olive.france@pmail.com','TU');
INSERT INTO PEMESANAN VALUES ('ps0141','2015-07-10 22:43:14','2015-07-21 19:36:42',1139000,'loralee.jack@zmail.com','DE');
INSERT INTO PEMESANAN VALUES ('ps0142','2015-12-24 06:50:53','2016-03-16 00:15:48',387000,'jaleesa.rossana@dmail.com','TU');
INSERT INTO PEMESANAN VALUES ('ps0143','2015-10-21 20:30:33','2015-12-04 13:02:04',781000,'olive.france@pmail.com','KR');
INSERT INTO PEMESANAN VALUES ('ps0144','2016-05-19 09:14:56','2016-06-11 20:53:02',397000,'jaleesa.rossana@dmail.com','KR');
INSERT INTO PEMESANAN VALUES ('ps0145','2016-12-13 05:03:53','2016-12-13 14:27:30',662000,'loralee.jack@zmail.com','KR');
INSERT INTO PEMESANAN VALUES ('ps0146','2015-11-21 08:10:24','2015-11-29 17:52:49',447000,'clora.lawanda@wmail.com','KR');
INSERT INTO PEMESANAN VALUES ('ps0147','2016-04-07 12:20:34','2016-08-27 03:24:51',825000,'mardell.mable@mmail.com','DE');
INSERT INTO PEMESANAN VALUES ('ps0148','2016-03-27 08:32:16','2016-12-31 11:47:28',896000,'sharen.clora@0mail.com','DE');
INSERT INTO PEMESANAN VALUES ('ps0149','2015-11-30 17:44:11','2016-03-03 23:05:28',546000,'armanda.faye@dmail.com','TU');
INSERT INTO PEMESANAN VALUES ('ps0150','2016-10-29 13:15:54','2016-11-15 21:43:32',994000,'olive.ora@gmail.com','TU');
INSERT INTO PEMESANAN VALUES ('ps0151','2015-08-23 08:53:50','2016-01-17 06:43:01',129000,'clora.lawanda@wmail.com','KR');
INSERT INTO PEMESANAN VALUES ('ps0152','2016-02-26 13:27:48','2016-05-03 23:51:56',1392000,'demetrice.shondra@jmail.com','DE');
INSERT INTO PEMESANAN VALUES ('ps0153','2015-06-16 03:26:20','2016-02-08 20:53:27',542000,'olive.ora@gmail.com','KR');
INSERT INTO PEMESANAN VALUES ('ps0154','2015-09-18 11:45:49','2015-12-30 00:44:32',1076000,'armanda.faye@dmail.com','DE');
INSERT INTO PEMESANAN VALUES ('ps0155','2016-04-17 05:56:47','2016-08-11 21:13:10',841000,'olivia.rudy@cmail.com','KR');
INSERT INTO PEMESANAN VALUES ('ps0156','2016-07-25 23:04:29','2016-08-27 14:27:13',1435000,'sharen.clora@0mail.com','TU');
INSERT INTO PEMESANAN VALUES ('ps0157','2016-08-08 11:59:09','2016-10-29 09:03:56',1318000,'jaleesa.rossana@dmail.com','DE');
INSERT INTO PEMESANAN VALUES ('ps0158','2016-01-07 01:45:43','2016-11-05 04:35:28',342000,'shondra.sybil@jmail.com','DE');
INSERT INTO PEMESANAN VALUES ('ps0159','2016-03-08 02:21:38','2016-06-27 08:12:44',1101000,'candida.kate@pmail.com','TU');
INSERT INTO PEMESANAN VALUES ('ps0160','2015-12-12 16:40:21','2016-02-06 02:55:16',374000,'clora.lawanda@wmail.com','DE');
INSERT INTO PEMESANAN VALUES ('ps0161','2016-06-27 02:54:24','2016-07-17 15:50:11',983000,'olive.ora@gmail.com','KR');
INSERT INTO PEMESANAN VALUES ('ps0162','2016-12-22 01:08:18','2016-12-25 14:28:13',366000,'mardell.cheryll@wmail.com','KR');
INSERT INTO PEMESANAN VALUES ('ps0163','2016-04-11 20:21:37','2016-07-09 05:31:52',954000,'jaleesa.rossana@dmail.com','KR');
INSERT INTO PEMESANAN VALUES ('ps0164','2016-08-29 23:35:45','2016-12-09 09:53:05',463000,'demetrice.shondra@jmail.com','TU');
INSERT INTO PEMESANAN VALUES ('ps0165','2015-10-29 12:05:43','2016-07-17 23:15:49',2392000,'shondra.sybil@jmail.com','KR');
INSERT INTO PEMESANAN VALUES ('ps0166','2015-12-10 02:58:06','2016-09-03 11:58:15',1385000,'olive.ora@gmail.com','TU');
INSERT INTO PEMESANAN VALUES ('ps0167','2016-07-15 04:39:55','2016-08-10 22:07:39',615000,'olive.ora@gmail.com','KR');
INSERT INTO PEMESANAN VALUES ('ps0168','2016-11-12 22:44:25','2016-12-17 19:24:24',756000,'jaleesa.rossana@dmail.com','KR');
INSERT INTO PEMESANAN VALUES ('ps0169','2016-01-13 02:09:59','2016-03-30 02:49:03',967000,'demetrice.shondra@jmail.com','TU');
INSERT INTO PEMESANAN VALUES ('ps0170','2016-11-09 08:08:05','2016-11-15 16:28:55',592000,'demetrice.shondra@jmail.com','TU');
INSERT INTO PEMESANAN VALUES ('ps0171','2015-09-02 22:20:14','2015-12-26 12:57:37',1262000,'morgan.jason@qmail.com','DE');
INSERT INTO PEMESANAN VALUES ('ps0172','2016-04-14 09:30:06','2016-11-08 07:20:13',1138000,'jaleesa.rossana@dmail.com','DE');
INSERT INTO PEMESANAN VALUES ('ps0173','2016-01-22 19:35:14','2016-09-23 21:57:35',1052000,'yetta.faye@kmail.com','KR');
INSERT INTO PEMESANAN VALUES ('ps0174','2016-09-11 02:12:35','2016-09-17 13:13:18',1095000,'armanda.faye@dmail.com','KR');
INSERT INTO PEMESANAN VALUES ('ps0175','2016-11-03 08:49:51','2016-12-23 15:44:46',732000,'kate.adam@6mail.com','DE');
INSERT INTO PEMESANAN VALUES ('ps0176','2015-12-01 19:27:58','2015-12-12 18:40:09',689000,'mardell.mable@mmail.com','TU');
INSERT INTO PEMESANAN VALUES ('ps0177','2015-08-06 12:07:40','2016-01-07 16:11:56',1231000,'sybil.rossana@dmail.com','TU');
INSERT INTO PEMESANAN VALUES ('ps0178','2016-05-08 07:32:26','2016-12-13 20:27:06',616000,'yetta.faye@kmail.com','TU');
INSERT INTO PEMESANAN VALUES ('ps0179','2015-09-23 11:56:57','2016-12-28 07:45:32',671000,'shondra.sybil@jmail.com','KR');
INSERT INTO PEMESANAN VALUES ('ps0180','2016-09-03 13:38:07','2016-10-20 04:22:02',1896000,'clora.lawanda@wmail.com','DE');
INSERT INTO PEMESANAN VALUES ('ps0181','2015-10-30 08:40:48','2015-12-18 13:13:45',660000,'domenica.morgan@email.com','KR');
INSERT INTO PEMESANAN VALUES ('ps0182','2015-12-17 13:24:57','2015-12-28 03:00:18',975000,'sybil.rossana@dmail.com','KR');
INSERT INTO PEMESANAN VALUES ('ps0183','2015-10-18 04:26:10','2016-08-27 21:08:08',2823000,'candida.kate@pmail.com','DE');
INSERT INTO PEMESANAN VALUES ('ps0184','2016-03-24 09:48:07','2016-06-15 01:18:35',1771000,'ken.gayla@zmail.com','KR');
INSERT INTO PEMESANAN VALUES ('ps0185','2016-01-21 09:22:34','2016-07-14 19:42:51',499000,'ken.gayla@zmail.com','DE');
INSERT INTO PEMESANAN VALUES ('ps0186','2016-01-03 02:03:43','2016-10-20 22:01:12',780000,'ken.gayla@zmail.com','KR');
INSERT INTO PEMESANAN VALUES ('ps0187','2016-02-13 19:35:24','2016-04-01 10:45:18',1831000,'olive.france@pmail.com','DE');
INSERT INTO PEMESANAN VALUES ('ps0188','2015-11-12 00:42:01','2016-12-20 04:16:47',525000,'olive.ora@gmail.com','KR');
INSERT INTO PEMESANAN VALUES ('ps0189','2015-12-12 11:19:25','2016-08-12 06:49:21',688000,'morgan.jason@qmail.com','DE');
INSERT INTO PEMESANAN VALUES ('ps0190','2015-12-22 15:21:34','2016-11-25 09:20:13',1343000,'mardell.cheryll@wmail.com','DE');
INSERT INTO PEMESANAN VALUES ('ps0191','2015-09-22 13:57:22','2016-08-15 13:33:27',1399000,'ora.loralee@omail.com','TU');
INSERT INTO PEMESANAN VALUES ('ps0192','2016-10-09 13:32:52','2016-11-25 19:19:38',426000,'ken.gayla@zmail.com','KR');
INSERT INTO PEMESANAN VALUES ('ps0193','2016-02-24 08:51:33','2016-04-25 16:48:24',338000,'morgan.jason@qmail.com','DE');
INSERT INTO PEMESANAN VALUES ('ps0194','2015-10-08 00:24:31','2016-05-13 00:22:52',734000,'ken.gayla@zmail.com','KR');
INSERT INTO PEMESANAN VALUES ('ps0195','2015-07-19 12:17:43','2016-09-19 20:14:02',852000,'sybil.rossana@dmail.com','KR');
INSERT INTO PEMESANAN VALUES ('ps0196','2015-10-23 22:59:26','2016-09-06 17:25:18',1304000,'clora.lawanda@wmail.com','TU');
INSERT INTO PEMESANAN VALUES ('ps0197','2016-05-26 06:17:00','2016-08-01 02:15:29',1100000,'ora.loralee@omail.com','TU');
INSERT INTO PEMESANAN VALUES ('ps0198','2016-11-19 13:42:33','2016-12-13 18:30:27',1750000,'yetta.faye@kmail.com','TU');
INSERT INTO PEMESANAN VALUES ('ps0199','2016-02-22 17:35:58','2016-07-25 10:43:35',1267000,'mardell.mable@mmail.com','DE');
INSERT INTO PEMESANAN VALUES ('ps0200','2015-11-27 22:02:23','2016-03-01 16:55:24',834000,'mardell.mable@mmail.com','DE');
INSERT INTO PEMESANAN VALUES ('ps0201','2016-05-13 07:47:04','2016-05-14 23:11:47',555000,'loralee.jack@zmail.com','KR');
INSERT INTO PEMESANAN VALUES ('ps0202','2016-06-26 05:36:33','2016-07-26 22:10:08',953000,'olive.ora@gmail.com','DE');
INSERT INTO PEMESANAN VALUES ('ps0203','2016-09-26 07:38:19','2016-09-30 21:00:33',1053000,'demetrice.shondra@jmail.com','TU');
INSERT INTO PEMESANAN VALUES ('ps0204','2016-12-19 13:11:21','2016-12-20 00:57:22',659000,'olive.france@pmail.com','DE');
INSERT INTO PEMESANAN VALUES ('ps0205','2015-07-19 03:52:22','2016-03-23 04:03:28',959000,'jaleesa.rossana@dmail.com','TU');
INSERT INTO PEMESANAN VALUES ('ps0206','2015-09-01 08:53:06','2016-01-03 06:47:59',515000,'kate.adam@6mail.com','KR');
INSERT INTO PEMESANAN VALUES ('ps0207','2016-07-29 13:45:46','2016-11-13 00:18:50',607000,'sharen.clora@0mail.com','TU');
INSERT INTO PEMESANAN VALUES ('ps0208','2015-08-09 06:22:24','2015-12-14 03:23:07',1055000,'shondra.sybil@jmail.com','DE');
INSERT INTO PEMESANAN VALUES ('ps0209','2015-08-04 18:07:38','2016-05-15 14:31:44',513000,'demetrice.shondra@jmail.com','DE');
INSERT INTO PEMESANAN VALUES ('ps0210','2016-12-01 11:29:28','2016-12-08 18:22:50',524000,'olive.france@pmail.com','DE');
INSERT INTO PEMESANAN VALUES ('ps0211','2016-09-21 20:03:37','2016-12-20 20:27:47',1058000,'mardell.cheryll@wmail.com','DE');
INSERT INTO PEMESANAN VALUES ('ps0212','2016-07-11 01:54:22','2016-11-03 21:52:06',564000,'sharen.clora@0mail.com','TU');
INSERT INTO PEMESANAN VALUES ('ps0213','2016-05-20 19:23:42','2016-09-07 05:41:08',1563000,'demetrice.shondra@jmail.com','TU');
INSERT INTO PEMESANAN VALUES ('ps0214','2015-10-07 19:08:30','2016-06-23 05:34:01',365000,'mardell.cheryll@wmail.com','TU');
INSERT INTO PEMESANAN VALUES ('ps0215','2015-07-01 03:21:38','2016-03-22 11:25:25',1503000,'domenica.morgan@email.com','KR');
INSERT INTO PEMESANAN VALUES ('ps0216','2016-06-01 18:41:17','2016-12-08 08:07:24',1877000,'jaleesa.rossana@dmail.com','TU');
INSERT INTO PEMESANAN VALUES ('ps0217','2016-11-03 09:46:18','2016-12-31 16:44:07',530000,'kate.adam@6mail.com','DE');
INSERT INTO PEMESANAN VALUES ('ps0218','2015-10-30 22:29:20','2015-11-08 03:48:40',428000,'olivia.rudy@cmail.com','DE');
INSERT INTO PEMESANAN VALUES ('ps0219','2015-09-04 01:29:32','2016-04-19 16:22:14',736000,'olivia.rudy@cmail.com','TU');
INSERT INTO PEMESANAN VALUES ('ps0220','2015-12-19 02:06:44','2016-03-14 10:04:36',344000,'yetta.faye@kmail.com','TU');
INSERT INTO PEMESANAN VALUES ('ps0221','2016-12-24 18:15:34','2016-12-31 23:17:27',414000,'loralee.jack@zmail.com','KR');
INSERT INTO PEMESANAN VALUES ('ps0222','2015-10-28 08:41:52','2016-09-30 02:57:40',2064000,'olive.france@pmail.com','TU');
INSERT INTO PEMESANAN VALUES ('ps0223','2016-10-19 04:21:28','2016-12-20 23:17:16',911000,'olive.ora@gmail.com','KR');
INSERT INTO PEMESANAN VALUES ('ps0224','2016-10-06 23:14:25','2016-11-08 08:01:37',948000,'domenica.morgan@email.com','DE');
INSERT INTO PEMESANAN VALUES ('ps0225','2016-01-22 23:29:31','2016-04-07 13:15:50',249000,'ora.loralee@omail.com','DE');
INSERT INTO PEMESANAN VALUES ('ps0226','2015-06-24 00:43:26','2015-10-30 16:59:19',1944000,'candida.kate@pmail.com','TU');
INSERT INTO PEMESANAN VALUES ('ps0227','2016-11-16 16:08:17','2016-12-20 23:09:06',1640000,'olive.ora@gmail.com','KR');
INSERT INTO PEMESANAN VALUES ('ps0228','2015-06-07 05:58:51','2016-05-12 08:46:24',614000,'olivia.rudy@cmail.com','DE');
INSERT INTO PEMESANAN VALUES ('ps0229','2016-07-14 12:23:08','2016-09-25 03:30:47',434000,'olive.ora@gmail.com','TU');
INSERT INTO PEMESANAN VALUES ('ps0230','2016-03-20 12:02:27','2016-08-13 16:54:04',479000,'demetrice.shondra@jmail.com','DE');
INSERT INTO PEMESANAN VALUES ('ps0231','2015-09-12 16:25:39','2015-12-18 21:42:49',1301000,'olive.france@pmail.com','TU');
INSERT INTO PEMESANAN VALUES ('ps0232','2015-12-01 14:45:01','2016-04-06 09:40:26',890000,'domenica.morgan@email.com','DE');
INSERT INTO PEMESANAN VALUES ('ps0233','2016-09-29 21:32:28','2016-12-22 11:37:05',1485000,'sybil.rossana@dmail.com','DE');
INSERT INTO PEMESANAN VALUES ('ps0234','2016-02-03 09:04:28','2016-04-08 11:09:08',1353000,'morgan.jason@qmail.com','TU');
INSERT INTO PEMESANAN VALUES ('ps0235','2015-08-17 10:17:41','2015-11-14 04:59:51',628000,'domenica.morgan@email.com','KR');
INSERT INTO PEMESANAN VALUES ('ps0236','2016-03-27 02:43:38','2016-06-10 02:29:59',263000,'clora.lawanda@wmail.com','DE');
INSERT INTO PEMESANAN VALUES ('ps0237','2016-07-26 10:25:52','2016-08-19 17:47:13',824000,'jaleesa.rossana@dmail.com','TU');
INSERT INTO PEMESANAN VALUES ('ps0238','2016-05-15 08:34:10','2016-08-14 22:42:32',855000,'morgan.jason@qmail.com','TU');
INSERT INTO PEMESANAN VALUES ('ps0239','2016-01-13 17:15:28','2016-02-23 14:51:28',730000,'olivia.rudy@cmail.com','KR');
INSERT INTO PEMESANAN VALUES ('ps0240','2016-02-16 04:50:46','2016-04-10 17:31:47',412000,'sybil.rossana@dmail.com','KR');
INSERT INTO PEMESANAN VALUES ('ps0241','2016-09-04 22:21:00','2016-11-09 22:03:29',1537000,'demetrice.shondra@jmail.com','DE');
INSERT INTO PEMESANAN VALUES ('ps0242','2016-07-19 11:40:50','2016-11-07 20:37:37',779000,'jaleesa.rossana@dmail.com','TU');
INSERT INTO PEMESANAN VALUES ('ps0243','2015-12-18 22:36:42','2016-04-11 00:52:21',853000,'kate.adam@6mail.com','TU');
INSERT INTO PEMESANAN VALUES ('ps0244','2016-03-23 06:35:59','2016-10-08 03:57:05',710000,'ora.loralee@omail.com','TU');
INSERT INTO PEMESANAN VALUES ('ps0245','2016-02-17 21:28:31','2016-03-25 16:52:29',719000,'kate.adam@6mail.com','KR');
INSERT INTO PEMESANAN VALUES ('ps0246','2015-11-13 20:23:22','2016-12-21 02:04:56',197000,'mardell.cheryll@wmail.com','DE');
INSERT INTO PEMESANAN VALUES ('ps0247','2016-10-13 21:58:55','2016-12-11 15:59:32',782000,'domenica.morgan@email.com','DE');
INSERT INTO PEMESANAN VALUES ('ps0248','2016-08-20 00:06:34','2016-08-30 20:50:09',1011000,'sharen.clora@0mail.com','TU');
INSERT INTO PEMESANAN VALUES ('ps0249','2016-08-10 18:33:01','2016-08-24 19:43:09',1010000,'olivia.rudy@cmail.com','KR');

--MENU_HARIAN
INSERT INTO MENU_HARIAN VALUES ('Grilled Burger','2015-03-23 16:19:33',13,'clora.molly@0mail.com');
INSERT INTO MENU_HARIAN VALUES ('Grilled Chicken','2014-07-25 02:24:35',3,'thuy.sybil@9mail.com');
INSERT INTO MENU_HARIAN VALUES ('Overpowered Coffee','2015-10-19 22:30:29',1,'thuy.sybil@9mail.com');
INSERT INTO MENU_HARIAN VALUES ('Shining Noodle','2014-09-28 21:27:10',19,'cheryll.jason@nmail.com');
INSERT INTO MENU_HARIAN VALUES ('Burning Rice','2015-01-05 10:53:14',6,'idella.rudy@amail.com');
INSERT INTO MENU_HARIAN VALUES ('Shining Pie','2014-04-21 05:07:20',2,'shondra.lashawna@3mail.com');
INSERT INTO MENU_HARIAN VALUES ('Spicy Syrup','2016-02-09 16:13:25',1,'thuy.sybil@9mail.com');
INSERT INTO MENU_HARIAN VALUES ('Spicy Syrup','2016-11-29 13:17:39',8,'jaleesa.sadye@nmail.com');
INSERT INTO MENU_HARIAN VALUES ('Sweet Milk','2016-02-06 11:07:55',9,'demetrice.thuy@nmail.com');
INSERT INTO MENU_HARIAN VALUES ('Grilled Tea','2014-12-24 13:20:06',11,'peggie.jaleesa@2mail.com');
INSERT INTO MENU_HARIAN VALUES ('Heavenly Pizza','2015-11-18 22:21:12',18,'jaleesa.sadye@nmail.com');
INSERT INTO MENU_HARIAN VALUES ('Burning Liquor','2015-02-12 00:12:24',20,'macy.lynn@wmail.com');
INSERT INTO MENU_HARIAN VALUES ('Sweet Milk','2015-05-06 09:28:04',19,'hilda.jaleesa@ymail.com');
INSERT INTO MENU_HARIAN VALUES ('Shining Cup','2015-10-06 22:18:33',19,'jaleesa.sadye@nmail.com');
INSERT INTO MENU_HARIAN VALUES ('Shining Meat','2014-09-11 07:09:28',3,'macy.lynn@wmail.com');
INSERT INTO MENU_HARIAN VALUES ('Fried Soda','2015-09-14 09:18:43',9,'hilda.olive@email.com');
INSERT INTO MENU_HARIAN VALUES ('Hot Milk','2014-10-09 23:08:09',3,'jason.morgan@vmail.com');
INSERT INTO MENU_HARIAN VALUES ('Spicy Syrup','2014-10-29 16:38:43',1,'macy.lynn@wmail.com');
INSERT INTO MENU_HARIAN VALUES ('Good Liquor','2016-10-28 23:49:41',16,'deane.candida@umail.com');
INSERT INTO MENU_HARIAN VALUES ('Shining Coffee','2014-01-22 14:59:56',1,'thuy.sybil@9mail.com');
INSERT INTO MENU_HARIAN VALUES ('Shining Pie','2016-01-19 04:56:49',3,'idella.rudy@amail.com');
INSERT INTO MENU_HARIAN VALUES ('Salty Milk','2016-03-28 12:09:04',17,'hilda.mardell@omail.com');
INSERT INTO MENU_HARIAN VALUES ('Shining Noodle','2014-05-25 10:34:09',9,'idella.rudy@amail.com');
INSERT INTO MENU_HARIAN VALUES ('Shining Noodle','2016-07-19 00:52:40',9,'oretha.morgan@vmail.com');
INSERT INTO MENU_HARIAN VALUES ('Spicy Tea','2014-07-06 18:08:14',6,'demetrice.terra@smail.com');
INSERT INTO MENU_HARIAN VALUES ('Fried Soda','2015-08-20 20:12:58',3,'thuy.sybil@9mail.com');
INSERT INTO MENU_HARIAN VALUES ('Overpowered Coffee','2014-11-16 00:14:47',15,'cheryll.jason@nmail.com');
INSERT INTO MENU_HARIAN VALUES ('Grilled Burger','2016-10-24 00:46:55',15,'faye.hilda@zmail.com');
INSERT INTO MENU_HARIAN VALUES ('Shining Meat','2015-09-20 00:12:09',13,'shondra.lashawna@3mail.com');
INSERT INTO MENU_HARIAN VALUES ('Paradise Pie','2015-03-19 01:28:08',16,'cortney.rossana@7mail.com');
INSERT INTO MENU_HARIAN VALUES ('Good Liquor','2015-03-27 02:39:58',16,'jaleesa.sadye@nmail.com');
INSERT INTO MENU_HARIAN VALUES ('Shining Sandwich','2016-05-05 01:20:03',14,'thuy.sybil@9mail.com');
INSERT INTO MENU_HARIAN VALUES ('Burning Cup','2016-02-10 21:02:10',3,'deane.candida@umail.com');
INSERT INTO MENU_HARIAN VALUES ('Shining Sandwich','2016-07-15 16:20:46',8,'hilda.jaleesa@ymail.com');
INSERT INTO MENU_HARIAN VALUES ('Sweet Noodle','2016-04-29 07:12:07',5,'idella.rudy@amail.com');
INSERT INTO MENU_HARIAN VALUES ('Burning Cup','2014-05-05 19:49:50',5,'peggie.jaleesa@2mail.com');
INSERT INTO MENU_HARIAN VALUES ('Sweet Liquor','2014-08-23 18:04:35',4,'hilda.jaleesa@ymail.com');
INSERT INTO MENU_HARIAN VALUES ('Fried Soda','2015-12-18 05:43:45',12,'candida.rudy@pmail.com');
INSERT INTO MENU_HARIAN VALUES ('Sweet Syrup','2014-04-18 02:04:29',1,'clora.molly@0mail.com');
INSERT INTO MENU_HARIAN VALUES ('Sweet Syrup','2014-12-17 07:28:58',15,'clora.molly@0mail.com');
INSERT INTO MENU_HARIAN VALUES ('Special Chicken','2014-06-20 04:17:46',11,'demetrice.terra@smail.com');
INSERT INTO MENU_HARIAN VALUES ('Burning Chicken','2015-06-06 17:26:45',12,'jaleesa.sadye@nmail.com');
INSERT INTO MENU_HARIAN VALUES ('Fried Tea','2014-10-17 21:02:29',12,'faye.hilda@zmail.com');
INSERT INTO MENU_HARIAN VALUES ('Sweet Noodle','2015-03-09 09:22:15',5,'chas.adam@dmail.com');
INSERT INTO MENU_HARIAN VALUES ('Salty Rice','2015-06-23 17:07:08',1,'demetrice.terra@smail.com');
INSERT INTO MENU_HARIAN VALUES ('Fried Milk','2015-06-28 21:19:55',20,'peggie.jaleesa@2mail.com');
INSERT INTO MENU_HARIAN VALUES ('Shining Coffee','2015-07-18 03:55:02',2,'faye.hilda@zmail.com');
INSERT INTO MENU_HARIAN VALUES ('Special Juice','2016-10-05 10:00:27',10,'cheryll.jason@nmail.com');
INSERT INTO MENU_HARIAN VALUES ('Sweet Coffee','2014-09-20 01:33:30',8,'hilda.jaleesa@ymail.com');
INSERT INTO MENU_HARIAN VALUES ('Salty Coffee','2015-03-04 19:31:29',18,'thuy.sybil@9mail.com');
INSERT INTO MENU_HARIAN VALUES ('Salty Rice','2015-07-19 06:23:27',11,'hilda.mardell@omail.com');
INSERT INTO MENU_HARIAN VALUES ('Burning Rice','2016-07-17 06:12:39',2,'demetrice.terra@smail.com');
INSERT INTO MENU_HARIAN VALUES ('Spicy Syrup','2015-04-13 17:25:23',4,'raisa.rudy@smail.com');
INSERT INTO MENU_HARIAN VALUES ('Spicy Noodle','2015-08-06 15:07:33',5,'faye.hilda@zmail.com');
INSERT INTO MENU_HARIAN VALUES ('Salty Rice','2015-08-31 15:46:04',16,'cheryll.jason@nmail.com');
INSERT INTO MENU_HARIAN VALUES ('Shining Rice','2016-03-27 18:55:49',6,'hilda.olive@email.com');
INSERT INTO MENU_HARIAN VALUES ('Special Liquor','2014-06-28 13:13:47',16,'deane.candida@umail.com');
INSERT INTO MENU_HARIAN VALUES ('Salty Syrup','2015-02-13 06:19:57',19,'deane.candida@umail.com');
INSERT INTO MENU_HARIAN VALUES ('Shining Sandwich','2014-08-19 21:55:16',6,'clora.molly@0mail.com');
INSERT INTO MENU_HARIAN VALUES ('Burning Liquor','2015-11-07 05:39:57',3,'jason.morgan@vmail.com');
INSERT INTO MENU_HARIAN VALUES ('Fried Soda','2014-12-05 08:00:39',5,'oretha.morgan@vmail.com');
INSERT INTO MENU_HARIAN VALUES ('Sweet Syrup','2016-02-15 02:44:56',6,'oretha.morgan@vmail.com');
INSERT INTO MENU_HARIAN VALUES ('Burning Cup','2015-06-08 05:30:06',4,'chas.adam@dmail.com');
INSERT INTO MENU_HARIAN VALUES ('Spicy Syrup','2016-05-09 13:46:59',19,'hilda.olive@email.com');
INSERT INTO MENU_HARIAN VALUES ('Burning Liquor','2015-08-05 18:16:09',19,'macy.lynn@wmail.com');
INSERT INTO MENU_HARIAN VALUES ('Shining Sandwich','2015-01-29 16:05:04',18,'candida.rudy@pmail.com');
INSERT INTO MENU_HARIAN VALUES ('Sweet Liquor','2015-10-31 22:04:49',3,'candida.rudy@pmail.com');
INSERT INTO MENU_HARIAN VALUES ('Grilled Soda','2016-12-27 00:10:09',20,'demetrice.thuy@nmail.com');
INSERT INTO MENU_HARIAN VALUES ('Good Juice','2016-09-20 15:21:36',19,'jaleesa.sadye@nmail.com');
INSERT INTO MENU_HARIAN VALUES ('Spicy Syrup','2016-08-16 23:11:03',9,'deane.candida@umail.com');
INSERT INTO MENU_HARIAN VALUES ('Nice Rice','2016-08-29 10:53:58',5,'demetrice.terra@smail.com');
INSERT INTO MENU_HARIAN VALUES ('Salty Rice','2015-07-29 12:28:21',15,'hilda.jaleesa@ymail.com');
INSERT INTO MENU_HARIAN VALUES ('Grilled Tea','2014-04-13 10:14:53',7,'hilda.jaleesa@ymail.com');
INSERT INTO MENU_HARIAN VALUES ('Sweet Milk','2016-02-05 20:37:24',7,'deane.candida@umail.com');
INSERT INTO MENU_HARIAN VALUES ('Special Liquor','2016-03-11 04:34:42',20,'chas.adam@dmail.com');
INSERT INTO MENU_HARIAN VALUES ('Burning Cup','2016-09-25 17:21:32',13,'deane.candida@umail.com');
INSERT INTO MENU_HARIAN VALUES ('Sweet Syrup','2014-03-27 18:35:48',1,'raisa.rudy@smail.com');
INSERT INTO MENU_HARIAN VALUES ('Grilled Tea','2016-06-25 12:51:14',19,'hilda.jaleesa@ymail.com');
INSERT INTO MENU_HARIAN VALUES ('Spicy Noodle','2015-07-06 23:22:42',19,'hilda.mardell@omail.com');
INSERT INTO MENU_HARIAN VALUES ('Sweet Sandwich','2015-05-17 05:39:24',16,'deane.candida@umail.com');
INSERT INTO MENU_HARIAN VALUES ('Grilled Chicken','2016-04-06 08:02:58',17,'cortney.rossana@7mail.com');
INSERT INTO MENU_HARIAN VALUES ('Special Noodle','2014-08-19 16:30:54',6,'hilda.olive@email.com');
INSERT INTO MENU_HARIAN VALUES ('Special Juice','2015-08-19 02:04:18',12,'deane.candida@umail.com');
INSERT INTO MENU_HARIAN VALUES ('Shining Sandwich','2014-11-26 22:13:09',9,'clora.molly@0mail.com');
INSERT INTO MENU_HARIAN VALUES ('Nice Juice','2015-09-02 06:29:02',6,'faye.hilda@zmail.com');
INSERT INTO MENU_HARIAN VALUES ('Burning Rice','2015-11-21 08:05:36',6,'cortney.rossana@7mail.com');
INSERT INTO MENU_HARIAN VALUES ('Special Chicken','2016-10-08 11:22:59',1,'thuy.sybil@9mail.com');
INSERT INTO MENU_HARIAN VALUES ('Sweet Sandwich','2014-07-17 20:09:58',7,'deane.candida@umail.com');
INSERT INTO MENU_HARIAN VALUES ('Fried Milk','2015-10-10 22:39:52',16,'candida.rudy@pmail.com');
INSERT INTO MENU_HARIAN VALUES ('Spicy Tea','2015-08-28 15:32:03',18,'hilda.jaleesa@ymail.com');
INSERT INTO MENU_HARIAN VALUES ('Salty Coffee','2014-02-25 23:35:15',5,'thuy.sybil@9mail.com');
INSERT INTO MENU_HARIAN VALUES ('Paradise Pizza','2015-12-16 23:57:30',15,'cortney.rossana@7mail.com');
INSERT INTO MENU_HARIAN VALUES ('Salty Rice','2016-10-10 21:39:41',12,'chas.adam@dmail.com');
INSERT INTO MENU_HARIAN VALUES ('Hot Milk','2016-08-28 12:51:52',4,'macy.lynn@wmail.com');
INSERT INTO MENU_HARIAN VALUES ('Salty Syrup','2014-08-24 17:59:23',19,'shondra.lashawna@3mail.com');
INSERT INTO MENU_HARIAN VALUES ('Sweet Sandwich','2014-04-19 06:21:24',14,'thuy.sybil@9mail.com');
INSERT INTO MENU_HARIAN VALUES ('Burning Cup','2014-07-07 00:19:02',6,'hilda.mardell@omail.com');
INSERT INTO MENU_HARIAN VALUES ('Nice Juice','2015-07-15 15:25:57',16,'oretha.morgan@vmail.com');
INSERT INTO MENU_HARIAN VALUES ('Fried Soda','2015-05-17 03:54:50',10,'chas.adam@dmail.com');
INSERT INTO MENU_HARIAN VALUES ('Grilled Burger','2016-05-03 10:45:51',13,'hilda.jaleesa@ymail.com');
INSERT INTO MENU_HARIAN VALUES ('Sweet Coffee','2014-12-17 18:51:37',11,'cortney.rossana@7mail.com');
INSERT INTO MENU_HARIAN VALUES ('Salty Rice','2014-01-26 19:13:36',18,'deane.candida@umail.com');
INSERT INTO MENU_HARIAN VALUES ('Special Juice','2015-08-24 16:39:20',19,'raisa.rudy@smail.com');
INSERT INTO MENU_HARIAN VALUES ('Grilled Burger','2014-12-14 14:07:26',18,'clora.molly@0mail.com');
INSERT INTO MENU_HARIAN VALUES ('Grilled Soda','2015-11-12 18:13:27',4,'hilda.jaleesa@ymail.com');
INSERT INTO MENU_HARIAN VALUES ('Shining Meat','2015-12-18 03:40:52',15,'faye.hilda@zmail.com');
INSERT INTO MENU_HARIAN VALUES ('Paradise Pie','2014-03-24 07:32:14',1,'macy.lynn@wmail.com');
INSERT INTO MENU_HARIAN VALUES ('Burning Liquor','2014-10-18 20:49:09',20,'peggie.jaleesa@2mail.com');
INSERT INTO MENU_HARIAN VALUES ('Fried Milk','2014-06-06 00:41:57',16,'peggie.jaleesa@2mail.com');
INSERT INTO MENU_HARIAN VALUES ('Shining Noodle','2016-03-28 04:20:39',4,'deane.candida@umail.com');
INSERT INTO MENU_HARIAN VALUES ('Fried Soda','2014-12-19 22:40:35',17,'hilda.jaleesa@ymail.com');
INSERT INTO MENU_HARIAN VALUES ('Paradise Pie','2016-07-16 11:57:42',7,'thuy.sybil@9mail.com');
INSERT INTO MENU_HARIAN VALUES ('Heavenly Pizza','2014-05-31 15:34:14',4,'chas.adam@dmail.com');
INSERT INTO MENU_HARIAN VALUES ('Heavenly Pizza','2014-10-16 14:02:27',9,'hilda.olive@email.com');
INSERT INTO MENU_HARIAN VALUES ('Good Juice','2015-04-13 00:24:22',6,'hilda.olive@email.com');
INSERT INTO MENU_HARIAN VALUES ('Shining Pie','2014-09-24 19:12:31',6,'hilda.olive@email.com');
INSERT INTO MENU_HARIAN VALUES ('Grilled Tea','2015-03-08 19:12:58',3,'jaleesa.sadye@nmail.com');
INSERT INTO MENU_HARIAN VALUES ('Salty Rice','2016-03-16 21:59:03',14,'faye.hilda@zmail.com');
INSERT INTO MENU_HARIAN VALUES ('Spicy Noodle','2016-11-04 13:49:03',19,'clora.molly@0mail.com');
INSERT INTO MENU_HARIAN VALUES ('Nice Chicken','2015-04-12 10:40:04',12,'demetrice.thuy@nmail.com');
INSERT INTO MENU_HARIAN VALUES ('Salty Rice','2015-08-30 07:28:29',18,'jaleesa.sadye@nmail.com');
INSERT INTO MENU_HARIAN VALUES ('Burning Chicken','2016-03-31 18:26:04',7,'cheryll.jason@nmail.com');
INSERT INTO MENU_HARIAN VALUES ('Fried Soda','2016-08-24 06:07:26',10,'cheryll.jason@nmail.com');
INSERT INTO MENU_HARIAN VALUES ('Grilled Soda','2016-11-22 20:16:10',17,'jason.morgan@vmail.com');
INSERT INTO MENU_HARIAN VALUES ('Burning Chicken','2016-09-19 11:42:49',1,'cheryll.jason@nmail.com');
INSERT INTO MENU_HARIAN VALUES ('Salty Syrup','2016-08-28 20:29:34',15,'clora.molly@0mail.com');
INSERT INTO MENU_HARIAN VALUES ('Special Chicken','2016-09-24 15:20:17',13,'macy.lynn@wmail.com');
INSERT INTO MENU_HARIAN VALUES ('Shining Pie','2014-04-19 08:30:33',20,'hilda.mardell@omail.com');
INSERT INTO MENU_HARIAN VALUES ('Nice Chicken','2016-04-16 16:17:55',9,'oretha.morgan@vmail.com');
INSERT INTO MENU_HARIAN VALUES ('Grilled Tea','2016-01-18 03:15:34',14,'oretha.morgan@vmail.com');
INSERT INTO MENU_HARIAN VALUES ('Sweet Coffee','2014-11-20 06:56:23',7,'peggie.jaleesa@2mail.com');
INSERT INTO MENU_HARIAN VALUES ('Sweet Noodle','2015-11-25 13:29:49',2,'chas.adam@dmail.com');
INSERT INTO MENU_HARIAN VALUES ('Spicy Liquor','2016-09-17 08:07:13',9,'hilda.mardell@omail.com');
INSERT INTO MENU_HARIAN VALUES ('Sweet Syrup','2016-04-07 11:00:33',10,'demetrice.terra@smail.com');
INSERT INTO MENU_HARIAN VALUES ('Grilled Chicken','2015-02-25 01:37:05',14,'oretha.morgan@vmail.com');
INSERT INTO MENU_HARIAN VALUES ('Grilled Soda','2014-03-09 14:55:14',3,'raisa.rudy@smail.com');
INSERT INTO MENU_HARIAN VALUES ('Fried Soda','2016-08-10 05:22:50',7,'jason.morgan@vmail.com');
INSERT INTO MENU_HARIAN VALUES ('Grilled Soda','2014-09-26 09:58:34',8,'idella.rudy@amail.com');
INSERT INTO MENU_HARIAN VALUES ('Salty Coffee','2014-10-27 19:46:38',16,'jason.morgan@vmail.com');
INSERT INTO MENU_HARIAN VALUES ('Fried Soda','2014-06-12 09:30:44',6,'demetrice.thuy@nmail.com');
INSERT INTO MENU_HARIAN VALUES ('Shining Meat','2016-08-18 23:41:43',3,'cheryll.jason@nmail.com');
INSERT INTO MENU_HARIAN VALUES ('Nice Rice','2016-07-16 01:59:04',20,'demetrice.thuy@nmail.com');
INSERT INTO MENU_HARIAN VALUES ('Burning Chicken','2015-02-20 05:53:37',8,'chas.adam@dmail.com');
INSERT INTO MENU_HARIAN VALUES ('Sweet Syrup','2016-12-07 10:10:05',6,'hilda.mardell@omail.com');
INSERT INTO MENU_HARIAN VALUES ('Paradise Pie','2016-06-25 08:10:32',8,'idella.rudy@amail.com');
INSERT INTO MENU_HARIAN VALUES ('Good Liquor','2016-05-11 02:12:30',2,'cortney.rossana@7mail.com');
INSERT INTO MENU_HARIAN VALUES ('Sweet Liquor','2016-01-24 10:20:09',3,'thuy.sybil@9mail.com');
INSERT INTO MENU_HARIAN VALUES ('Sweet Noodle','2014-02-26 13:02:06',14,'chas.adam@dmail.com');
INSERT INTO MENU_HARIAN VALUES ('Grilled Tea','2015-07-18 20:49:54',11,'clora.molly@0mail.com');
INSERT INTO MENU_HARIAN VALUES ('Good Liquor','2016-07-21 06:10:51',20,'cheryll.jason@nmail.com');

--PEMESANAN_MENU_HARIAN
INSERT INTO PEMESANAN_MENU_HARIAN VALUES ('ps0159','Salty Rice','2015-07-19 06:23:27',7);
INSERT INTO PEMESANAN_MENU_HARIAN VALUES ('ps0227','Shining Noodle','2016-07-19 00:52:40',1);
INSERT INTO PEMESANAN_MENU_HARIAN VALUES ('ps0040','Shining Sandwich','2014-11-26 22:13:09',10);
INSERT INTO PEMESANAN_MENU_HARIAN VALUES ('ps0039','Fried Soda','2015-09-14 09:18:43',4);
INSERT INTO PEMESANAN_MENU_HARIAN VALUES ('ps0141','Burning Liquor','2015-08-05 18:16:09',6);
INSERT INTO PEMESANAN_MENU_HARIAN VALUES ('ps0201','Shining Sandwich','2014-08-19 21:55:16',7);
INSERT INTO PEMESANAN_MENU_HARIAN VALUES ('ps0232','Spicy Noodle','2016-11-04 13:49:03',4);
INSERT INTO PEMESANAN_MENU_HARIAN VALUES ('ps0126','Salty Rice','2016-03-16 21:59:03',6);
INSERT INTO PEMESANAN_MENU_HARIAN VALUES ('ps0208','Burning Liquor','2015-11-07 05:39:57',5);
INSERT INTO PEMESANAN_MENU_HARIAN VALUES ('ps0141','Burning Cup','2014-05-05 19:49:50',1);
INSERT INTO PEMESANAN_MENU_HARIAN VALUES ('ps0018','Shining Coffee','2015-07-18 03:55:02',8);
INSERT INTO PEMESANAN_MENU_HARIAN VALUES ('ps0125','Spicy Syrup','2016-11-29 13:17:39',9);
INSERT INTO PEMESANAN_MENU_HARIAN VALUES ('ps0224','Fried Soda','2015-05-17 03:54:50',7);
INSERT INTO PEMESANAN_MENU_HARIAN VALUES ('ps0054','Shining Sandwich','2016-07-15 16:20:46',8);
INSERT INTO PEMESANAN_MENU_HARIAN VALUES ('ps0084','Nice Chicken','2015-04-12 10:40:04',5);
INSERT INTO PEMESANAN_MENU_HARIAN VALUES ('ps0090','Salty Coffee','2015-03-04 19:31:29',3);
INSERT INTO PEMESANAN_MENU_HARIAN VALUES ('ps0131','Grilled Chicken','2016-04-06 08:02:58',8);
INSERT INTO PEMESANAN_MENU_HARIAN VALUES ('ps0067','Heavenly Pizza','2014-10-16 14:02:27',9);
INSERT INTO PEMESANAN_MENU_HARIAN VALUES ('ps0110','Fried Soda','2015-05-17 03:54:50',5);
INSERT INTO PEMESANAN_MENU_HARIAN VALUES ('ps0231','Sweet Milk','2016-02-05 20:37:24',4);
INSERT INTO PEMESANAN_MENU_HARIAN VALUES ('ps0099','Grilled Chicken','2015-02-25 01:37:05',9);
INSERT INTO PEMESANAN_MENU_HARIAN VALUES ('ps0216','Spicy Tea','2014-07-06 18:08:14',9);
INSERT INTO PEMESANAN_MENU_HARIAN VALUES ('ps0022','Shining Pie','2014-04-21 05:07:20',7);
INSERT INTO PEMESANAN_MENU_HARIAN VALUES ('ps0210','Paradise Pizza','2015-12-16 23:57:30',1);
INSERT INTO PEMESANAN_MENU_HARIAN VALUES ('ps0155','Fried Soda','2016-08-24 06:07:26',1);
INSERT INTO PEMESANAN_MENU_HARIAN VALUES ('ps0225','Special Chicken','2016-10-08 11:22:59',1);
INSERT INTO PEMESANAN_MENU_HARIAN VALUES ('ps0058','Nice Chicken','2015-04-12 10:40:04',8);
INSERT INTO PEMESANAN_MENU_HARIAN VALUES ('ps0132','Shining Noodle','2014-05-25 10:34:09',7);
INSERT INTO PEMESANAN_MENU_HARIAN VALUES ('ps0081','Burning Cup','2016-09-25 17:21:32',5);
INSERT INTO PEMESANAN_MENU_HARIAN VALUES ('ps0078','Shining Meat','2016-08-18 23:41:43',8);
INSERT INTO PEMESANAN_MENU_HARIAN VALUES ('ps0022','Spicy Liquor','2016-09-17 08:07:13',8);
INSERT INTO PEMESANAN_MENU_HARIAN VALUES ('ps0184','Burning Chicken','2016-09-19 11:42:49',1);
INSERT INTO PEMESANAN_MENU_HARIAN VALUES ('ps0198','Grilled Soda','2014-03-09 14:55:14',9);
INSERT INTO PEMESANAN_MENU_HARIAN VALUES ('ps0109','Burning Cup','2015-06-08 05:30:06',5);
INSERT INTO PEMESANAN_MENU_HARIAN VALUES ('ps0032','Sweet Liquor','2014-08-23 18:04:35',6);
INSERT INTO PEMESANAN_MENU_HARIAN VALUES ('ps0162','Burning Chicken','2015-06-06 17:26:45',2);
INSERT INTO PEMESANAN_MENU_HARIAN VALUES ('ps0180','Shining Noodle','2014-05-25 10:34:09',4);
INSERT INTO PEMESANAN_MENU_HARIAN VALUES ('ps0004','Grilled Burger','2014-12-14 14:07:26',1);
INSERT INTO PEMESANAN_MENU_HARIAN VALUES ('ps0182','Shining Cup','2015-10-06 22:18:33',6);
INSERT INTO PEMESANAN_MENU_HARIAN VALUES ('ps0051','Sweet Liquor','2014-08-23 18:04:35',1);
INSERT INTO PEMESANAN_MENU_HARIAN VALUES ('ps0171','Burning Cup','2016-09-25 17:21:32',10);
INSERT INTO PEMESANAN_MENU_HARIAN VALUES ('ps0151','Spicy Syrup','2014-10-29 16:38:43',1);
INSERT INTO PEMESANAN_MENU_HARIAN VALUES ('ps0069','Fried Soda','2015-05-17 03:54:50',9);
INSERT INTO PEMESANAN_MENU_HARIAN VALUES ('ps0195','Spicy Noodle','2015-08-06 15:07:33',10);
INSERT INTO PEMESANAN_MENU_HARIAN VALUES ('ps0135','Spicy Syrup','2016-08-16 23:11:03',9);
INSERT INTO PEMESANAN_MENU_HARIAN VALUES ('ps0105','Spicy Syrup','2014-10-29 16:38:43',1);
INSERT INTO PEMESANAN_MENU_HARIAN VALUES ('ps0120','Sweet Sandwich','2014-07-17 20:09:58',7);
INSERT INTO PEMESANAN_MENU_HARIAN VALUES ('ps0211','Special Liquor','2014-06-28 13:13:47',8);
INSERT INTO PEMESANAN_MENU_HARIAN VALUES ('ps0082','Sweet Noodle','2016-04-29 07:12:07',2);
INSERT INTO PEMESANAN_MENU_HARIAN VALUES ('ps0122','Nice Chicken','2015-04-12 10:40:04',9);
INSERT INTO PEMESANAN_MENU_HARIAN VALUES ('ps0057','Sweet Milk','2015-05-06 09:28:04',3);
INSERT INTO PEMESANAN_MENU_HARIAN VALUES ('ps0157','Shining Pie','2016-01-19 04:56:49',7);
INSERT INTO PEMESANAN_MENU_HARIAN VALUES ('ps0205','Shining Sandwich','2015-01-29 16:05:04',9);
INSERT INTO PEMESANAN_MENU_HARIAN VALUES ('ps0015','Salty Syrup','2014-08-24 17:59:23',5);
INSERT INTO PEMESANAN_MENU_HARIAN VALUES ('ps0178','Spicy Syrup','2016-08-16 23:11:03',6);
INSERT INTO PEMESANAN_MENU_HARIAN VALUES ('ps0248','Sweet Sandwich','2015-05-17 05:39:24',3);
INSERT INTO PEMESANAN_MENU_HARIAN VALUES ('ps0131','Spicy Syrup','2016-08-16 23:11:03',10);
INSERT INTO PEMESANAN_MENU_HARIAN VALUES ('ps0178','Shining Noodle','2014-05-25 10:34:09',2);
INSERT INTO PEMESANAN_MENU_HARIAN VALUES ('ps0112','Shining Pie','2014-04-21 05:07:20',7);
INSERT INTO PEMESANAN_MENU_HARIAN VALUES ('ps0235','Salty Rice','2015-07-29 12:28:21',10);
INSERT INTO PEMESANAN_MENU_HARIAN VALUES ('ps0223','Special Liquor','2014-06-28 13:13:47',4);
INSERT INTO PEMESANAN_MENU_HARIAN VALUES ('ps0223','Spicy Syrup','2016-08-16 23:11:03',7);
INSERT INTO PEMESANAN_MENU_HARIAN VALUES ('ps0243','Sweet Syrup','2014-04-18 02:04:29',9);
INSERT INTO PEMESANAN_MENU_HARIAN VALUES ('ps0138','Grilled Burger','2015-03-23 16:19:33',4);
INSERT INTO PEMESANAN_MENU_HARIAN VALUES ('ps0110','Sweet Syrup','2014-03-27 18:35:48',1);
INSERT INTO PEMESANAN_MENU_HARIAN VALUES ('ps0116','Spicy Syrup','2016-02-09 16:13:25',8);
INSERT INTO PEMESANAN_MENU_HARIAN VALUES ('ps0148','Fried Soda','2016-08-10 05:22:50',10);
INSERT INTO PEMESANAN_MENU_HARIAN VALUES ('ps0051','Shining Sandwich','2014-11-26 22:13:09',8);
INSERT INTO PEMESANAN_MENU_HARIAN VALUES ('ps0026','Salty Rice','2016-03-16 21:59:03',4);
INSERT INTO PEMESANAN_MENU_HARIAN VALUES ('ps0065','Shining Noodle','2016-07-19 00:52:40',8);
INSERT INTO PEMESANAN_MENU_HARIAN VALUES ('ps0089','Grilled Chicken','2014-07-25 02:24:35',1);
INSERT INTO PEMESANAN_MENU_HARIAN VALUES ('ps0230','Burning Liquor','2014-10-18 20:49:09',2);
INSERT INTO PEMESANAN_MENU_HARIAN VALUES ('ps0200','Burning Liquor','2015-11-07 05:39:57',10);
INSERT INTO PEMESANAN_MENU_HARIAN VALUES ('ps0070','Burning Liquor','2014-10-18 20:49:09',9);
INSERT INTO PEMESANAN_MENU_HARIAN VALUES ('ps0146','Fried Milk','2015-06-28 21:19:55',9);
INSERT INTO PEMESANAN_MENU_HARIAN VALUES ('ps0016','Burning Cup','2016-09-25 17:21:32',9);
INSERT INTO PEMESANAN_MENU_HARIAN VALUES ('ps0019','Nice Juice','2015-09-02 06:29:02',9);
INSERT INTO PEMESANAN_MENU_HARIAN VALUES ('ps0085','Grilled Chicken','2016-04-06 08:02:58',1);
INSERT INTO PEMESANAN_MENU_HARIAN VALUES ('ps0043','Grilled Soda','2014-03-09 14:55:14',8);
INSERT INTO PEMESANAN_MENU_HARIAN VALUES ('ps0132','Salty Coffee','2014-02-25 23:35:15',6);
INSERT INTO PEMESANAN_MENU_HARIAN VALUES ('ps0135','Paradise Pie','2014-03-24 07:32:14',10);
INSERT INTO PEMESANAN_MENU_HARIAN VALUES ('ps0130','Overpowered Coffee','2014-11-16 00:14:47',5);
INSERT INTO PEMESANAN_MENU_HARIAN VALUES ('ps0123','Grilled Burger','2015-03-23 16:19:33',6);
INSERT INTO PEMESANAN_MENU_HARIAN VALUES ('ps0128','Fried Soda','2015-12-18 05:43:45',3);
INSERT INTO PEMESANAN_MENU_HARIAN VALUES ('ps0117','Sweet Coffee','2014-11-20 06:56:23',6);
INSERT INTO PEMESANAN_MENU_HARIAN VALUES ('ps0014','Sweet Noodle','2014-02-26 13:02:06',2);
INSERT INTO PEMESANAN_MENU_HARIAN VALUES ('ps0059','Sweet Syrup','2016-04-07 11:00:33',4);
INSERT INTO PEMESANAN_MENU_HARIAN VALUES ('ps0186','Shining Meat','2015-12-18 03:40:52',4);
INSERT INTO PEMESANAN_MENU_HARIAN VALUES ('ps0244','Heavenly Pizza','2015-11-18 22:21:12',3);
INSERT INTO PEMESANAN_MENU_HARIAN VALUES ('ps0095','Salty Rice','2015-07-29 12:28:21',8);
INSERT INTO PEMESANAN_MENU_HARIAN VALUES ('ps0229','Fried Soda','2015-12-18 05:43:45',6);
INSERT INTO PEMESANAN_MENU_HARIAN VALUES ('ps0017','Overpowered Coffee','2014-11-16 00:14:47',1);
INSERT INTO PEMESANAN_MENU_HARIAN VALUES ('ps0038','Burning Cup','2016-02-10 21:02:10',6);
INSERT INTO PEMESANAN_MENU_HARIAN VALUES ('ps0169','Burning Cup','2015-06-08 05:30:06',6);
INSERT INTO PEMESANAN_MENU_HARIAN VALUES ('ps0055','Sweet Syrup','2016-12-07 10:10:05',10);
INSERT INTO PEMESANAN_MENU_HARIAN VALUES ('ps0128','Sweet Liquor','2014-08-23 18:04:35',5);
INSERT INTO PEMESANAN_MENU_HARIAN VALUES ('ps0187','Shining Pie','2014-09-24 19:12:31',2);
INSERT INTO PEMESANAN_MENU_HARIAN VALUES ('ps0165','Burning Cup','2015-06-08 05:30:06',8);
INSERT INTO PEMESANAN_MENU_HARIAN VALUES ('ps0015','Grilled Tea','2015-03-08 19:12:58',3);
INSERT INTO PEMESANAN_MENU_HARIAN VALUES ('ps0076','Sweet Coffee','2014-12-17 18:51:37',7);
INSERT INTO PEMESANAN_MENU_HARIAN VALUES ('ps0154','Fried Milk','2014-06-06 00:41:57',9);
INSERT INTO PEMESANAN_MENU_HARIAN VALUES ('ps0121','Salty Rice','2015-07-19 06:23:27',6);
INSERT INTO PEMESANAN_MENU_HARIAN VALUES ('ps0177','Special Chicken','2016-10-08 11:22:59',9);
INSERT INTO PEMESANAN_MENU_HARIAN VALUES ('ps0149','Special Liquor','2014-06-28 13:13:47',7);
INSERT INTO PEMESANAN_MENU_HARIAN VALUES ('ps0191','Shining Pie','2014-04-19 08:30:33',7);
INSERT INTO PEMESANAN_MENU_HARIAN VALUES ('ps0044','Fried Milk','2015-06-28 21:19:55',7);
INSERT INTO PEMESANAN_MENU_HARIAN VALUES ('ps0046','Heavenly Pizza','2014-10-16 14:02:27',4);
INSERT INTO PEMESANAN_MENU_HARIAN VALUES ('ps0040','Burning Cup','2015-06-08 05:30:06',7);
INSERT INTO PEMESANAN_MENU_HARIAN VALUES ('ps0222','Burning Chicken','2016-03-31 18:26:04',9);
INSERT INTO PEMESANAN_MENU_HARIAN VALUES ('ps0006','Good Liquor','2015-03-27 02:39:58',3);
INSERT INTO PEMESANAN_MENU_HARIAN VALUES ('ps0140','Burning Chicken','2015-02-20 05:53:37',6);
INSERT INTO PEMESANAN_MENU_HARIAN VALUES ('ps0123','Shining Coffee','2015-07-18 03:55:02',7);
INSERT INTO PEMESANAN_MENU_HARIAN VALUES ('ps0177','Spicy Noodle','2016-11-04 13:49:03',9);
INSERT INTO PEMESANAN_MENU_HARIAN VALUES ('ps0202','Sweet Liquor','2014-08-23 18:04:35',6);
INSERT INTO PEMESANAN_MENU_HARIAN VALUES ('ps0238','Sweet Syrup','2016-04-07 11:00:33',9);
INSERT INTO PEMESANAN_MENU_HARIAN VALUES ('ps0174','Sweet Noodle','2016-04-29 07:12:07',10);
INSERT INTO PEMESANAN_MENU_HARIAN VALUES ('ps0103','Nice Rice','2016-08-29 10:53:58',2);
INSERT INTO PEMESANAN_MENU_HARIAN VALUES ('ps0015','Special Liquor','2016-03-11 04:34:42',6);
INSERT INTO PEMESANAN_MENU_HARIAN VALUES ('ps0176','Shining Pie','2016-01-19 04:56:49',3);
INSERT INTO PEMESANAN_MENU_HARIAN VALUES ('ps0164','Sweet Noodle','2014-02-26 13:02:06',7);
INSERT INTO PEMESANAN_MENU_HARIAN VALUES ('ps0233','Special Liquor','2016-03-11 04:34:42',2);
INSERT INTO PEMESANAN_MENU_HARIAN VALUES ('ps0027','Sweet Noodle','2015-11-25 13:29:49',4);
INSERT INTO PEMESANAN_MENU_HARIAN VALUES ('ps0112','Grilled Burger','2016-10-24 00:46:55',4);
INSERT INTO PEMESANAN_MENU_HARIAN VALUES ('ps0158','Good Liquor','2015-03-27 02:39:58',3);
INSERT INTO PEMESANAN_MENU_HARIAN VALUES ('ps0165','Spicy Syrup','2016-05-09 13:46:59',4);
INSERT INTO PEMESANAN_MENU_HARIAN VALUES ('ps0041','Paradise Pie','2014-03-24 07:32:14',7);
INSERT INTO PEMESANAN_MENU_HARIAN VALUES ('ps0165','Spicy Tea','2015-08-28 15:32:03',10);
INSERT INTO PEMESANAN_MENU_HARIAN VALUES ('ps0148','Salty Rice','2015-06-23 17:07:08',9);
INSERT INTO PEMESANAN_MENU_HARIAN VALUES ('ps0001','Shining Meat','2016-08-18 23:41:43',9);
INSERT INTO PEMESANAN_MENU_HARIAN VALUES ('ps0203','Overpowered Coffee','2015-10-19 22:30:29',4);
INSERT INTO PEMESANAN_MENU_HARIAN VALUES ('ps0173','Sweet Noodle','2014-02-26 13:02:06',5);
INSERT INTO PEMESANAN_MENU_HARIAN VALUES ('ps0028','Sweet Liquor','2015-10-31 22:04:49',10);
INSERT INTO PEMESANAN_MENU_HARIAN VALUES ('ps0188','Grilled Soda','2015-11-12 18:13:27',1);
INSERT INTO PEMESANAN_MENU_HARIAN VALUES ('ps0159','Salty Coffee','2014-02-25 23:35:15',4);
INSERT INTO PEMESANAN_MENU_HARIAN VALUES ('ps0099','Shining Sandwich','2015-01-29 16:05:04',6);
INSERT INTO PEMESANAN_MENU_HARIAN VALUES ('ps0156','Sweet Sandwich','2014-04-19 06:21:24',4);
INSERT INTO PEMESANAN_MENU_HARIAN VALUES ('ps0087','Sweet Milk','2016-02-06 11:07:55',8);
INSERT INTO PEMESANAN_MENU_HARIAN VALUES ('ps0241','Spicy Noodle','2015-07-06 23:22:42',10);
INSERT INTO PEMESANAN_MENU_HARIAN VALUES ('ps0224','Grilled Burger','2016-05-03 10:45:51',2);
INSERT INTO PEMESANAN_MENU_HARIAN VALUES ('ps0115','Shining Pie','2014-04-19 08:30:33',1);
INSERT INTO PEMESANAN_MENU_HARIAN VALUES ('ps0073','Burning Cup','2015-06-08 05:30:06',4);
INSERT INTO PEMESANAN_MENU_HARIAN VALUES ('ps0102','Good Liquor','2016-05-11 02:12:30',6);
INSERT INTO PEMESANAN_MENU_HARIAN VALUES ('ps0029','Sweet Coffee','2014-11-20 06:56:23',10);
INSERT INTO PEMESANAN_MENU_HARIAN VALUES ('ps0086','Salty Rice','2015-08-31 15:46:04',8);
INSERT INTO PEMESANAN_MENU_HARIAN VALUES ('ps0245','Grilled Tea','2016-01-18 03:15:34',9);
INSERT INTO PEMESANAN_MENU_HARIAN VALUES ('ps0199','Salty Rice','2015-07-29 12:28:21',9);
INSERT INTO PEMESANAN_MENU_HARIAN VALUES ('ps0066','Salty Syrup','2014-08-24 17:59:23',2);
INSERT INTO PEMESANAN_MENU_HARIAN VALUES ('ps0072','Sweet Syrup','2014-03-27 18:35:48',5);
INSERT INTO PEMESANAN_MENU_HARIAN VALUES ('ps0067','Fried Soda','2015-12-18 05:43:45',3);
INSERT INTO PEMESANAN_MENU_HARIAN VALUES ('ps0215','Sweet Milk','2016-02-05 20:37:24',9);
INSERT INTO PEMESANAN_MENU_HARIAN VALUES ('ps0114','Shining Pie','2016-01-19 04:56:49',8);
INSERT INTO PEMESANAN_MENU_HARIAN VALUES ('ps0151','Sweet Sandwich','2014-04-19 06:21:24',5);
INSERT INTO PEMESANAN_MENU_HARIAN VALUES ('ps0202','Burning Cup','2016-02-10 21:02:10',8);
INSERT INTO PEMESANAN_MENU_HARIAN VALUES ('ps0164','Fried Soda','2015-09-14 09:18:43',8);
INSERT INTO PEMESANAN_MENU_HARIAN VALUES ('ps0128','Good Juice','2016-09-20 15:21:36',5);
INSERT INTO PEMESANAN_MENU_HARIAN VALUES ('ps0148','Spicy Liquor','2016-09-17 08:07:13',1);
INSERT INTO PEMESANAN_MENU_HARIAN VALUES ('ps0184','Nice Rice','2016-08-29 10:53:58',2);
INSERT INTO PEMESANAN_MENU_HARIAN VALUES ('ps0033','Fried Soda','2015-09-14 09:18:43',6);
INSERT INTO PEMESANAN_MENU_HARIAN VALUES ('ps0061','Hot Milk','2014-10-09 23:08:09',1);
INSERT INTO PEMESANAN_MENU_HARIAN VALUES ('ps0239','Grilled Tea','2014-04-13 10:14:53',2);
INSERT INTO PEMESANAN_MENU_HARIAN VALUES ('ps0048','Shining Meat','2015-12-18 03:40:52',9);
INSERT INTO PEMESANAN_MENU_HARIAN VALUES ('ps0179','Burning Rice','2016-07-17 06:12:39',9);
INSERT INTO PEMESANAN_MENU_HARIAN VALUES ('ps0167','Fried Soda','2014-12-19 22:40:35',7);
INSERT INTO PEMESANAN_MENU_HARIAN VALUES ('ps0051','Grilled Chicken','2016-04-06 08:02:58',8);
INSERT INTO PEMESANAN_MENU_HARIAN VALUES ('ps0064','Shining Rice','2016-03-27 18:55:49',6);
INSERT INTO PEMESANAN_MENU_HARIAN VALUES ('ps0196','Burning Chicken','2016-03-31 18:26:04',8);
INSERT INTO PEMESANAN_MENU_HARIAN VALUES ('ps0051','Salty Rice','2015-06-23 17:07:08',9);
INSERT INTO PEMESANAN_MENU_HARIAN VALUES ('ps0214','Fried Soda','2015-12-18 05:43:45',10);
INSERT INTO PEMESANAN_MENU_HARIAN VALUES ('ps0080','Shining Meat','2015-12-18 03:40:52',10);
INSERT INTO PEMESANAN_MENU_HARIAN VALUES ('ps0086','Fried Tea','2014-10-17 21:02:29',4);
INSERT INTO PEMESANAN_MENU_HARIAN VALUES ('ps0101','Good Liquor','2015-03-27 02:39:58',10);
INSERT INTO PEMESANAN_MENU_HARIAN VALUES ('ps0098','Sweet Noodle','2014-02-26 13:02:06',5);
INSERT INTO PEMESANAN_MENU_HARIAN VALUES ('ps0141','Shining Noodle','2014-09-28 21:27:10',3);
INSERT INTO PEMESANAN_MENU_HARIAN VALUES ('ps0216','Grilled Chicken','2014-07-25 02:24:35',6);
INSERT INTO PEMESANAN_MENU_HARIAN VALUES ('ps0018','Paradise Pizza','2015-12-16 23:57:30',8);
INSERT INTO PEMESANAN_MENU_HARIAN VALUES ('ps0238','Shining Meat','2016-08-18 23:41:43',5);
INSERT INTO PEMESANAN_MENU_HARIAN VALUES ('ps0001','Sweet Coffee','2014-12-17 18:51:37',6);
INSERT INTO PEMESANAN_MENU_HARIAN VALUES ('ps0196','Burning Cup','2016-09-25 17:21:32',4);
INSERT INTO PEMESANAN_MENU_HARIAN VALUES ('ps0024','Shining Sandwich','2016-07-15 16:20:46',2);
INSERT INTO PEMESANAN_MENU_HARIAN VALUES ('ps0149','Burning Rice','2015-01-05 10:53:14',5);
INSERT INTO PEMESANAN_MENU_HARIAN VALUES ('ps0175','Shining Pie','2014-09-24 19:12:31',4);
INSERT INTO PEMESANAN_MENU_HARIAN VALUES ('ps0053','Shining Meat','2015-12-18 03:40:52',5);
INSERT INTO PEMESANAN_MENU_HARIAN VALUES ('ps0006','Hot Milk','2016-08-28 12:51:52',10);
INSERT INTO PEMESANAN_MENU_HARIAN VALUES ('ps0186','Salty Rice','2015-08-31 15:46:04',10);
INSERT INTO PEMESANAN_MENU_HARIAN VALUES ('ps0090','Sweet Sandwich','2015-05-17 05:39:24',10);
INSERT INTO PEMESANAN_MENU_HARIAN VALUES ('ps0027','Sweet Sandwich','2014-04-19 06:21:24',10);
INSERT INTO PEMESANAN_MENU_HARIAN VALUES ('ps0132','Grilled Burger','2015-03-23 16:19:33',10);
INSERT INTO PEMESANAN_MENU_HARIAN VALUES ('ps0028','Burning Cup','2015-06-08 05:30:06',1);
INSERT INTO PEMESANAN_MENU_HARIAN VALUES ('ps0175','Burning Chicken','2016-09-19 11:42:49',8);
INSERT INTO PEMESANAN_MENU_HARIAN VALUES ('ps0048','Special Chicken','2016-10-08 11:22:59',5);
INSERT INTO PEMESANAN_MENU_HARIAN VALUES ('ps0202','Shining Meat','2015-09-20 00:12:09',8);
INSERT INTO PEMESANAN_MENU_HARIAN VALUES ('ps0183','Fried Soda','2015-12-18 05:43:45',10);
INSERT INTO PEMESANAN_MENU_HARIAN VALUES ('ps0229','Fried Soda','2015-08-20 20:12:58',8);
INSERT INTO PEMESANAN_MENU_HARIAN VALUES ('ps0241','Shining Pie','2014-09-24 19:12:31',6);
INSERT INTO PEMESANAN_MENU_HARIAN VALUES ('ps0135','Good Liquor','2016-07-21 06:10:51',10);
INSERT INTO PEMESANAN_MENU_HARIAN VALUES ('ps0182','Nice Rice','2016-08-29 10:53:58',10);
INSERT INTO PEMESANAN_MENU_HARIAN VALUES ('ps0041','Sweet Sandwich','2014-07-17 20:09:58',10);
INSERT INTO PEMESANAN_MENU_HARIAN VALUES ('ps0018','Fried Soda','2015-08-20 20:12:58',7);
INSERT INTO PEMESANAN_MENU_HARIAN VALUES ('ps0069','Sweet Noodle','2016-04-29 07:12:07',1);
INSERT INTO PEMESANAN_MENU_HARIAN VALUES ('ps0175','Salty Syrup','2014-08-24 17:59:23',9);
INSERT INTO PEMESANAN_MENU_HARIAN VALUES ('ps0088','Burning Rice','2015-01-05 10:53:14',9);
INSERT INTO PEMESANAN_MENU_HARIAN VALUES ('ps0029','Good Juice','2015-04-13 00:24:22',7);
INSERT INTO PEMESANAN_MENU_HARIAN VALUES ('ps0172','Sweet Syrup','2014-12-17 07:28:58',4);
INSERT INTO PEMESANAN_MENU_HARIAN VALUES ('ps0092','Shining Meat','2016-08-18 23:41:43',7);
INSERT INTO PEMESANAN_MENU_HARIAN VALUES ('ps0191','Salty Rice','2014-01-26 19:13:36',4);
INSERT INTO PEMESANAN_MENU_HARIAN VALUES ('ps0156','Salty Coffee','2014-10-27 19:46:38',10);
INSERT INTO PEMESANAN_MENU_HARIAN VALUES ('ps0212','Shining Meat','2016-08-18 23:41:43',9);
INSERT INTO PEMESANAN_MENU_HARIAN VALUES ('ps0011','Salty Rice','2014-01-26 19:13:36',7);
INSERT INTO PEMESANAN_MENU_HARIAN VALUES ('ps0123','Sweet Syrup','2014-03-27 18:35:48',5);
INSERT INTO PEMESANAN_MENU_HARIAN VALUES ('ps0150','Shining Sandwich','2016-07-15 16:20:46',5);
INSERT INTO PEMESANAN_MENU_HARIAN VALUES ('ps0220','Fried Soda','2014-06-12 09:30:44',6);
INSERT INTO PEMESANAN_MENU_HARIAN VALUES ('ps0031','Shining Sandwich','2016-05-05 01:20:03',7);
INSERT INTO PEMESANAN_MENU_HARIAN VALUES ('ps0154','Good Liquor','2016-07-21 06:10:51',9);
INSERT INTO PEMESANAN_MENU_HARIAN VALUES ('ps0066','Grilled Chicken','2016-04-06 08:02:58',4);
INSERT INTO PEMESANAN_MENU_HARIAN VALUES ('ps0127','Sweet Syrup','2016-04-07 11:00:33',3);
INSERT INTO PEMESANAN_MENU_HARIAN VALUES ('ps0239','Spicy Noodle','2015-07-06 23:22:42',6);
INSERT INTO PEMESANAN_MENU_HARIAN VALUES ('ps0049','Burning Rice','2015-11-21 08:05:36',2);
INSERT INTO PEMESANAN_MENU_HARIAN VALUES ('ps0226','Shining Noodle','2014-05-25 10:34:09',7);
INSERT INTO PEMESANAN_MENU_HARIAN VALUES ('ps0124','Spicy Tea','2015-08-28 15:32:03',3);
INSERT INTO PEMESANAN_MENU_HARIAN VALUES ('ps0225','Nice Chicken','2016-04-16 16:17:55',6);
INSERT INTO PEMESANAN_MENU_HARIAN VALUES ('ps0146','Burning Liquor','2015-02-12 00:12:24',1);
INSERT INTO PEMESANAN_MENU_HARIAN VALUES ('ps0217','Burning Chicken','2015-06-06 17:26:45',8);
INSERT INTO PEMESANAN_MENU_HARIAN VALUES ('ps0218','Sweet Sandwich','2014-07-17 20:09:58',3);
INSERT INTO PEMESANAN_MENU_HARIAN VALUES ('ps0112','Special Liquor','2014-06-28 13:13:47',4);
INSERT INTO PEMESANAN_MENU_HARIAN VALUES ('ps0222','Salty Rice','2015-08-30 07:28:29',9);
INSERT INTO PEMESANAN_MENU_HARIAN VALUES ('ps0236','Salty Rice','2016-10-10 21:39:41',1);
INSERT INTO PEMESANAN_MENU_HARIAN VALUES ('ps0137','Grilled Tea','2014-04-13 10:14:53',5);
INSERT INTO PEMESANAN_MENU_HARIAN VALUES ('ps0243','Fried Soda','2015-12-18 05:43:45',7);
INSERT INTO PEMESANAN_MENU_HARIAN VALUES ('ps0180','Grilled Soda','2016-12-27 00:10:09',10);
INSERT INTO PEMESANAN_MENU_HARIAN VALUES ('ps0173','Spicy Syrup','2014-10-29 16:38:43',9);
INSERT INTO PEMESANAN_MENU_HARIAN VALUES ('ps0154','Salty Syrup','2015-02-13 06:19:57',3);
INSERT INTO PEMESANAN_MENU_HARIAN VALUES ('ps0052','Special Liquor','2016-03-11 04:34:42',7);
INSERT INTO PEMESANAN_MENU_HARIAN VALUES ('ps0144','Grilled Tea','2016-01-18 03:15:34',8);
INSERT INTO PEMESANAN_MENU_HARIAN VALUES ('ps0147','Grilled Soda','2014-09-26 09:58:34',5);
INSERT INTO PEMESANAN_MENU_HARIAN VALUES ('ps0078','Sweet Coffee','2014-09-20 01:33:30',7);
INSERT INTO PEMESANAN_MENU_HARIAN VALUES ('ps0051','Fried Soda','2016-08-10 05:22:50',6);
INSERT INTO PEMESANAN_MENU_HARIAN VALUES ('ps0081','Fried Soda','2015-09-14 09:18:43',4);
INSERT INTO PEMESANAN_MENU_HARIAN VALUES ('ps0228','Burning Liquor','2014-10-18 20:49:09',7);
INSERT INTO PEMESANAN_MENU_HARIAN VALUES ('ps0233','Spicy Syrup','2016-02-09 16:13:25',1);
INSERT INTO PEMESANAN_MENU_HARIAN VALUES ('ps0019','Burning Cup','2016-09-25 17:21:32',3);
INSERT INTO PEMESANAN_MENU_HARIAN VALUES ('ps0200','Burning Cup','2015-06-08 05:30:06',6);
INSERT INTO PEMESANAN_MENU_HARIAN VALUES ('ps0034','Good Juice','2016-09-20 15:21:36',2);
INSERT INTO PEMESANAN_MENU_HARIAN VALUES ('ps0012','Spicy Syrup','2016-11-29 13:17:39',2);
INSERT INTO PEMESANAN_MENU_HARIAN VALUES ('ps0245','Hot Milk','2014-10-09 23:08:09',8);
INSERT INTO PEMESANAN_MENU_HARIAN VALUES ('ps0068','Shining Noodle','2014-09-28 21:27:10',10);
INSERT INTO PEMESANAN_MENU_HARIAN VALUES ('ps0019','Spicy Syrup','2016-08-16 23:11:03',1);
INSERT INTO PEMESANAN_MENU_HARIAN VALUES ('ps0092','Special Juice','2015-08-24 16:39:20',3);
INSERT INTO PEMESANAN_MENU_HARIAN VALUES ('ps0104','Grilled Tea','2014-04-13 10:14:53',6);
INSERT INTO PEMESANAN_MENU_HARIAN VALUES ('ps0200','Shining Coffee','2014-01-22 14:59:56',2);
INSERT INTO PEMESANAN_MENU_HARIAN VALUES ('ps0043','Special Chicken','2016-09-24 15:20:17',7);
INSERT INTO PEMESANAN_MENU_HARIAN VALUES ('ps0184','Grilled Soda','2014-09-26 09:58:34',10);
INSERT INTO PEMESANAN_MENU_HARIAN VALUES ('ps0112','Special Liquor','2016-03-11 04:34:42',9);
INSERT INTO PEMESANAN_MENU_HARIAN VALUES ('ps0240','Burning Liquor','2015-02-12 00:12:24',7);
INSERT INTO PEMESANAN_MENU_HARIAN VALUES ('ps0128','Grilled Tea','2015-03-08 19:12:58',7);
INSERT INTO PEMESANAN_MENU_HARIAN VALUES ('ps0149','Fried Tea','2014-10-17 21:02:29',7);
INSERT INTO PEMESANAN_MENU_HARIAN VALUES ('ps0231','Nice Rice','2016-07-16 01:59:04',2);
INSERT INTO PEMESANAN_MENU_HARIAN VALUES ('ps0109','Special Chicken','2014-06-20 04:17:46',3);
INSERT INTO PEMESANAN_MENU_HARIAN VALUES ('ps0056','Paradise Pie','2016-06-25 08:10:32',2);
INSERT INTO PEMESANAN_MENU_HARIAN VALUES ('ps0085','Shining Meat','2015-09-20 00:12:09',1);
INSERT INTO PEMESANAN_MENU_HARIAN VALUES ('ps0057','Grilled Chicken','2015-02-25 01:37:05',7);
INSERT INTO PEMESANAN_MENU_HARIAN VALUES ('ps0193','Sweet Coffee','2014-11-20 06:56:23',7);
INSERT INTO PEMESANAN_MENU_HARIAN VALUES ('ps0094','Burning Chicken','2016-09-19 11:42:49',1);
INSERT INTO PEMESANAN_MENU_HARIAN VALUES ('ps0097','Sweet Milk','2016-02-06 11:07:55',8);
INSERT INTO PEMESANAN_MENU_HARIAN VALUES ('ps0179','Grilled Chicken','2015-02-25 01:37:05',2);
INSERT INTO PEMESANAN_MENU_HARIAN VALUES ('ps0138','Fried Milk','2015-06-28 21:19:55',4);
INSERT INTO PEMESANAN_MENU_HARIAN VALUES ('ps0048','Shining Rice','2016-03-27 18:55:49',2);
INSERT INTO PEMESANAN_MENU_HARIAN VALUES ('ps0022','Grilled Soda','2016-12-27 00:10:09',5);
INSERT INTO PEMESANAN_MENU_HARIAN VALUES ('ps0052','Paradise Pie','2015-03-19 01:28:08',8);
INSERT INTO PEMESANAN_MENU_HARIAN VALUES ('ps0185','Shining Sandwich','2016-07-15 16:20:46',7);
INSERT INTO PEMESANAN_MENU_HARIAN VALUES ('ps0128','Fried Soda','2016-08-24 06:07:26',1);
INSERT INTO PEMESANAN_MENU_HARIAN VALUES ('ps0180','Grilled Soda','2014-03-09 14:55:14',10);
INSERT INTO PEMESANAN_MENU_HARIAN VALUES ('ps0127','Spicy Noodle','2015-08-06 15:07:33',1);
INSERT INTO PEMESANAN_MENU_HARIAN VALUES ('ps0071','Sweet Sandwich','2015-05-17 05:39:24',9);
INSERT INTO PEMESANAN_MENU_HARIAN VALUES ('ps0098','Shining Pie','2016-01-19 04:56:49',6);
INSERT INTO PEMESANAN_MENU_HARIAN VALUES ('ps0092','Paradise Pizza','2015-12-16 23:57:30',3);
INSERT INTO PEMESANAN_MENU_HARIAN VALUES ('ps0201','Shining Meat','2015-12-18 03:40:52',1);
INSERT INTO PEMESANAN_MENU_HARIAN VALUES ('ps0031','Shining Sandwich','2016-07-15 16:20:46',6);
INSERT INTO PEMESANAN_MENU_HARIAN VALUES ('ps0102','Good Liquor','2016-07-21 06:10:51',7);
INSERT INTO PEMESANAN_MENU_HARIAN VALUES ('ps0241','Burning Chicken','2016-03-31 18:26:04',10);
INSERT INTO PEMESANAN_MENU_HARIAN VALUES ('ps0212','Burning Cup','2014-05-05 19:49:50',3);
INSERT INTO PEMESANAN_MENU_HARIAN VALUES ('ps0186','Good Liquor','2015-03-27 02:39:58',3);
INSERT INTO PEMESANAN_MENU_HARIAN VALUES ('ps0143','Shining Sandwich','2014-08-19 21:55:16',8);
INSERT INTO PEMESANAN_MENU_HARIAN VALUES ('ps0153','Shining Sandwich','2015-01-29 16:05:04',1);
INSERT INTO PEMESANAN_MENU_HARIAN VALUES ('ps0147','Heavenly Pizza','2014-05-31 15:34:14',5);
INSERT INTO PEMESANAN_MENU_HARIAN VALUES ('ps0007','Salty Rice','2015-06-23 17:07:08',1);
INSERT INTO PEMESANAN_MENU_HARIAN VALUES ('ps0003','Shining Pie','2016-01-19 04:56:49',9);
INSERT INTO PEMESANAN_MENU_HARIAN VALUES ('ps0136','Paradise Pie','2014-03-24 07:32:14',8);
INSERT INTO PEMESANAN_MENU_HARIAN VALUES ('ps0179','Fried Soda','2015-09-14 09:18:43',5);
INSERT INTO PEMESANAN_MENU_HARIAN VALUES ('ps0229','Fried Soda','2015-05-17 03:54:50',9);
INSERT INTO PEMESANAN_MENU_HARIAN VALUES ('ps0185','Grilled Tea','2016-01-18 03:15:34',4);
INSERT INTO PEMESANAN_MENU_HARIAN VALUES ('ps0194','Special Juice','2016-10-05 10:00:27',10);
INSERT INTO PEMESANAN_MENU_HARIAN VALUES ('ps0176','Sweet Noodle','2015-11-25 13:29:49',5);
INSERT INTO PEMESANAN_MENU_HARIAN VALUES ('ps0118','Grilled Soda','2016-11-22 20:16:10',2);
INSERT INTO PEMESANAN_MENU_HARIAN VALUES ('ps0160','Nice Juice','2015-07-15 15:25:57',9);
INSERT INTO PEMESANAN_MENU_HARIAN VALUES ('ps0166','Shining Pie','2014-09-24 19:12:31',6);
INSERT INTO PEMESANAN_MENU_HARIAN VALUES ('ps0021','Salty Syrup','2014-08-24 17:59:23',3);
INSERT INTO PEMESANAN_MENU_HARIAN VALUES ('ps0023','Special Juice','2015-08-24 16:39:20',1);
INSERT INTO PEMESANAN_MENU_HARIAN VALUES ('ps0101','Shining Noodle','2014-05-25 10:34:09',7);
INSERT INTO PEMESANAN_MENU_HARIAN VALUES ('ps0057','Shining Pie','2014-04-19 08:30:33',8);
INSERT INTO PEMESANAN_MENU_HARIAN VALUES ('ps0002','Fried Soda','2015-08-20 20:12:58',1);
INSERT INTO PEMESANAN_MENU_HARIAN VALUES ('ps0092','Fried Tea','2014-10-17 21:02:29',4);
INSERT INTO PEMESANAN_MENU_HARIAN VALUES ('ps0059','Nice Chicken','2015-04-12 10:40:04',9);
INSERT INTO PEMESANAN_MENU_HARIAN VALUES ('ps0202','Salty Coffee','2015-03-04 19:31:29',2);
INSERT INTO PEMESANAN_MENU_HARIAN VALUES ('ps0014','Fried Soda','2015-05-17 03:54:50',6);
INSERT INTO PEMESANAN_MENU_HARIAN VALUES ('ps0155','Salty Rice','2016-03-16 21:59:03',9);
INSERT INTO PEMESANAN_MENU_HARIAN VALUES ('ps0003','Special Juice','2016-10-05 10:00:27',2);
INSERT INTO PEMESANAN_MENU_HARIAN VALUES ('ps0166','Paradise Pie','2014-03-24 07:32:14',2);
INSERT INTO PEMESANAN_MENU_HARIAN VALUES ('ps0249','Special Juice','2015-08-24 16:39:20',5);
INSERT INTO PEMESANAN_MENU_HARIAN VALUES ('ps0209','Fried Soda','2015-08-20 20:12:58',5);
INSERT INTO PEMESANAN_MENU_HARIAN VALUES ('ps0233','Burning Rice','2015-01-05 10:53:14',8);
INSERT INTO PEMESANAN_MENU_HARIAN VALUES ('ps0225','Salty Coffee','2015-03-04 19:31:29',6);
INSERT INTO PEMESANAN_MENU_HARIAN VALUES ('ps0232','Sweet Coffee','2014-09-20 01:33:30',7);
INSERT INTO PEMESANAN_MENU_HARIAN VALUES ('ps0189','Burning Chicken','2015-02-20 05:53:37',3);
INSERT INTO PEMESANAN_MENU_HARIAN VALUES ('ps0052','Shining Pie','2014-04-19 08:30:33',8);
INSERT INTO PEMESANAN_MENU_HARIAN VALUES ('ps0011','Shining Noodle','2016-03-28 04:20:39',6);
INSERT INTO PEMESANAN_MENU_HARIAN VALUES ('ps0056','Shining Meat','2016-08-18 23:41:43',2);
INSERT INTO PEMESANAN_MENU_HARIAN VALUES ('ps0027','Sweet Syrup','2016-04-07 11:00:33',6);
INSERT INTO PEMESANAN_MENU_HARIAN VALUES ('ps0248','Fried Soda','2016-08-24 06:07:26',3);
INSERT INTO PEMESANAN_MENU_HARIAN VALUES ('ps0187','Fried Soda','2016-08-10 05:22:50',3);
INSERT INTO PEMESANAN_MENU_HARIAN VALUES ('ps0032','Burning Cup','2016-09-25 17:21:32',6);
INSERT INTO PEMESANAN_MENU_HARIAN VALUES ('ps0047','Spicy Noodle','2015-07-06 23:22:42',3);
INSERT INTO PEMESANAN_MENU_HARIAN VALUES ('ps0053','Spicy Noodle','2015-07-06 23:22:42',8);
INSERT INTO PEMESANAN_MENU_HARIAN VALUES ('ps0007','Special Liquor','2014-06-28 13:13:47',10);
INSERT INTO PEMESANAN_MENU_HARIAN VALUES ('ps0112','Heavenly Pizza','2014-05-31 15:34:14',8);
INSERT INTO PEMESANAN_MENU_HARIAN VALUES ('ps0166','Heavenly Pizza','2015-11-18 22:21:12',7);
INSERT INTO PEMESANAN_MENU_HARIAN VALUES ('ps0109','Special Liquor','2016-03-11 04:34:42',4);
INSERT INTO PEMESANAN_MENU_HARIAN VALUES ('ps0086','Sweet Milk','2016-02-06 11:07:55',3);
INSERT INTO PEMESANAN_MENU_HARIAN VALUES ('ps0116','Sweet Syrup','2014-12-17 07:28:58',9);
INSERT INTO PEMESANAN_MENU_HARIAN VALUES ('ps0164','Special Juice','2015-08-19 02:04:18',7);
INSERT INTO PEMESANAN_MENU_HARIAN VALUES ('ps0182','Special Noodle','2014-08-19 16:30:54',10);
INSERT INTO PEMESANAN_MENU_HARIAN VALUES ('ps0113','Salty Coffee','2015-03-04 19:31:29',3);
INSERT INTO PEMESANAN_MENU_HARIAN VALUES ('ps0210','Shining Noodle','2014-09-28 21:27:10',2);
INSERT INTO PEMESANAN_MENU_HARIAN VALUES ('ps0203','Special Juice','2016-10-05 10:00:27',6);
INSERT INTO PEMESANAN_MENU_HARIAN VALUES ('ps0074','Special Chicken','2016-10-08 11:22:59',5);
INSERT INTO PEMESANAN_MENU_HARIAN VALUES ('ps0166','Burning Chicken','2015-02-20 05:53:37',9);
INSERT INTO PEMESANAN_MENU_HARIAN VALUES ('ps0057','Heavenly Pizza','2014-10-16 14:02:27',4);
INSERT INTO PEMESANAN_MENU_HARIAN VALUES ('ps0056','Spicy Syrup','2016-05-09 13:46:59',6);
INSERT INTO PEMESANAN_MENU_HARIAN VALUES ('ps0010','Grilled Burger','2015-03-23 16:19:33',10);
INSERT INTO PEMESANAN_MENU_HARIAN VALUES ('ps0219','Shining Meat','2016-08-18 23:41:43',2);
INSERT INTO PEMESANAN_MENU_HARIAN VALUES ('ps0107','Sweet Coffee','2014-12-17 18:51:37',9);
INSERT INTO PEMESANAN_MENU_HARIAN VALUES ('ps0190','Special Liquor','2014-06-28 13:13:47',9);
INSERT INTO PEMESANAN_MENU_HARIAN VALUES ('ps0125','Burning Liquor','2015-08-05 18:16:09',9);
INSERT INTO PEMESANAN_MENU_HARIAN VALUES ('ps0064','Sweet Syrup','2016-12-07 10:10:05',6);
INSERT INTO PEMESANAN_MENU_HARIAN VALUES ('ps0105','Fried Soda','2015-05-17 03:54:50',7);
INSERT INTO PEMESANAN_MENU_HARIAN VALUES ('ps0168','Spicy Syrup','2016-08-16 23:11:03',7);
INSERT INTO PEMESANAN_MENU_HARIAN VALUES ('ps0043','Salty Rice','2015-08-30 07:28:29',3);
INSERT INTO PEMESANAN_MENU_HARIAN VALUES ('ps0010','Salty Coffee','2014-10-27 19:46:38',6);
INSERT INTO PEMESANAN_MENU_HARIAN VALUES ('ps0031','Fried Milk','2015-10-10 22:39:52',3);
INSERT INTO PEMESANAN_MENU_HARIAN VALUES ('ps0012','Nice Rice','2016-07-16 01:59:04',4);
INSERT INTO PEMESANAN_MENU_HARIAN VALUES ('ps0141','Grilled Burger','2016-10-24 00:46:55',3);
INSERT INTO PEMESANAN_MENU_HARIAN VALUES ('ps0192','Sweet Liquor','2016-01-24 10:20:09',1);
INSERT INTO PEMESANAN_MENU_HARIAN VALUES ('ps0233','Nice Chicken','2016-04-16 16:17:55',9);
INSERT INTO PEMESANAN_MENU_HARIAN VALUES ('ps0179','Shining Noodle','2014-09-28 21:27:10',3);
INSERT INTO PEMESANAN_MENU_HARIAN VALUES ('ps0188','Spicy Syrup','2016-08-16 23:11:03',4);
INSERT INTO PEMESANAN_MENU_HARIAN VALUES ('ps0198','Burning Cup','2016-09-25 17:21:32',6);
INSERT INTO PEMESANAN_MENU_HARIAN VALUES ('ps0030','Burning Chicken','2015-06-06 17:26:45',7);
INSERT INTO PEMESANAN_MENU_HARIAN VALUES ('ps0006','Nice Rice','2016-08-29 10:53:58',3);
INSERT INTO PEMESANAN_MENU_HARIAN VALUES ('ps0057','Spicy Noodle','2016-11-04 13:49:03',6);
INSERT INTO PEMESANAN_MENU_HARIAN VALUES ('ps0015','Sweet Coffee','2014-11-20 06:56:23',7);
INSERT INTO PEMESANAN_MENU_HARIAN VALUES ('ps0093','Sweet Liquor','2014-08-23 18:04:35',2);
INSERT INTO PEMESANAN_MENU_HARIAN VALUES ('ps0110','Salty Rice','2015-07-29 12:28:21',6);
INSERT INTO PEMESANAN_MENU_HARIAN VALUES ('ps0197','Special Juice','2015-08-19 02:04:18',8);
INSERT INTO PEMESANAN_MENU_HARIAN VALUES ('ps0117','Spicy Syrup','2016-08-16 23:11:03',10);
INSERT INTO PEMESANAN_MENU_HARIAN VALUES ('ps0034','Salty Syrup','2014-08-24 17:59:23',6);
INSERT INTO PEMESANAN_MENU_HARIAN VALUES ('ps0152','Good Liquor','2016-07-21 06:10:51',10);
INSERT INTO PEMESANAN_MENU_HARIAN VALUES ('ps0108','Paradise Pie','2016-07-16 11:57:42',1);
INSERT INTO PEMESANAN_MENU_HARIAN VALUES ('ps0098','Shining Sandwich','2014-11-26 22:13:09',3);
INSERT INTO PEMESANAN_MENU_HARIAN VALUES ('ps0154','Burning Cup','2016-09-25 17:21:32',7);
INSERT INTO PEMESANAN_MENU_HARIAN VALUES ('ps0070','Special Juice','2016-10-05 10:00:27',3);
INSERT INTO PEMESANAN_MENU_HARIAN VALUES ('ps0006','Burning Rice','2015-01-05 10:53:14',3);
INSERT INTO PEMESANAN_MENU_HARIAN VALUES ('ps0041','Shining Pie','2016-01-19 04:56:49',5);
INSERT INTO PEMESANAN_MENU_HARIAN VALUES ('ps0045','Hot Milk','2016-08-28 12:51:52',7);
INSERT INTO PEMESANAN_MENU_HARIAN VALUES ('ps0088','Grilled Tea','2014-12-24 13:20:06',5);
INSERT INTO PEMESANAN_MENU_HARIAN VALUES ('ps0063','Grilled Tea','2016-01-18 03:15:34',6);
INSERT INTO PEMESANAN_MENU_HARIAN VALUES ('ps0218','Good Liquor','2016-07-21 06:10:51',6);
INSERT INTO PEMESANAN_MENU_HARIAN VALUES ('ps0165','Shining Pie','2016-01-19 04:56:49',7);
INSERT INTO PEMESANAN_MENU_HARIAN VALUES ('ps0168','Burning Cup','2014-05-05 19:49:50',2);
INSERT INTO PEMESANAN_MENU_HARIAN VALUES ('ps0142','Fried Milk','2014-06-06 00:41:57',5);
INSERT INTO PEMESANAN_MENU_HARIAN VALUES ('ps0056','Salty Coffee','2014-02-25 23:35:15',4);
INSERT INTO PEMESANAN_MENU_HARIAN VALUES ('ps0223','Heavenly Pizza','2014-05-31 15:34:14',8);
INSERT INTO PEMESANAN_MENU_HARIAN VALUES ('ps0175','Sweet Sandwich','2015-05-17 05:39:24',3);
INSERT INTO PEMESANAN_MENU_HARIAN VALUES ('ps0005','Shining Cup','2015-10-06 22:18:33',4);
INSERT INTO PEMESANAN_MENU_HARIAN VALUES ('ps0079','Fried Soda','2015-09-14 09:18:43',8);
INSERT INTO PEMESANAN_MENU_HARIAN VALUES ('ps0226','Nice Rice','2016-08-29 10:53:58',6);
INSERT INTO PEMESANAN_MENU_HARIAN VALUES ('ps0044','Sweet Syrup','2014-03-27 18:35:48',10);
INSERT INTO PEMESANAN_MENU_HARIAN VALUES ('ps0188','Shining Sandwich','2014-11-26 22:13:09',8);
INSERT INTO PEMESANAN_MENU_HARIAN VALUES ('ps0139','Shining Noodle','2016-03-28 04:20:39',10);
INSERT INTO PEMESANAN_MENU_HARIAN VALUES ('ps0014','Shining Sandwich','2016-07-15 16:20:46',6);
INSERT INTO PEMESANAN_MENU_HARIAN VALUES ('ps0127','Nice Chicken','2015-04-12 10:40:04',6);
INSERT INTO PEMESANAN_MENU_HARIAN VALUES ('ps0125','Sweet Milk','2016-02-06 11:07:55',3);
INSERT INTO PEMESANAN_MENU_HARIAN VALUES ('ps0239','Salty Coffee','2015-03-04 19:31:29',8);
INSERT INTO PEMESANAN_MENU_HARIAN VALUES ('ps0103','Burning Chicken','2015-02-20 05:53:37',10);
INSERT INTO PEMESANAN_MENU_HARIAN VALUES ('ps0172','Sweet Syrup','2014-03-27 18:35:48',7);
INSERT INTO PEMESANAN_MENU_HARIAN VALUES ('ps0057','Grilled Chicken','2016-04-06 08:02:58',2);
INSERT INTO PEMESANAN_MENU_HARIAN VALUES ('ps0247','Good Liquor','2016-05-11 02:12:30',10);
INSERT INTO PEMESANAN_MENU_HARIAN VALUES ('ps0016','Spicy Syrup','2014-10-29 16:38:43',6);
INSERT INTO PEMESANAN_MENU_HARIAN VALUES ('ps0077','Shining Meat','2015-12-18 03:40:52',5);
INSERT INTO PEMESANAN_MENU_HARIAN VALUES ('ps0183','Special Liquor','2016-03-11 04:34:42',3);
INSERT INTO PEMESANAN_MENU_HARIAN VALUES ('ps0071','Spicy Syrup','2015-04-13 17:25:23',7);
INSERT INTO PEMESANAN_MENU_HARIAN VALUES ('ps0058','Burning Chicken','2015-06-06 17:26:45',9);
INSERT INTO PEMESANAN_MENU_HARIAN VALUES ('ps0113','Burning Liquor','2015-08-05 18:16:09',6);
INSERT INTO PEMESANAN_MENU_HARIAN VALUES ('ps0062','Burning Liquor','2015-02-12 00:12:24',8);
INSERT INTO PEMESANAN_MENU_HARIAN VALUES ('ps0056','Fried Soda','2015-09-14 09:18:43',6);
INSERT INTO PEMESANAN_MENU_HARIAN VALUES ('ps0183','Sweet Milk','2015-05-06 09:28:04',10);
INSERT INTO PEMESANAN_MENU_HARIAN VALUES ('ps0024','Fried Milk','2014-06-06 00:41:57',7);
INSERT INTO PEMESANAN_MENU_HARIAN VALUES ('ps0177','Grilled Burger','2016-05-03 10:45:51',9);
INSERT INTO PEMESANAN_MENU_HARIAN VALUES ('ps0234','Salty Rice','2015-07-19 06:23:27',10);
INSERT INTO PEMESANAN_MENU_HARIAN VALUES ('ps0224','Burning Cup','2014-05-05 19:49:50',7);
INSERT INTO PEMESANAN_MENU_HARIAN VALUES ('ps0101','Special Noodle','2014-08-19 16:30:54',3);
INSERT INTO PEMESANAN_MENU_HARIAN VALUES ('ps0109','Shining Pie','2014-09-24 19:12:31',7);
INSERT INTO PEMESANAN_MENU_HARIAN VALUES ('ps0052','Shining Meat','2016-08-18 23:41:43',4);
INSERT INTO PEMESANAN_MENU_HARIAN VALUES ('ps0035','Good Liquor','2015-03-27 02:39:58',2);
INSERT INTO PEMESANAN_MENU_HARIAN VALUES ('ps0138','Paradise Pizza','2015-12-16 23:57:30',1);
INSERT INTO PEMESANAN_MENU_HARIAN VALUES ('ps0057','Nice Juice','2015-07-15 15:25:57',10);
INSERT INTO PEMESANAN_MENU_HARIAN VALUES ('ps0059','Shining Sandwich','2016-05-05 01:20:03',3);
INSERT INTO PEMESANAN_MENU_HARIAN VALUES ('ps0062','Spicy Noodle','2015-07-06 23:22:42',3);
INSERT INTO PEMESANAN_MENU_HARIAN VALUES ('ps0150','Sweet Milk','2016-02-06 11:07:55',7);
INSERT INTO PEMESANAN_MENU_HARIAN VALUES ('ps0079','Salty Rice','2014-01-26 19:13:36',6);
INSERT INTO PEMESANAN_MENU_HARIAN VALUES ('ps0210','Salty Coffee','2015-03-04 19:31:29',1);
INSERT INTO PEMESANAN_MENU_HARIAN VALUES ('ps0014','Shining Pie','2016-01-19 04:56:49',4);
INSERT INTO PEMESANAN_MENU_HARIAN VALUES ('ps0183','Special Chicken','2014-06-20 04:17:46',7);
INSERT INTO PEMESANAN_MENU_HARIAN VALUES ('ps0147','Shining Sandwich','2016-07-15 16:20:46',10);
INSERT INTO PEMESANAN_MENU_HARIAN VALUES ('ps0249','Fried Soda','2015-05-17 03:54:50',6);
INSERT INTO PEMESANAN_MENU_HARIAN VALUES ('ps0228','Salty Rice','2015-08-31 15:46:04',6);
INSERT INTO PEMESANAN_MENU_HARIAN VALUES ('ps0045','Salty Rice','2015-07-29 12:28:21',2);
INSERT INTO PEMESANAN_MENU_HARIAN VALUES ('ps0238','Fried Milk','2015-06-28 21:19:55',1);
INSERT INTO PEMESANAN_MENU_HARIAN VALUES ('ps0107','Special Chicken','2014-06-20 04:17:46',9);
INSERT INTO PEMESANAN_MENU_HARIAN VALUES ('ps0016','Sweet Noodle','2014-02-26 13:02:06',8);
INSERT INTO PEMESANAN_MENU_HARIAN VALUES ('ps0036','Burning Liquor','2015-11-07 05:39:57',8);
INSERT INTO PEMESANAN_MENU_HARIAN VALUES ('ps0083','Sweet Milk','2015-05-06 09:28:04',1);
INSERT INTO PEMESANAN_MENU_HARIAN VALUES ('ps0186','Salty Rice','2015-08-30 07:28:29',2);
INSERT INTO PEMESANAN_MENU_HARIAN VALUES ('ps0140','Burning Liquor','2014-10-18 20:49:09',5);
INSERT INTO PEMESANAN_MENU_HARIAN VALUES ('ps0001','Sweet Noodle','2015-03-09 09:22:15',1);
INSERT INTO PEMESANAN_MENU_HARIAN VALUES ('ps0236','Good Juice','2016-09-20 15:21:36',10);
INSERT INTO PEMESANAN_MENU_HARIAN VALUES ('ps0000','Sweet Noodle','2016-04-29 07:12:07',3);
INSERT INTO PEMESANAN_MENU_HARIAN VALUES ('ps0141','Fried Milk','2015-10-10 22:39:52',6);
INSERT INTO PEMESANAN_MENU_HARIAN VALUES ('ps0094','Grilled Tea','2014-12-24 13:20:06',4);
INSERT INTO PEMESANAN_MENU_HARIAN VALUES ('ps0221','Special Chicken','2016-10-08 11:22:59',5);
INSERT INTO PEMESANAN_MENU_HARIAN VALUES ('ps0155','Special Chicken','2016-09-24 15:20:17',5);
INSERT INTO PEMESANAN_MENU_HARIAN VALUES ('ps0050','Shining Noodle','2016-07-19 00:52:40',5);
INSERT INTO PEMESANAN_MENU_HARIAN VALUES ('ps0117','Burning Chicken','2016-03-31 18:26:04',9);
INSERT INTO PEMESANAN_MENU_HARIAN VALUES ('ps0226','Nice Rice','2016-07-16 01:59:04',3);
INSERT INTO PEMESANAN_MENU_HARIAN VALUES ('ps0187','Salty Rice','2015-06-23 17:07:08',10);
INSERT INTO PEMESANAN_MENU_HARIAN VALUES ('ps0150','Nice Rice','2016-08-29 10:53:58',4);
INSERT INTO PEMESANAN_MENU_HARIAN VALUES ('ps0032','Spicy Noodle','2016-11-04 13:49:03',7);
INSERT INTO PEMESANAN_MENU_HARIAN VALUES ('ps0066','Grilled Tea','2014-12-24 13:20:06',6);
INSERT INTO PEMESANAN_MENU_HARIAN VALUES ('ps0047','Salty Rice','2016-03-16 21:59:03',7);
INSERT INTO PEMESANAN_MENU_HARIAN VALUES ('ps0084','Salty Syrup','2015-02-13 06:19:57',2);
INSERT INTO PEMESANAN_MENU_HARIAN VALUES ('ps0120','Grilled Burger','2014-12-14 14:07:26',4);
INSERT INTO PEMESANAN_MENU_HARIAN VALUES ('ps0009','Special Liquor','2014-06-28 13:13:47',9);
INSERT INTO PEMESANAN_MENU_HARIAN VALUES ('ps0096','Shining Noodle','2016-03-28 04:20:39',3);
INSERT INTO PEMESANAN_MENU_HARIAN VALUES ('ps0080','Spicy Syrup','2016-11-29 13:17:39',10);
INSERT INTO PEMESANAN_MENU_HARIAN VALUES ('ps0240','Hot Milk','2014-10-09 23:08:09',7);
INSERT INTO PEMESANAN_MENU_HARIAN VALUES ('ps0176','Salty Rice','2016-10-10 21:39:41',6);
INSERT INTO PEMESANAN_MENU_HARIAN VALUES ('ps0083','Shining Meat','2015-12-18 03:40:52',9);
INSERT INTO PEMESANAN_MENU_HARIAN VALUES ('ps0102','Grilled Soda','2016-11-22 20:16:10',4);
INSERT INTO PEMESANAN_MENU_HARIAN VALUES ('ps0119','Grilled Chicken','2016-04-06 08:02:58',8);
INSERT INTO PEMESANAN_MENU_HARIAN VALUES ('ps0135','Sweet Syrup','2014-04-18 02:04:29',9);
INSERT INTO PEMESANAN_MENU_HARIAN VALUES ('ps0228','Burning Chicken','2016-09-19 11:42:49',4);
INSERT INTO PEMESANAN_MENU_HARIAN VALUES ('ps0201','Hot Milk','2014-10-09 23:08:09',9);
INSERT INTO PEMESANAN_MENU_HARIAN VALUES ('ps0052','Nice Rice','2016-07-16 01:59:04',9);
INSERT INTO PEMESANAN_MENU_HARIAN VALUES ('ps0068','Sweet Milk','2016-02-06 11:07:55',10);
INSERT INTO PEMESANAN_MENU_HARIAN VALUES ('ps0243','Special Liquor','2016-03-11 04:34:42',4);
INSERT INTO PEMESANAN_MENU_HARIAN VALUES ('ps0122','Sweet Syrup','2014-03-27 18:35:48',9);
INSERT INTO PEMESANAN_MENU_HARIAN VALUES ('ps0226','Sweet Coffee','2014-09-20 01:33:30',4);
INSERT INTO PEMESANAN_MENU_HARIAN VALUES ('ps0194','Sweet Coffee','2014-09-20 01:33:30',6);
INSERT INTO PEMESANAN_MENU_HARIAN VALUES ('ps0165','Nice Juice','2015-07-15 15:25:57',10);
INSERT INTO PEMESANAN_MENU_HARIAN VALUES ('ps0215','Spicy Syrup','2015-04-13 17:25:23',5);
INSERT INTO PEMESANAN_MENU_HARIAN VALUES ('ps0171','Shining Sandwich','2014-11-26 22:13:09',10);
INSERT INTO PEMESANAN_MENU_HARIAN VALUES ('ps0249','Sweet Noodle','2014-02-26 13:02:06',9);
INSERT INTO PEMESANAN_MENU_HARIAN VALUES ('ps0020','Sweet Liquor','2015-10-31 22:04:49',7);
INSERT INTO PEMESANAN_MENU_HARIAN VALUES ('ps0214','Fried Soda','2014-12-19 22:40:35',3);
INSERT INTO PEMESANAN_MENU_HARIAN VALUES ('ps0096','Hot Milk','2014-10-09 23:08:09',5);
INSERT INTO PEMESANAN_MENU_HARIAN VALUES ('ps0203','Special Chicken','2014-06-20 04:17:46',2);
INSERT INTO PEMESANAN_MENU_HARIAN VALUES ('ps0231','Good Juice','2015-04-13 00:24:22',9);
INSERT INTO PEMESANAN_MENU_HARIAN VALUES ('ps0209','Shining Noodle','2016-03-28 04:20:39',5);
INSERT INTO PEMESANAN_MENU_HARIAN VALUES ('ps0114','Hot Milk','2014-10-09 23:08:09',1);
INSERT INTO PEMESANAN_MENU_HARIAN VALUES ('ps0102','Burning Cup','2016-09-25 17:21:32',4);
INSERT INTO PEMESANAN_MENU_HARIAN VALUES ('ps0047','Fried Milk','2015-10-10 22:39:52',4);
INSERT INTO PEMESANAN_MENU_HARIAN VALUES ('ps0230','Special Liquor','2014-06-28 13:13:47',2);
INSERT INTO PEMESANAN_MENU_HARIAN VALUES ('ps0015','Good Liquor','2015-03-27 02:39:58',1);
INSERT INTO PEMESANAN_MENU_HARIAN VALUES ('ps0198','Special Chicken','2014-06-20 04:17:46',2);
INSERT INTO PEMESANAN_MENU_HARIAN VALUES ('ps0232','Nice Chicken','2015-04-12 10:40:04',4);
INSERT INTO PEMESANAN_MENU_HARIAN VALUES ('ps0202','Nice Rice','2016-07-16 01:59:04',4);
INSERT INTO PEMESANAN_MENU_HARIAN VALUES ('ps0075','Spicy Noodle','2015-08-06 15:07:33',1);
INSERT INTO PEMESANAN_MENU_HARIAN VALUES ('ps0132','Burning Cup','2014-07-07 00:19:02',1);
INSERT INTO PEMESANAN_MENU_HARIAN VALUES ('ps0028','Nice Chicken','2016-04-16 16:17:55',5);
INSERT INTO PEMESANAN_MENU_HARIAN VALUES ('ps0107','Good Juice','2015-04-13 00:24:22',10);
INSERT INTO PEMESANAN_MENU_HARIAN VALUES ('ps0148','Fried Soda','2015-08-20 20:12:58',3);
INSERT INTO PEMESANAN_MENU_HARIAN VALUES ('ps0021','Overpowered Coffee','2015-10-19 22:30:29',4);
INSERT INTO PEMESANAN_MENU_HARIAN VALUES ('ps0033','Nice Chicken','2016-04-16 16:17:55',7);
INSERT INTO PEMESANAN_MENU_HARIAN VALUES ('ps0052','Sweet Coffee','2014-09-20 01:33:30',3);
INSERT INTO PEMESANAN_MENU_HARIAN VALUES ('ps0048','Sweet Noodle','2015-11-25 13:29:49',4);
INSERT INTO PEMESANAN_MENU_HARIAN VALUES ('ps0097','Sweet Coffee','2014-09-20 01:33:30',5);
INSERT INTO PEMESANAN_MENU_HARIAN VALUES ('ps0242','Heavenly Pizza','2015-11-18 22:21:12',8);
INSERT INTO PEMESANAN_MENU_HARIAN VALUES ('ps0196','Paradise Pie','2015-03-19 01:28:08',9);
INSERT INTO PEMESANAN_MENU_HARIAN VALUES ('ps0019','Good Liquor','2016-10-28 23:49:41',10);
INSERT INTO PEMESANAN_MENU_HARIAN VALUES ('ps0039','Shining Coffee','2014-01-22 14:59:56',5);
INSERT INTO PEMESANAN_MENU_HARIAN VALUES ('ps0157','Salty Milk','2016-03-28 12:09:04',7);
INSERT INTO PEMESANAN_MENU_HARIAN VALUES ('ps0027','Grilled Chicken','2016-04-06 08:02:58',5);
INSERT INTO PEMESANAN_MENU_HARIAN VALUES ('ps0067','Sweet Sandwich','2014-04-19 06:21:24',1);
INSERT INTO PEMESANAN_MENU_HARIAN VALUES ('ps0231','Spicy Liquor','2016-09-17 08:07:13',9);
INSERT INTO PEMESANAN_MENU_HARIAN VALUES ('ps0001','Nice Rice','2016-08-29 10:53:58',9);
INSERT INTO PEMESANAN_MENU_HARIAN VALUES ('ps0110','Fried Tea','2014-10-17 21:02:29',7);
INSERT INTO PEMESANAN_MENU_HARIAN VALUES ('ps0189','Shining Sandwich','2015-01-29 16:05:04',8);
INSERT INTO PEMESANAN_MENU_HARIAN VALUES ('ps0213','Good Liquor','2016-07-21 06:10:51',10);
INSERT INTO PEMESANAN_MENU_HARIAN VALUES ('ps0100','Special Liquor','2016-03-11 04:34:42',10);
INSERT INTO PEMESANAN_MENU_HARIAN VALUES ('ps0127','Spicy Noodle','2016-11-04 13:49:03',9);
INSERT INTO PEMESANAN_MENU_HARIAN VALUES ('ps0152','Shining Meat','2015-09-20 00:12:09',8);
INSERT INTO PEMESANAN_MENU_HARIAN VALUES ('ps0211','Burning Chicken','2016-03-31 18:26:04',5);
INSERT INTO PEMESANAN_MENU_HARIAN VALUES ('ps0032','Shining Sandwich','2014-08-19 21:55:16',2);
INSERT INTO PEMESANAN_MENU_HARIAN VALUES ('ps0204','Heavenly Pizza','2014-05-31 15:34:14',9);
INSERT INTO PEMESANAN_MENU_HARIAN VALUES ('ps0044','Burning Cup','2016-09-25 17:21:32',6);
INSERT INTO PEMESANAN_MENU_HARIAN VALUES ('ps0171','Shining Meat','2016-08-18 23:41:43',6);
INSERT INTO PEMESANAN_MENU_HARIAN VALUES ('ps0058','Salty Coffee','2015-03-04 19:31:29',8);
INSERT INTO PEMESANAN_MENU_HARIAN VALUES ('ps0035','Sweet Liquor','2014-08-23 18:04:35',6);
INSERT INTO PEMESANAN_MENU_HARIAN VALUES ('ps0126','Special Chicken','2016-10-08 11:22:59',2);
INSERT INTO PEMESANAN_MENU_HARIAN VALUES ('ps0208','Grilled Burger','2014-12-14 14:07:26',10);
INSERT INTO PEMESANAN_MENU_HARIAN VALUES ('ps0087','Fried Milk','2015-10-10 22:39:52',5);
INSERT INTO PEMESANAN_MENU_HARIAN VALUES ('ps0200','Grilled Tea','2014-04-13 10:14:53',10);
INSERT INTO PEMESANAN_MENU_HARIAN VALUES ('ps0161','Shining Noodle','2014-05-25 10:34:09',7);
INSERT INTO PEMESANAN_MENU_HARIAN VALUES ('ps0065','Spicy Noodle','2015-08-06 15:07:33',6);
INSERT INTO PEMESANAN_MENU_HARIAN VALUES ('ps0110','Burning Rice','2015-01-05 10:53:14',6);
INSERT INTO PEMESANAN_MENU_HARIAN VALUES ('ps0227','Fried Soda','2016-08-24 06:07:26',9);
INSERT INTO PEMESANAN_MENU_HARIAN VALUES ('ps0054','Burning Chicken','2015-02-20 05:53:37',1);
INSERT INTO PEMESANAN_MENU_HARIAN VALUES ('ps0117','Sweet Syrup','2016-02-15 02:44:56',2);
INSERT INTO PEMESANAN_MENU_HARIAN VALUES ('ps0038','Paradise Pie','2016-06-25 08:10:32',3);
INSERT INTO PEMESANAN_MENU_HARIAN VALUES ('ps0076','Paradise Pie','2016-07-16 11:57:42',5);
INSERT INTO PEMESANAN_MENU_HARIAN VALUES ('ps0075','Fried Soda','2014-12-19 22:40:35',2);
INSERT INTO PEMESANAN_MENU_HARIAN VALUES ('ps0078','Spicy Syrup','2016-02-09 16:13:25',10);
INSERT INTO PEMESANAN_MENU_HARIAN VALUES ('ps0157','Sweet Liquor','2014-08-23 18:04:35',1);
INSERT INTO PEMESANAN_MENU_HARIAN VALUES ('ps0057','Grilled Tea','2014-04-13 10:14:53',5);
INSERT INTO PEMESANAN_MENU_HARIAN VALUES ('ps0096','Hot Milk','2016-08-28 12:51:52',4);
INSERT INTO PEMESANAN_MENU_HARIAN VALUES ('ps0183','Sweet Syrup','2014-04-18 02:04:29',5);
INSERT INTO PEMESANAN_MENU_HARIAN VALUES ('ps0207','Good Juice','2015-04-13 00:24:22',7);
INSERT INTO PEMESANAN_MENU_HARIAN VALUES ('ps0085','Burning Liquor','2015-08-05 18:16:09',2);
INSERT INTO PEMESANAN_MENU_HARIAN VALUES ('ps0102','Spicy Syrup','2014-10-29 16:38:43',1);
INSERT INTO PEMESANAN_MENU_HARIAN VALUES ('ps0154','Grilled Burger','2016-10-24 00:46:55',9);
INSERT INTO PEMESANAN_MENU_HARIAN VALUES ('ps0049','Sweet Noodle','2014-02-26 13:02:06',7);
INSERT INTO PEMESANAN_MENU_HARIAN VALUES ('ps0017','Salty Rice','2015-06-23 17:07:08',4);
INSERT INTO PEMESANAN_MENU_HARIAN VALUES ('ps0059','Salty Milk','2016-03-28 12:09:04',6);
INSERT INTO PEMESANAN_MENU_HARIAN VALUES ('ps0113','Salty Rice','2016-03-16 21:59:03',10);
INSERT INTO PEMESANAN_MENU_HARIAN VALUES ('ps0143','Heavenly Pizza','2014-10-16 14:02:27',7);
INSERT INTO PEMESANAN_MENU_HARIAN VALUES ('ps0188','Shining Pie','2014-04-21 05:07:20',3);
INSERT INTO PEMESANAN_MENU_HARIAN VALUES ('ps0246','Fried Soda','2014-12-19 22:40:35',10);
INSERT INTO PEMESANAN_MENU_HARIAN VALUES ('ps0203','Grilled Tea','2016-01-18 03:15:34',7);
INSERT INTO PEMESANAN_MENU_HARIAN VALUES ('ps0066','Grilled Chicken','2015-02-25 01:37:05',3);
INSERT INTO PEMESANAN_MENU_HARIAN VALUES ('ps0039','Salty Coffee','2015-03-04 19:31:29',3);
INSERT INTO PEMESANAN_MENU_HARIAN VALUES ('ps0084','Burning Chicken','2016-09-19 11:42:49',2);
INSERT INTO PEMESANAN_MENU_HARIAN VALUES ('ps0187','Grilled Soda','2014-09-26 09:58:34',2);
INSERT INTO PEMESANAN_MENU_HARIAN VALUES ('ps0161','Grilled Soda','2014-03-09 14:55:14',6);
INSERT INTO PEMESANAN_MENU_HARIAN VALUES ('ps0205','Burning Liquor','2015-02-12 00:12:24',7);
INSERT INTO PEMESANAN_MENU_HARIAN VALUES ('ps0235','Nice Rice','2016-08-29 10:53:58',5);
INSERT INTO PEMESANAN_MENU_HARIAN VALUES ('ps0013','Special Juice','2015-08-19 02:04:18',1);
INSERT INTO PEMESANAN_MENU_HARIAN VALUES ('ps0080','Grilled Chicken','2014-07-25 02:24:35',3);
INSERT INTO PEMESANAN_MENU_HARIAN VALUES ('ps0030','Special Liquor','2016-03-11 04:34:42',6);
INSERT INTO PEMESANAN_MENU_HARIAN VALUES ('ps0213','Nice Chicken','2016-04-16 16:17:55',1);
INSERT INTO PEMESANAN_MENU_HARIAN VALUES ('ps0160','Fried Tea','2014-10-17 21:02:29',7);
INSERT INTO PEMESANAN_MENU_HARIAN VALUES ('ps0120','Grilled Tea','2015-07-18 20:49:54',9);
INSERT INTO PEMESANAN_MENU_HARIAN VALUES ('ps0244','Burning Chicken','2016-09-19 11:42:49',8);
INSERT INTO PEMESANAN_MENU_HARIAN VALUES ('ps0206','Shining Rice','2016-03-27 18:55:49',7);
INSERT INTO PEMESANAN_MENU_HARIAN VALUES ('ps0170','Shining Meat','2014-09-11 07:09:28',10);
INSERT INTO PEMESANAN_MENU_HARIAN VALUES ('ps0188','Shining Meat','2015-09-20 00:12:09',2);
INSERT INTO PEMESANAN_MENU_HARIAN VALUES ('ps0041','Grilled Soda','2015-11-12 18:13:27',10);
INSERT INTO PEMESANAN_MENU_HARIAN VALUES ('ps0116','Grilled Burger','2014-12-14 14:07:26',7);
INSERT INTO PEMESANAN_MENU_HARIAN VALUES ('ps0167','Burning Rice','2015-11-21 08:05:36',8);
INSERT INTO PEMESANAN_MENU_HARIAN VALUES ('ps0047','Burning Chicken','2016-09-19 11:42:49',9);
INSERT INTO PEMESANAN_MENU_HARIAN VALUES ('ps0086','Nice Chicken','2016-04-16 16:17:55',6);
INSERT INTO PEMESANAN_MENU_HARIAN VALUES ('ps0109','Burning Liquor','2015-02-12 00:12:24',4);
INSERT INTO PEMESANAN_MENU_HARIAN VALUES ('ps0115','Spicy Syrup','2016-05-09 13:46:59',7);
INSERT INTO PEMESANAN_MENU_HARIAN VALUES ('ps0023','Salty Rice','2015-08-31 15:46:04',5);
INSERT INTO PEMESANAN_MENU_HARIAN VALUES ('ps0207','Nice Rice','2016-08-29 10:53:58',9);
INSERT INTO PEMESANAN_MENU_HARIAN VALUES ('ps0058','Sweet Sandwich','2014-07-17 20:09:58',3);
INSERT INTO PEMESANAN_MENU_HARIAN VALUES ('ps0213','Sweet Syrup','2016-02-15 02:44:56',10);
INSERT INTO PEMESANAN_MENU_HARIAN VALUES ('ps0011','Shining Pie','2014-04-19 08:30:33',9);
INSERT INTO PEMESANAN_MENU_HARIAN VALUES ('ps0086','Burning Cup','2016-09-25 17:21:32',2);
INSERT INTO PEMESANAN_MENU_HARIAN VALUES ('ps0159','Burning Chicken','2015-02-20 05:53:37',10);
INSERT INTO PEMESANAN_MENU_HARIAN VALUES ('ps0222','Sweet Milk','2016-02-05 20:37:24',7);
INSERT INTO PEMESANAN_MENU_HARIAN VALUES ('ps0197','Salty Milk','2016-03-28 12:09:04',8);
INSERT INTO PEMESANAN_MENU_HARIAN VALUES ('ps0065','Sweet Sandwich','2014-04-19 06:21:24',5);
INSERT INTO PEMESANAN_MENU_HARIAN VALUES ('ps0152','Sweet Syrup','2016-04-07 11:00:33',9);
INSERT INTO PEMESANAN_MENU_HARIAN VALUES ('ps0071','Sweet Noodle','2015-03-09 09:22:15',3);
INSERT INTO PEMESANAN_MENU_HARIAN VALUES ('ps0160','Salty Rice','2015-07-29 12:28:21',10);
INSERT INTO PEMESANAN_MENU_HARIAN VALUES ('ps0117','Burning Liquor','2014-10-18 20:49:09',10);
INSERT INTO PEMESANAN_MENU_HARIAN VALUES ('ps0039','Shining Pie','2014-09-24 19:12:31',5);
INSERT INTO PEMESANAN_MENU_HARIAN VALUES ('ps0184','Overpowered Coffee','2014-11-16 00:14:47',9);
INSERT INTO PEMESANAN_MENU_HARIAN VALUES ('ps0041','Burning Cup','2016-09-25 17:21:32',1);
INSERT INTO PEMESANAN_MENU_HARIAN VALUES ('ps0162','Sweet Noodle','2016-04-29 07:12:07',8);
INSERT INTO PEMESANAN_MENU_HARIAN VALUES ('ps0130','Spicy Noodle','2015-08-06 15:07:33',5);
INSERT INTO PEMESANAN_MENU_HARIAN VALUES ('ps0034','Grilled Burger','2016-10-24 00:46:55',9);
INSERT INTO PEMESANAN_MENU_HARIAN VALUES ('ps0167','Sweet Liquor','2014-08-23 18:04:35',3);
INSERT INTO PEMESANAN_MENU_HARIAN VALUES ('ps0066','Shining Coffee','2014-01-22 14:59:56',4);
INSERT INTO PEMESANAN_MENU_HARIAN VALUES ('ps0169','Sweet Noodle','2016-04-29 07:12:07',5);
INSERT INTO PEMESANAN_MENU_HARIAN VALUES ('ps0100','Special Chicken','2014-06-20 04:17:46',1);
INSERT INTO PEMESANAN_MENU_HARIAN VALUES ('ps0222','Spicy Syrup','2015-04-13 17:25:23',9);
INSERT INTO PEMESANAN_MENU_HARIAN VALUES ('ps0181','Overpowered Coffee','2014-11-16 00:14:47',7);
INSERT INTO PEMESANAN_MENU_HARIAN VALUES ('ps0061','Spicy Syrup','2016-08-16 23:11:03',8);
INSERT INTO PEMESANAN_MENU_HARIAN VALUES ('ps0038','Salty Rice','2015-08-31 15:46:04',3);
INSERT INTO PEMESANAN_MENU_HARIAN VALUES ('ps0012','Fried Soda','2016-08-10 05:22:50',8);
INSERT INTO PEMESANAN_MENU_HARIAN VALUES ('ps0201','Burning Chicken','2016-03-31 18:26:04',1);
INSERT INTO PEMESANAN_MENU_HARIAN VALUES ('ps0211','Grilled Burger','2016-10-24 00:46:55',2);
INSERT INTO PEMESANAN_MENU_HARIAN VALUES ('ps0056','Shining Noodle','2016-07-19 00:52:40',8);
INSERT INTO PEMESANAN_MENU_HARIAN VALUES ('ps0238','Grilled Chicken','2015-02-25 01:37:05',3);
INSERT INTO PEMESANAN_MENU_HARIAN VALUES ('ps0035','Fried Soda','2014-12-19 22:40:35',6);
INSERT INTO PEMESANAN_MENU_HARIAN VALUES ('ps0196','Good Liquor','2016-10-28 23:49:41',4);
INSERT INTO PEMESANAN_MENU_HARIAN VALUES ('ps0199','Salty Coffee','2014-02-25 23:35:15',5);
INSERT INTO PEMESANAN_MENU_HARIAN VALUES ('ps0012','Sweet Coffee','2014-11-20 06:56:23',7);
INSERT INTO PEMESANAN_MENU_HARIAN VALUES ('ps0194','Fried Soda','2014-06-12 09:30:44',7);
INSERT INTO PEMESANAN_MENU_HARIAN VALUES ('ps0130','Nice Juice','2015-07-15 15:25:57',8);
INSERT INTO PEMESANAN_MENU_HARIAN VALUES ('ps0172','Shining Meat','2016-08-18 23:41:43',9);
INSERT INTO PEMESANAN_MENU_HARIAN VALUES ('ps0082','Paradise Pie','2014-03-24 07:32:14',6);
INSERT INTO PEMESANAN_MENU_HARIAN VALUES ('ps0215','Sweet Syrup','2016-04-07 11:00:33',4);
INSERT INTO PEMESANAN_MENU_HARIAN VALUES ('ps0134','Hot Milk','2014-10-09 23:08:09',8);
INSERT INTO PEMESANAN_MENU_HARIAN VALUES ('ps0121','Grilled Tea','2015-07-18 20:49:54',7);
INSERT INTO PEMESANAN_MENU_HARIAN VALUES ('ps0196','Sweet Liquor','2015-10-31 22:04:49',4);
INSERT INTO PEMESANAN_MENU_HARIAN VALUES ('ps0205','Fried Soda','2016-08-10 05:22:50',9);
INSERT INTO PEMESANAN_MENU_HARIAN VALUES ('ps0222','Spicy Liquor','2016-09-17 08:07:13',6);
INSERT INTO PEMESANAN_MENU_HARIAN VALUES ('ps0137','Sweet Syrup','2016-02-15 02:44:56',3);
INSERT INTO PEMESANAN_MENU_HARIAN VALUES ('ps0093','Sweet Noodle','2015-03-09 09:22:15',4);
INSERT INTO PEMESANAN_MENU_HARIAN VALUES ('ps0171','Burning Liquor','2015-08-05 18:16:09',7);
INSERT INTO PEMESANAN_MENU_HARIAN VALUES ('ps0006','Shining Meat','2015-12-18 03:40:52',3);
INSERT INTO PEMESANAN_MENU_HARIAN VALUES ('ps0144','Good Juice','2016-09-20 15:21:36',5);
INSERT INTO PEMESANAN_MENU_HARIAN VALUES ('ps0076','Shining Noodle','2014-09-28 21:27:10',6);
INSERT INTO PEMESANAN_MENU_HARIAN VALUES ('ps0046','Shining Coffee','2014-01-22 14:59:56',8);
INSERT INTO PEMESANAN_MENU_HARIAN VALUES ('ps0087','Salty Coffee','2014-10-27 19:46:38',2);
INSERT INTO PEMESANAN_MENU_HARIAN VALUES ('ps0188','Special Noodle','2014-08-19 16:30:54',4);
INSERT INTO PEMESANAN_MENU_HARIAN VALUES ('ps0048','Burning Liquor','2015-11-07 05:39:57',1);
INSERT INTO PEMESANAN_MENU_HARIAN VALUES ('ps0228','Good Liquor','2015-03-27 02:39:58',3);
INSERT INTO PEMESANAN_MENU_HARIAN VALUES ('ps0096','Burning Chicken','2015-06-06 17:26:45',6);
INSERT INTO PEMESANAN_MENU_HARIAN VALUES ('ps0014','Grilled Tea','2016-06-25 12:51:14',1);
INSERT INTO PEMESANAN_MENU_HARIAN VALUES ('ps0208','Shining Pie','2014-04-19 08:30:33',9);
INSERT INTO PEMESANAN_MENU_HARIAN VALUES ('ps0187','Burning Cup','2015-06-08 05:30:06',5);
INSERT INTO PEMESANAN_MENU_HARIAN VALUES ('ps0041','Salty Rice','2015-07-19 06:23:27',10);
INSERT INTO PEMESANAN_MENU_HARIAN VALUES ('ps0178','Sweet Coffee','2014-11-20 06:56:23',7);
INSERT INTO PEMESANAN_MENU_HARIAN VALUES ('ps0199','Special Chicken','2014-06-20 04:17:46',2);
INSERT INTO PEMESANAN_MENU_HARIAN VALUES ('ps0240','Shining Meat','2014-09-11 07:09:28',7);
INSERT INTO PEMESANAN_MENU_HARIAN VALUES ('ps0110','Sweet Liquor','2014-08-23 18:04:35',2);
INSERT INTO PEMESANAN_MENU_HARIAN VALUES ('ps0002','Paradise Pie','2014-03-24 07:32:14',2);
INSERT INTO PEMESANAN_MENU_HARIAN VALUES ('ps0070','Fried Soda','2015-09-14 09:18:43',8);
INSERT INTO PEMESANAN_MENU_HARIAN VALUES ('ps0155','Spicy Syrup','2014-10-29 16:38:43',2);
INSERT INTO PEMESANAN_MENU_HARIAN VALUES ('ps0024','Spicy Syrup','2016-08-16 23:11:03',9);
INSERT INTO PEMESANAN_MENU_HARIAN VALUES ('ps0054','Good Liquor','2016-10-28 23:49:41',6);
INSERT INTO PEMESANAN_MENU_HARIAN VALUES ('ps0172','Good Juice','2016-09-20 15:21:36',1);
INSERT INTO PEMESANAN_MENU_HARIAN VALUES ('ps0046','Nice Juice','2015-07-15 15:25:57',8);
INSERT INTO PEMESANAN_MENU_HARIAN VALUES ('ps0113','Heavenly Pizza','2015-11-18 22:21:12',3);
INSERT INTO PEMESANAN_MENU_HARIAN VALUES ('ps0156','Paradise Pizza','2015-12-16 23:57:30',8);
INSERT INTO PEMESANAN_MENU_HARIAN VALUES ('ps0233','Grilled Soda','2015-11-12 18:13:27',3);
INSERT INTO PEMESANAN_MENU_HARIAN VALUES ('ps0062','Sweet Syrup','2016-04-07 11:00:33',6);
INSERT INTO PEMESANAN_MENU_HARIAN VALUES ('ps0156','Grilled Burger','2016-10-24 00:46:55',1);
INSERT INTO PEMESANAN_MENU_HARIAN VALUES ('ps0015','Salty Rice','2015-06-23 17:07:08',8);
INSERT INTO PEMESANAN_MENU_HARIAN VALUES ('ps0132','Spicy Syrup','2014-10-29 16:38:43',5);
INSERT INTO PEMESANAN_MENU_HARIAN VALUES ('ps0041','Salty Rice','2015-08-30 07:28:29',1);
INSERT INTO PEMESANAN_MENU_HARIAN VALUES ('ps0171','Special Chicken','2016-09-24 15:20:17',1);
INSERT INTO PEMESANAN_MENU_HARIAN VALUES ('ps0138','Sweet Noodle','2015-03-09 09:22:15',8);
INSERT INTO PEMESANAN_MENU_HARIAN VALUES ('ps0057','Shining Meat','2016-08-18 23:41:43',4);
INSERT INTO PEMESANAN_MENU_HARIAN VALUES ('ps0157','Paradise Pie','2015-03-19 01:28:08',1);
INSERT INTO PEMESANAN_MENU_HARIAN VALUES ('ps0187','Sweet Milk','2016-02-05 20:37:24',10);
INSERT INTO PEMESANAN_MENU_HARIAN VALUES ('ps0090','Shining Pie','2016-01-19 04:56:49',2);
INSERT INTO PEMESANAN_MENU_HARIAN VALUES ('ps0181','Sweet Syrup','2014-12-17 07:28:58',4);
INSERT INTO PEMESANAN_MENU_HARIAN VALUES ('ps0044','Shining Sandwich','2014-08-19 21:55:16',7);
INSERT INTO PEMESANAN_MENU_HARIAN VALUES ('ps0061','Spicy Noodle','2015-08-06 15:07:33',9);
INSERT INTO PEMESANAN_MENU_HARIAN VALUES ('ps0014','Fried Milk','2015-10-10 22:39:52',3);
INSERT INTO PEMESANAN_MENU_HARIAN VALUES ('ps0165','Grilled Tea','2015-03-08 19:12:58',3);
INSERT INTO PEMESANAN_MENU_HARIAN VALUES ('ps0010','Grilled Chicken','2016-04-06 08:02:58',1);
INSERT INTO PEMESANAN_MENU_HARIAN VALUES ('ps0104','Sweet Noodle','2014-02-26 13:02:06',2);
INSERT INTO PEMESANAN_MENU_HARIAN VALUES ('ps0227','Grilled Tea','2015-03-08 19:12:58',4);
INSERT INTO PEMESANAN_MENU_HARIAN VALUES ('ps0178','Spicy Noodle','2015-08-06 15:07:33',3);
INSERT INTO PEMESANAN_MENU_HARIAN VALUES ('ps0148','Special Noodle','2014-08-19 16:30:54',1);
INSERT INTO PEMESANAN_MENU_HARIAN VALUES ('ps0058','Sweet Sandwich','2015-05-17 05:39:24',6);
INSERT INTO PEMESANAN_MENU_HARIAN VALUES ('ps0244','Heavenly Pizza','2014-05-31 15:34:14',7);
INSERT INTO PEMESANAN_MENU_HARIAN VALUES ('ps0231','Burning Chicken','2015-06-06 17:26:45',7);
INSERT INTO PEMESANAN_MENU_HARIAN VALUES ('ps0146','Fried Soda','2014-12-05 08:00:39',2);
INSERT INTO PEMESANAN_MENU_HARIAN VALUES ('ps0051','Sweet Liquor','2015-10-31 22:04:49',10);
INSERT INTO PEMESANAN_MENU_HARIAN VALUES ('ps0120','Sweet Coffee','2014-11-20 06:56:23',7);
INSERT INTO PEMESANAN_MENU_HARIAN VALUES ('ps0107','Burning Cup','2015-06-08 05:30:06',1);
INSERT INTO PEMESANAN_MENU_HARIAN VALUES ('ps0213','Heavenly Pizza','2014-05-31 15:34:14',7);
INSERT INTO PEMESANAN_MENU_HARIAN VALUES ('ps0214','Shining Sandwich','2015-01-29 16:05:04',3);
INSERT INTO PEMESANAN_MENU_HARIAN VALUES ('ps0215','Grilled Tea','2016-01-18 03:15:34',10);
INSERT INTO PEMESANAN_MENU_HARIAN VALUES ('ps0176','Shining Sandwich','2016-05-05 01:20:03',6);
INSERT INTO PEMESANAN_MENU_HARIAN VALUES ('ps0123','Nice Chicken','2016-04-16 16:17:55',1);
INSERT INTO PEMESANAN_MENU_HARIAN VALUES ('ps0103','Sweet Milk','2016-02-05 20:37:24',8);
INSERT INTO PEMESANAN_MENU_HARIAN VALUES ('ps0022','Shining Noodle','2016-03-28 04:20:39',5);
INSERT INTO PEMESANAN_MENU_HARIAN VALUES ('ps0089','Spicy Syrup','2016-11-29 13:17:39',1);
INSERT INTO PEMESANAN_MENU_HARIAN VALUES ('ps0069','Heavenly Pizza','2014-10-16 14:02:27',10);
INSERT INTO PEMESANAN_MENU_HARIAN VALUES ('ps0119','Special Liquor','2016-03-11 04:34:42',9);
INSERT INTO PEMESANAN_MENU_HARIAN VALUES ('ps0109','Sweet Milk','2015-05-06 09:28:04',7);
INSERT INTO PEMESANAN_MENU_HARIAN VALUES ('ps0193','Burning Liquor','2015-11-07 05:39:57',1);
INSERT INTO PEMESANAN_MENU_HARIAN VALUES ('ps0081','Shining Rice','2016-03-27 18:55:49',4);
INSERT INTO PEMESANAN_MENU_HARIAN VALUES ('ps0191','Special Liquor','2016-03-11 04:34:42',10);
INSERT INTO PEMESANAN_MENU_HARIAN VALUES ('ps0180','Burning Cup','2014-07-07 00:19:02',6);
INSERT INTO PEMESANAN_MENU_HARIAN VALUES ('ps0131','Nice Rice','2016-07-16 01:59:04',7);
INSERT INTO PEMESANAN_MENU_HARIAN VALUES ('ps0167','Grilled Tea','2015-03-08 19:12:58',4);
INSERT INTO PEMESANAN_MENU_HARIAN VALUES ('ps0218','Shining Pie','2014-09-24 19:12:31',1);
INSERT INTO PEMESANAN_MENU_HARIAN VALUES ('ps0226','Special Liquor','2016-03-11 04:34:42',6);
INSERT INTO PEMESANAN_MENU_HARIAN VALUES ('ps0053','Grilled Tea','2016-01-18 03:15:34',7);
INSERT INTO PEMESANAN_MENU_HARIAN VALUES ('ps0039','Burning Cup','2014-05-05 19:49:50',10);
INSERT INTO PEMESANAN_MENU_HARIAN VALUES ('ps0060','Shining Noodle','2016-03-28 04:20:39',8);
INSERT INTO PEMESANAN_MENU_HARIAN VALUES ('ps0035','Nice Chicken','2015-04-12 10:40:04',1);
INSERT INTO PEMESANAN_MENU_HARIAN VALUES ('ps0181','Shining Coffee','2014-01-22 14:59:56',2);
INSERT INTO PEMESANAN_MENU_HARIAN VALUES ('ps0192','Spicy Syrup','2014-10-29 16:38:43',5);
INSERT INTO PEMESANAN_MENU_HARIAN VALUES ('ps0037','Spicy Liquor','2016-09-17 08:07:13',4);
INSERT INTO PEMESANAN_MENU_HARIAN VALUES ('ps0069','Shining Coffee','2014-01-22 14:59:56',2);
INSERT INTO PEMESANAN_MENU_HARIAN VALUES ('ps0025','Burning Chicken','2016-09-19 11:42:49',8);
INSERT INTO PEMESANAN_MENU_HARIAN VALUES ('ps0237','Fried Tea','2014-10-17 21:02:29',4);
INSERT INTO PEMESANAN_MENU_HARIAN VALUES ('ps0007','Sweet Syrup','2016-12-07 10:10:05',3);
INSERT INTO PEMESANAN_MENU_HARIAN VALUES ('ps0105','Good Juice','2016-09-20 15:21:36',7);
INSERT INTO PEMESANAN_MENU_HARIAN VALUES ('ps0082','Sweet Sandwich','2015-05-17 05:39:24',9);
INSERT INTO PEMESANAN_MENU_HARIAN VALUES ('ps0227','Sweet Coffee','2014-12-17 18:51:37',8);
INSERT INTO PEMESANAN_MENU_HARIAN VALUES ('ps0143','Shining Noodle','2016-07-19 00:52:40',10);
INSERT INTO PEMESANAN_MENU_HARIAN VALUES ('ps0115','Special Chicken','2014-06-20 04:17:46',9);
INSERT INTO PEMESANAN_MENU_HARIAN VALUES ('ps0117','Grilled Soda','2014-03-09 14:55:14',1);
INSERT INTO PEMESANAN_MENU_HARIAN VALUES ('ps0038','Fried Soda','2015-12-18 05:43:45',10);
INSERT INTO PEMESANAN_MENU_HARIAN VALUES ('ps0033','Grilled Soda','2014-09-26 09:58:34',6);
INSERT INTO PEMESANAN_MENU_HARIAN VALUES ('ps0248','Grilled Tea','2015-07-18 20:49:54',5);
INSERT INTO PEMESANAN_MENU_HARIAN VALUES ('ps0191','Sweet Milk','2016-02-05 20:37:24',3);
INSERT INTO PEMESANAN_MENU_HARIAN VALUES ('ps0098','Special Juice','2015-08-19 02:04:18',4);
INSERT INTO PEMESANAN_MENU_HARIAN VALUES ('ps0098','Burning Cup','2015-06-08 05:30:06',1);
INSERT INTO PEMESANAN_MENU_HARIAN VALUES ('ps0247','Nice Rice','2016-07-16 01:59:04',8);
INSERT INTO PEMESANAN_MENU_HARIAN VALUES ('ps0171','Spicy Syrup','2014-10-29 16:38:43',1);
INSERT INTO PEMESANAN_MENU_HARIAN VALUES ('ps0087','Good Liquor','2015-03-27 02:39:58',8);
INSERT INTO PEMESANAN_MENU_HARIAN VALUES ('ps0187','Salty Rice','2015-08-31 15:46:04',8);
INSERT INTO PEMESANAN_MENU_HARIAN VALUES ('ps0007','Shining Rice','2016-03-27 18:55:49',3);
INSERT INTO PEMESANAN_MENU_HARIAN VALUES ('ps0168','Spicy Liquor','2016-09-17 08:07:13',1);
INSERT INTO PEMESANAN_MENU_HARIAN VALUES ('ps0102','Special Noodle','2014-08-19 16:30:54',1);
INSERT INTO PEMESANAN_MENU_HARIAN VALUES ('ps0203','Sweet Sandwich','2015-05-17 05:39:24',1);
INSERT INTO PEMESANAN_MENU_HARIAN VALUES ('ps0016','Salty Coffee','2014-02-25 23:35:15',10);
INSERT INTO PEMESANAN_MENU_HARIAN VALUES ('ps0031','Fried Milk','2015-06-28 21:19:55',7);
INSERT INTO PEMESANAN_MENU_HARIAN VALUES ('ps0108','Shining Meat','2014-09-11 07:09:28',10);
INSERT INTO PEMESANAN_MENU_HARIAN VALUES ('ps0228','Shining Sandwich','2015-01-29 16:05:04',6);
INSERT INTO PEMESANAN_MENU_HARIAN VALUES ('ps0125','Grilled Soda','2016-12-27 00:10:09',2);
INSERT INTO PEMESANAN_MENU_HARIAN VALUES ('ps0002','Burning Cup','2016-02-10 21:02:10',3);
INSERT INTO PEMESANAN_MENU_HARIAN VALUES ('ps0019','Grilled Chicken','2016-04-06 08:02:58',2);
INSERT INTO PEMESANAN_MENU_HARIAN VALUES ('ps0238','Sweet Noodle','2016-04-29 07:12:07',3);
INSERT INTO PEMESANAN_MENU_HARIAN VALUES ('ps0009','Salty Rice','2015-07-29 12:28:21',6);
INSERT INTO PEMESANAN_MENU_HARIAN VALUES ('ps0025','Burning Liquor','2014-10-18 20:49:09',9);
INSERT INTO PEMESANAN_MENU_HARIAN VALUES ('ps0142','Sweet Noodle','2016-04-29 07:12:07',6);
INSERT INTO PEMESANAN_MENU_HARIAN VALUES ('ps0248','Good Liquor','2016-05-11 02:12:30',9);
INSERT INTO PEMESANAN_MENU_HARIAN VALUES ('ps0039','Salty Coffee','2014-02-25 23:35:15',7);
INSERT INTO PEMESANAN_MENU_HARIAN VALUES ('ps0069','Burning Liquor','2015-08-05 18:16:09',7);
INSERT INTO PEMESANAN_MENU_HARIAN VALUES ('ps0090','Shining Sandwich','2016-05-05 01:20:03',5);
INSERT INTO PEMESANAN_MENU_HARIAN VALUES ('ps0136','Grilled Tea','2016-06-25 12:51:14',4);
INSERT INTO PEMESANAN_MENU_HARIAN VALUES ('ps0036','Shining Coffee','2015-07-18 03:55:02',9);
INSERT INTO PEMESANAN_MENU_HARIAN VALUES ('ps0216','Shining Noodle','2014-09-28 21:27:10',10);
INSERT INTO PEMESANAN_MENU_HARIAN VALUES ('ps0164','Good Liquor','2015-03-27 02:39:58',3);
INSERT INTO PEMESANAN_MENU_HARIAN VALUES ('ps0090','Overpowered Coffee','2014-11-16 00:14:47',1);
INSERT INTO PEMESANAN_MENU_HARIAN VALUES ('ps0040','Sweet Syrup','2016-04-07 11:00:33',7);
INSERT INTO PEMESANAN_MENU_HARIAN VALUES ('ps0184','Grilled Chicken','2014-07-25 02:24:35',10);
INSERT INTO PEMESANAN_MENU_HARIAN VALUES ('ps0204','Salty Syrup','2015-02-13 06:19:57',4);
INSERT INTO PEMESANAN_MENU_HARIAN VALUES ('ps0077','Sweet Coffee','2014-11-20 06:56:23',4);
INSERT INTO PEMESANAN_MENU_HARIAN VALUES ('ps0138','Grilled Tea','2014-04-13 10:14:53',3);
INSERT INTO PEMESANAN_MENU_HARIAN VALUES ('ps0001','Fried Soda','2015-05-17 03:54:50',7);
INSERT INTO PEMESANAN_MENU_HARIAN VALUES ('ps0046','Salty Coffee','2015-03-04 19:31:29',1);
INSERT INTO PEMESANAN_MENU_HARIAN VALUES ('ps0189','Salty Rice','2016-10-10 21:39:41',7);
INSERT INTO PEMESANAN_MENU_HARIAN VALUES ('ps0208','Paradise Pie','2014-03-24 07:32:14',10);
INSERT INTO PEMESANAN_MENU_HARIAN VALUES ('ps0213','Sweet Sandwich','2015-05-17 05:39:24',4);
INSERT INTO PEMESANAN_MENU_HARIAN VALUES ('ps0163','Shining Noodle','2014-05-25 10:34:09',5);
INSERT INTO PEMESANAN_MENU_HARIAN VALUES ('ps0053','Fried Soda','2014-12-19 22:40:35',1);
INSERT INTO PEMESANAN_MENU_HARIAN VALUES ('ps0025','Salty Coffee','2015-03-04 19:31:29',8);
INSERT INTO PEMESANAN_MENU_HARIAN VALUES ('ps0183','Grilled Soda','2015-11-12 18:13:27',9);
INSERT INTO PEMESANAN_MENU_HARIAN VALUES ('ps0062','Sweet Milk','2016-02-05 20:37:24',7);
INSERT INTO PEMESANAN_MENU_HARIAN VALUES ('ps0034','Overpowered Coffee','2014-11-16 00:14:47',5);
INSERT INTO PEMESANAN_MENU_HARIAN VALUES ('ps0111','Shining Noodle','2016-07-19 00:52:40',5);
INSERT INTO PEMESANAN_MENU_HARIAN VALUES ('ps0234','Grilled Chicken','2014-07-25 02:24:35',8);
INSERT INTO PEMESANAN_MENU_HARIAN VALUES ('ps0206','Spicy Syrup','2015-04-13 17:25:23',5);
INSERT INTO PEMESANAN_MENU_HARIAN VALUES ('ps0136','Hot Milk','2014-10-09 23:08:09',2);
INSERT INTO PEMESANAN_MENU_HARIAN VALUES ('ps0010','Good Liquor','2015-03-27 02:39:58',8);
INSERT INTO PEMESANAN_MENU_HARIAN VALUES ('ps0128','Burning Rice','2016-07-17 06:12:39',4);
INSERT INTO PEMESANAN_MENU_HARIAN VALUES ('ps0201','Burning Cup','2014-07-07 00:19:02',2);
INSERT INTO PEMESANAN_MENU_HARIAN VALUES ('ps0168','Sweet Milk','2016-02-05 20:37:24',3);
INSERT INTO PEMESANAN_MENU_HARIAN VALUES ('ps0143','Shining Pie','2014-09-24 19:12:31',4);
INSERT INTO PEMESANAN_MENU_HARIAN VALUES ('ps0024','Shining Sandwich','2015-01-29 16:05:04',8);
INSERT INTO PEMESANAN_MENU_HARIAN VALUES ('ps0223','Sweet Syrup','2014-12-17 07:28:58',1);
INSERT INTO PEMESANAN_MENU_HARIAN VALUES ('ps0085','Sweet Milk','2016-02-06 11:07:55',3);
INSERT INTO PEMESANAN_MENU_HARIAN VALUES ('ps0141','Sweet Syrup','2014-03-27 18:35:48',4);
INSERT INTO PEMESANAN_MENU_HARIAN VALUES ('ps0222','Overpowered Coffee','2015-10-19 22:30:29',2);
INSERT INTO PEMESANAN_MENU_HARIAN VALUES ('ps0043','Spicy Noodle','2016-11-04 13:49:03',10);
INSERT INTO PEMESANAN_MENU_HARIAN VALUES ('ps0000','Nice Chicken','2015-04-12 10:40:04',9);
INSERT INTO PEMESANAN_MENU_HARIAN VALUES ('ps0142','Spicy Noodle','2015-08-06 15:07:33',5);
INSERT INTO PEMESANAN_MENU_HARIAN VALUES ('ps0213','Shining Noodle','2014-09-28 21:27:10',3);
INSERT INTO PEMESANAN_MENU_HARIAN VALUES ('ps0210','Fried Soda','2016-08-24 06:07:26',4);
INSERT INTO PEMESANAN_MENU_HARIAN VALUES ('ps0161','Nice Chicken','2015-04-12 10:40:04',9);
INSERT INTO PEMESANAN_MENU_HARIAN VALUES ('ps0063','Shining Meat','2015-12-18 03:40:52',3);
INSERT INTO PEMESANAN_MENU_HARIAN VALUES ('ps0192','Shining Noodle','2016-07-19 00:52:40',6);
INSERT INTO PEMESANAN_MENU_HARIAN VALUES ('ps0032','Fried Tea','2014-10-17 21:02:29',5);
INSERT INTO PEMESANAN_MENU_HARIAN VALUES ('ps0227','Nice Juice','2015-07-15 15:25:57',1);
INSERT INTO PEMESANAN_MENU_HARIAN VALUES ('ps0029','Salty Rice','2015-08-30 07:28:29',6);
INSERT INTO PEMESANAN_MENU_HARIAN VALUES ('ps0004','Fried Soda','2015-05-17 03:54:50',6);
INSERT INTO PEMESANAN_MENU_HARIAN VALUES ('ps0118','Spicy Noodle','2015-08-06 15:07:33',4);
INSERT INTO PEMESANAN_MENU_HARIAN VALUES ('ps0022','Burning Chicken','2015-06-06 17:26:45',10);
INSERT INTO PEMESANAN_MENU_HARIAN VALUES ('ps0216','Sweet Milk','2016-02-06 11:07:55',10);
INSERT INTO PEMESANAN_MENU_HARIAN VALUES ('ps0156','Special Juice','2015-08-19 02:04:18',5);
INSERT INTO PEMESANAN_MENU_HARIAN VALUES ('ps0084','Shining Rice','2016-03-27 18:55:49',4);
INSERT INTO PEMESANAN_MENU_HARIAN VALUES ('ps0119','Sweet Milk','2016-02-06 11:07:55',10);
INSERT INTO PEMESANAN_MENU_HARIAN VALUES ('ps0200','Shining Pie','2014-09-24 19:12:31',4);
INSERT INTO PEMESANAN_MENU_HARIAN VALUES ('ps0222','Salty Rice','2015-06-23 17:07:08',10);
INSERT INTO PEMESANAN_MENU_HARIAN VALUES ('ps0179','Fried Soda','2014-12-19 22:40:35',3);
INSERT INTO PEMESANAN_MENU_HARIAN VALUES ('ps0056','Sweet Liquor','2016-01-24 10:20:09',8);
INSERT INTO PEMESANAN_MENU_HARIAN VALUES ('ps0169','Shining Pie','2014-09-24 19:12:31',6);
INSERT INTO PEMESANAN_MENU_HARIAN VALUES ('ps0035','Grilled Tea','2015-03-08 19:12:58',7);
INSERT INTO PEMESANAN_MENU_HARIAN VALUES ('ps0090','Shining Meat','2016-08-18 23:41:43',6);
INSERT INTO PEMESANAN_MENU_HARIAN VALUES ('ps0105','Burning Rice','2016-07-17 06:12:39',5);
INSERT INTO PEMESANAN_MENU_HARIAN VALUES ('ps0131','Shining Sandwich','2015-01-29 16:05:04',1);
INSERT INTO PEMESANAN_MENU_HARIAN VALUES ('ps0227','Fried Milk','2015-06-28 21:19:55',8);
INSERT INTO PEMESANAN_MENU_HARIAN VALUES ('ps0051','Grilled Tea','2014-12-24 13:20:06',8);
INSERT INTO PEMESANAN_MENU_HARIAN VALUES ('ps0105','Hot Milk','2016-08-28 12:51:52',10);
INSERT INTO PEMESANAN_MENU_HARIAN VALUES ('ps0043','Grilled Soda','2014-09-26 09:58:34',6);
INSERT INTO PEMESANAN_MENU_HARIAN VALUES ('ps0060','Shining Noodle','2014-05-25 10:34:09',7);
INSERT INTO PEMESANAN_MENU_HARIAN VALUES ('ps0041','Sweet Syrup','2016-02-15 02:44:56',2);
INSERT INTO PEMESANAN_MENU_HARIAN VALUES ('ps0117','Nice Rice','2016-07-16 01:59:04',7);
INSERT INTO PEMESANAN_MENU_HARIAN VALUES ('ps0123','Good Liquor','2015-03-27 02:39:58',4);
INSERT INTO PEMESANAN_MENU_HARIAN VALUES ('ps0232','Spicy Syrup','2014-10-29 16:38:43',5);
INSERT INTO PEMESANAN_MENU_HARIAN VALUES ('ps0179','Sweet Syrup','2016-02-15 02:44:56',7);
INSERT INTO PEMESANAN_MENU_HARIAN VALUES ('ps0081','Burning Cup','2014-07-07 00:19:02',4);
INSERT INTO PEMESANAN_MENU_HARIAN VALUES ('ps0004','Special Liquor','2016-03-11 04:34:42',10);
INSERT INTO PEMESANAN_MENU_HARIAN VALUES ('ps0109','Nice Chicken','2015-04-12 10:40:04',8);
INSERT INTO PEMESANAN_MENU_HARIAN VALUES ('ps0052','Heavenly Pizza','2014-10-16 14:02:27',6);
INSERT INTO PEMESANAN_MENU_HARIAN VALUES ('ps0109','Fried Soda','2015-12-18 05:43:45',8);
INSERT INTO PEMESANAN_MENU_HARIAN VALUES ('ps0040','Grilled Soda','2016-11-22 20:16:10',7);
INSERT INTO PEMESANAN_MENU_HARIAN VALUES ('ps0130','Shining Noodle','2016-03-28 04:20:39',3);
INSERT INTO PEMESANAN_MENU_HARIAN VALUES ('ps0230','Shining Pie','2014-04-19 08:30:33',3);
INSERT INTO PEMESANAN_MENU_HARIAN VALUES ('ps0039','Salty Rice','2015-08-30 07:28:29',9);
INSERT INTO PEMESANAN_MENU_HARIAN VALUES ('ps0024','Fried Soda','2016-08-24 06:07:26',10);
INSERT INTO PEMESANAN_MENU_HARIAN VALUES ('ps0195','Hot Milk','2016-08-28 12:51:52',3);
INSERT INTO PEMESANAN_MENU_HARIAN VALUES ('ps0096','Spicy Tea','2014-07-06 18:08:14',10);
INSERT INTO PEMESANAN_MENU_HARIAN VALUES ('ps0107','Grilled Chicken','2014-07-25 02:24:35',2);
INSERT INTO PEMESANAN_MENU_HARIAN VALUES ('ps0130','Sweet Noodle','2014-02-26 13:02:06',1);
INSERT INTO PEMESANAN_MENU_HARIAN VALUES ('ps0043','Sweet Liquor','2015-10-31 22:04:49',3);
INSERT INTO PEMESANAN_MENU_HARIAN VALUES ('ps0119','Shining Noodle','2016-03-28 04:20:39',2);
INSERT INTO PEMESANAN_MENU_HARIAN VALUES ('ps0070','Shining Meat','2015-09-20 00:12:09',4);
INSERT INTO PEMESANAN_MENU_HARIAN VALUES ('ps0108','Shining Noodle','2016-07-19 00:52:40',8);
INSERT INTO PEMESANAN_MENU_HARIAN VALUES ('ps0165','Special Chicken','2014-06-20 04:17:46',7);
INSERT INTO PEMESANAN_MENU_HARIAN VALUES ('ps0187','Nice Rice','2016-08-29 10:53:58',9);
INSERT INTO PEMESANAN_MENU_HARIAN VALUES ('ps0177','Burning Cup','2016-09-25 17:21:32',8);
INSERT INTO PEMESANAN_MENU_HARIAN VALUES ('ps0115','Grilled Tea','2015-03-08 19:12:58',7);
INSERT INTO PEMESANAN_MENU_HARIAN VALUES ('ps0033','Grilled Chicken','2016-04-06 08:02:58',8);
INSERT INTO PEMESANAN_MENU_HARIAN VALUES ('ps0235','Burning Rice','2016-07-17 06:12:39',3);
INSERT INTO PEMESANAN_MENU_HARIAN VALUES ('ps0238','Sweet Liquor','2015-10-31 22:04:49',3);
INSERT INTO PEMESANAN_MENU_HARIAN VALUES ('ps0115','Special Juice','2016-10-05 10:00:27',2);
INSERT INTO PEMESANAN_MENU_HARIAN VALUES ('ps0219','Salty Rice','2015-07-19 06:23:27',8);
INSERT INTO PEMESANAN_MENU_HARIAN VALUES ('ps0046','Salty Rice','2015-08-31 15:46:04',1);
INSERT INTO PEMESANAN_MENU_HARIAN VALUES ('ps0089','Shining Sandwich','2014-08-19 21:55:16',2);
INSERT INTO PEMESANAN_MENU_HARIAN VALUES ('ps0157','Shining Rice','2016-03-27 18:55:49',9);
INSERT INTO PEMESANAN_MENU_HARIAN VALUES ('ps0126','Paradise Pizza','2015-12-16 23:57:30',6);
INSERT INTO PEMESANAN_MENU_HARIAN VALUES ('ps0191','Burning Chicken','2016-09-19 11:42:49',4);
INSERT INTO PEMESANAN_MENU_HARIAN VALUES ('ps0045','Shining Meat','2014-09-11 07:09:28',7);
INSERT INTO PEMESANAN_MENU_HARIAN VALUES ('ps0070','Overpowered Coffee','2015-10-19 22:30:29',10);
INSERT INTO PEMESANAN_MENU_HARIAN VALUES ('ps0090','Nice Juice','2015-07-15 15:25:57',8);
INSERT INTO PEMESANAN_MENU_HARIAN VALUES ('ps0197','Grilled Tea','2015-03-08 19:12:58',6);
INSERT INTO PEMESANAN_MENU_HARIAN VALUES ('ps0142','Burning Cup','2016-02-10 21:02:10',10);
INSERT INTO PEMESANAN_MENU_HARIAN VALUES ('ps0037','Grilled Tea','2016-01-18 03:15:34',1);
INSERT INTO PEMESANAN_MENU_HARIAN VALUES ('ps0218','Sweet Noodle','2015-11-25 13:29:49',5);
INSERT INTO PEMESANAN_MENU_HARIAN VALUES ('ps0172','Shining Noodle','2014-09-28 21:27:10',1);
INSERT INTO PEMESANAN_MENU_HARIAN VALUES ('ps0125','Salty Rice','2015-08-31 15:46:04',2);
INSERT INTO PEMESANAN_MENU_HARIAN VALUES ('ps0062','Salty Milk','2016-03-28 12:09:04',7);
INSERT INTO PEMESANAN_MENU_HARIAN VALUES ('ps0075','Hot Milk','2016-08-28 12:51:52',3);
INSERT INTO PEMESANAN_MENU_HARIAN VALUES ('ps0040','Special Noodle','2014-08-19 16:30:54',8);
INSERT INTO PEMESANAN_MENU_HARIAN VALUES ('ps0135','Grilled Soda','2015-11-12 18:13:27',7);
INSERT INTO PEMESANAN_MENU_HARIAN VALUES ('ps0158','Sweet Noodle','2015-11-25 13:29:49',9);
INSERT INTO PEMESANAN_MENU_HARIAN VALUES ('ps0173','Nice Chicken','2016-04-16 16:17:55',6);
INSERT INTO PEMESANAN_MENU_HARIAN VALUES ('ps0082','Salty Rice','2015-08-31 15:46:04',4);
INSERT INTO PEMESANAN_MENU_HARIAN VALUES ('ps0060','Special Noodle','2014-08-19 16:30:54',1);
INSERT INTO PEMESANAN_MENU_HARIAN VALUES ('ps0143','Shining Coffee','2015-07-18 03:55:02',2);
INSERT INTO PEMESANAN_MENU_HARIAN VALUES ('ps0054','Heavenly Pizza','2014-10-16 14:02:27',8);
INSERT INTO PEMESANAN_MENU_HARIAN VALUES ('ps0195','Fried Soda','2014-06-12 09:30:44',7);
INSERT INTO PEMESANAN_MENU_HARIAN VALUES ('ps0224','Sweet Noodle','2015-03-09 09:22:15',7);
INSERT INTO PEMESANAN_MENU_HARIAN VALUES ('ps0216','Shining Meat','2015-12-18 03:40:52',5);
INSERT INTO PEMESANAN_MENU_HARIAN VALUES ('ps0093','Shining Meat','2014-09-11 07:09:28',3);
INSERT INTO PEMESANAN_MENU_HARIAN VALUES ('ps0157','Paradise Pie','2016-06-25 08:10:32',1);
INSERT INTO PEMESANAN_MENU_HARIAN VALUES ('ps0242','Spicy Syrup','2016-05-09 13:46:59',9);
INSERT INTO PEMESANAN_MENU_HARIAN VALUES ('ps0026','Shining Cup','2015-10-06 22:18:33',5);
INSERT INTO PEMESANAN_MENU_HARIAN VALUES ('ps0053','Special Juice','2015-08-24 16:39:20',5);
INSERT INTO PEMESANAN_MENU_HARIAN VALUES ('ps0043','Sweet Coffee','2014-12-17 18:51:37',10);
INSERT INTO PEMESANAN_MENU_HARIAN VALUES ('ps0213','Salty Coffee','2014-02-25 23:35:15',3);
INSERT INTO PEMESANAN_MENU_HARIAN VALUES ('ps0106','Special Chicken','2014-06-20 04:17:46',6);
INSERT INTO PEMESANAN_MENU_HARIAN VALUES ('ps0059','Shining Pie','2016-01-19 04:56:49',1);
INSERT INTO PEMESANAN_MENU_HARIAN VALUES ('ps0180','Grilled Burger','2015-03-23 16:19:33',1);
INSERT INTO PEMESANAN_MENU_HARIAN VALUES ('ps0167','Burning Cup','2016-02-10 21:02:10',3);
INSERT INTO PEMESANAN_MENU_HARIAN VALUES ('ps0094','Grilled Tea','2015-07-18 20:49:54',9);
INSERT INTO PEMESANAN_MENU_HARIAN VALUES ('ps0090','Spicy Tea','2015-08-28 15:32:03',1);
INSERT INTO PEMESANAN_MENU_HARIAN VALUES ('ps0093','Shining Noodle','2016-07-19 00:52:40',4);
INSERT INTO PEMESANAN_MENU_HARIAN VALUES ('ps0082','Paradise Pie','2015-03-19 01:28:08',6);
INSERT INTO PEMESANAN_MENU_HARIAN VALUES ('ps0226','Grilled Tea','2014-04-13 10:14:53',2);
INSERT INTO PEMESANAN_MENU_HARIAN VALUES ('ps0085','Paradise Pie','2016-07-16 11:57:42',10);
INSERT INTO PEMESANAN_MENU_HARIAN VALUES ('ps0036','Burning Cup','2016-09-25 17:21:32',5);
INSERT INTO PEMESANAN_MENU_HARIAN VALUES ('ps0217','Good Liquor','2016-10-28 23:49:41',5);
INSERT INTO PEMESANAN_MENU_HARIAN VALUES ('ps0112','Paradise Pie','2016-07-16 11:57:42',2);
INSERT INTO PEMESANAN_MENU_HARIAN VALUES ('ps0190','Salty Rice','2015-07-29 12:28:21',5);
INSERT INTO PEMESANAN_MENU_HARIAN VALUES ('ps0085','Nice Rice','2016-07-16 01:59:04',8);
INSERT INTO PEMESANAN_MENU_HARIAN VALUES ('ps0070','Salty Rice','2016-03-16 21:59:03',5);
INSERT INTO PEMESANAN_MENU_HARIAN VALUES ('ps0093','Paradise Pizza','2015-12-16 23:57:30',7);
INSERT INTO PEMESANAN_MENU_HARIAN VALUES ('ps0171','Shining Noodle','2016-07-19 00:52:40',9);
INSERT INTO PEMESANAN_MENU_HARIAN VALUES ('ps0097','Nice Rice','2016-07-16 01:59:04',4);
INSERT INTO PEMESANAN_MENU_HARIAN VALUES ('ps0106','Salty Rice','2015-07-19 06:23:27',1);
INSERT INTO PEMESANAN_MENU_HARIAN VALUES ('ps0106','Special Juice','2016-10-05 10:00:27',3);
INSERT INTO PEMESANAN_MENU_HARIAN VALUES ('ps0221','Grilled Burger','2016-05-03 10:45:51',2);
INSERT INTO PEMESANAN_MENU_HARIAN VALUES ('ps0226','Spicy Noodle','2015-07-06 23:22:42',10);
INSERT INTO PEMESANAN_MENU_HARIAN VALUES ('ps0127','Spicy Syrup','2016-05-09 13:46:59',7);
INSERT INTO PEMESANAN_MENU_HARIAN VALUES ('ps0222','Sweet Liquor','2014-08-23 18:04:35',1);
INSERT INTO PEMESANAN_MENU_HARIAN VALUES ('ps0184','Good Liquor','2016-07-21 06:10:51',5);
INSERT INTO PEMESANAN_MENU_HARIAN VALUES ('ps0191','Burning Cup','2016-02-10 21:02:10',5);
INSERT INTO PEMESANAN_MENU_HARIAN VALUES ('ps0054','Shining Coffee','2015-07-18 03:55:02',4);
INSERT INTO PEMESANAN_MENU_HARIAN VALUES ('ps0062','Burning Liquor','2015-08-05 18:16:09',7);
INSERT INTO PEMESANAN_MENU_HARIAN VALUES ('ps0061','Special Chicken','2014-06-20 04:17:46',1);
INSERT INTO PEMESANAN_MENU_HARIAN VALUES ('ps0036','Salty Rice','2015-08-31 15:46:04',7);
INSERT INTO PEMESANAN_MENU_HARIAN VALUES ('ps0218','Salty Coffee','2014-02-25 23:35:15',4);
INSERT INTO PEMESANAN_MENU_HARIAN VALUES ('ps0025','Grilled Tea','2015-07-18 20:49:54',4);
INSERT INTO PEMESANAN_MENU_HARIAN VALUES ('ps0020','Spicy Noodle','2015-08-06 15:07:33',3);
INSERT INTO PEMESANAN_MENU_HARIAN VALUES ('ps0140','Special Noodle','2014-08-19 16:30:54',7);
INSERT INTO PEMESANAN_MENU_HARIAN VALUES ('ps0013','Shining Pie','2014-04-21 05:07:20',7);
INSERT INTO PEMESANAN_MENU_HARIAN VALUES ('ps0212','Spicy Syrup','2016-02-09 16:13:25',1);
INSERT INTO PEMESANAN_MENU_HARIAN VALUES ('ps0216','Burning Rice','2015-01-05 10:53:14',4);
INSERT INTO PEMESANAN_MENU_HARIAN VALUES ('ps0109','Shining Noodle','2016-03-28 04:20:39',8);
INSERT INTO PEMESANAN_MENU_HARIAN VALUES ('ps0106','Spicy Syrup','2016-08-16 23:11:03',4);
INSERT INTO PEMESANAN_MENU_HARIAN VALUES ('ps0043','Spicy Syrup','2014-10-29 16:38:43',7);
INSERT INTO PEMESANAN_MENU_HARIAN VALUES ('ps0095','Fried Soda','2016-08-10 05:22:50',6);
INSERT INTO PEMESANAN_MENU_HARIAN VALUES ('ps0087','Sweet Noodle','2015-11-25 13:29:49',4);
INSERT INTO PEMESANAN_MENU_HARIAN VALUES ('ps0189','Sweet Sandwich','2014-07-17 20:09:58',2);
INSERT INTO PEMESANAN_MENU_HARIAN VALUES ('ps0214','Fried Soda','2014-12-05 08:00:39',8);
INSERT INTO PEMESANAN_MENU_HARIAN VALUES ('ps0105','Shining Sandwich','2014-11-26 22:13:09',6);
INSERT INTO PEMESANAN_MENU_HARIAN VALUES ('ps0219','Sweet Sandwich','2015-05-17 05:39:24',6);
INSERT INTO PEMESANAN_MENU_HARIAN VALUES ('ps0018','Paradise Pie','2015-03-19 01:28:08',9);
INSERT INTO PEMESANAN_MENU_HARIAN VALUES ('ps0183','Shining Pie','2016-01-19 04:56:49',5);
INSERT INTO PEMESANAN_MENU_HARIAN VALUES ('ps0076','Nice Chicken','2015-04-12 10:40:04',6);
INSERT INTO PEMESANAN_MENU_HARIAN VALUES ('ps0149','Spicy Noodle','2015-08-06 15:07:33',6);
INSERT INTO PEMESANAN_MENU_HARIAN VALUES ('ps0199','Grilled Tea','2014-12-24 13:20:06',9);
INSERT INTO PEMESANAN_MENU_HARIAN VALUES ('ps0080','Salty Rice','2015-08-30 07:28:29',9);
INSERT INTO PEMESANAN_MENU_HARIAN VALUES ('ps0248','Burning Rice','2015-01-05 10:53:14',5);
INSERT INTO PEMESANAN_MENU_HARIAN VALUES ('ps0155','Spicy Tea','2015-08-28 15:32:03',6);
INSERT INTO PEMESANAN_MENU_HARIAN VALUES ('ps0045','Sweet Coffee','2014-12-17 18:51:37',7);
INSERT INTO PEMESANAN_MENU_HARIAN VALUES ('ps0003','Shining Meat','2015-09-20 00:12:09',10);
INSERT INTO PEMESANAN_MENU_HARIAN VALUES ('ps0041','Salty Rice','2014-01-26 19:13:36',4);
INSERT INTO PEMESANAN_MENU_HARIAN VALUES ('ps0079','Special Chicken','2014-06-20 04:17:46',3);
INSERT INTO PEMESANAN_MENU_HARIAN VALUES ('ps0115','Special Liquor','2014-06-28 13:13:47',5);
INSERT INTO PEMESANAN_MENU_HARIAN VALUES ('ps0056','Salty Rice','2015-06-23 17:07:08',2);
INSERT INTO PEMESANAN_MENU_HARIAN VALUES ('ps0099','Grilled Soda','2016-11-22 20:16:10',9);
INSERT INTO PEMESANAN_MENU_HARIAN VALUES ('ps0096','Burning Rice','2015-01-05 10:53:14',10);
INSERT INTO PEMESANAN_MENU_HARIAN VALUES ('ps0016','Heavenly Pizza','2014-05-31 15:34:14',1);
INSERT INTO PEMESANAN_MENU_HARIAN VALUES ('ps0093','Sweet Milk','2016-02-05 20:37:24',8);
INSERT INTO PEMESANAN_MENU_HARIAN VALUES ('ps0233','Grilled Soda','2014-09-26 09:58:34',10);
INSERT INTO PEMESANAN_MENU_HARIAN VALUES ('ps0128','Special Juice','2015-08-24 16:39:20',3);
INSERT INTO PEMESANAN_MENU_HARIAN VALUES ('ps0165','Spicy Syrup','2016-08-16 23:11:03',3);
INSERT INTO PEMESANAN_MENU_HARIAN VALUES ('ps0135','Burning Rice','2016-07-17 06:12:39',7);
INSERT INTO PEMESANAN_MENU_HARIAN VALUES ('ps0078','Burning Liquor','2015-11-07 05:39:57',7);
INSERT INTO PEMESANAN_MENU_HARIAN VALUES ('ps0096','Sweet Coffee','2014-09-20 01:33:30',10);
INSERT INTO PEMESANAN_MENU_HARIAN VALUES ('ps0106','Shining Coffee','2014-01-22 14:59:56',7);
INSERT INTO PEMESANAN_MENU_HARIAN VALUES ('ps0177','Spicy Noodle','2015-08-06 15:07:33',3);
INSERT INTO PEMESANAN_MENU_HARIAN VALUES ('ps0071','Shining Meat','2015-09-20 00:12:09',7);
INSERT INTO PEMESANAN_MENU_HARIAN VALUES ('ps0190','Salty Coffee','2014-02-25 23:35:15',5);
INSERT INTO PEMESANAN_MENU_HARIAN VALUES ('ps0201','Good Liquor','2016-07-21 06:10:51',1);
INSERT INTO PEMESANAN_MENU_HARIAN VALUES ('ps0173','Grilled Burger','2016-10-24 00:46:55',4);
INSERT INTO PEMESANAN_MENU_HARIAN VALUES ('ps0188','Salty Rice','2015-07-29 12:28:21',1);
INSERT INTO PEMESANAN_MENU_HARIAN VALUES ('ps0174','Good Liquor','2016-10-28 23:49:41',10);
INSERT INTO PEMESANAN_MENU_HARIAN VALUES ('ps0163','Fried Tea','2014-10-17 21:02:29',1);
INSERT INTO PEMESANAN_MENU_HARIAN VALUES ('ps0014','Paradise Pie','2015-03-19 01:28:08',3);
INSERT INTO PEMESANAN_MENU_HARIAN VALUES ('ps0171','Overpowered Coffee','2014-11-16 00:14:47',4);
INSERT INTO PEMESANAN_MENU_HARIAN VALUES ('ps0055','Fried Soda','2015-09-14 09:18:43',3);
INSERT INTO PEMESANAN_MENU_HARIAN VALUES ('ps0013','Fried Milk','2014-06-06 00:41:57',9);
INSERT INTO PEMESANAN_MENU_HARIAN VALUES ('ps0212','Special Juice','2015-08-24 16:39:20',2);
INSERT INTO PEMESANAN_MENU_HARIAN VALUES ('ps0036','Paradise Pie','2014-03-24 07:32:14',10);
INSERT INTO PEMESANAN_MENU_HARIAN VALUES ('ps0080','Overpowered Coffee','2015-10-19 22:30:29',6);
INSERT INTO PEMESANAN_MENU_HARIAN VALUES ('ps0076','Grilled Burger','2016-05-03 10:45:51',3);
INSERT INTO PEMESANAN_MENU_HARIAN VALUES ('ps0096','Sweet Noodle','2016-04-29 07:12:07',10);
INSERT INTO PEMESANAN_MENU_HARIAN VALUES ('ps0106','Shining Pie','2014-09-24 19:12:31',2);
INSERT INTO PEMESANAN_MENU_HARIAN VALUES ('ps0120','Fried Soda','2014-12-19 22:40:35',6);
INSERT INTO PEMESANAN_MENU_HARIAN VALUES ('ps0152','Sweet Syrup','2014-04-18 02:04:29',10);
INSERT INTO PEMESANAN_MENU_HARIAN VALUES ('ps0072','Special Chicken','2016-10-08 11:22:59',7);
INSERT INTO PEMESANAN_MENU_HARIAN VALUES ('ps0137','Good Juice','2015-04-13 00:24:22',10);
INSERT INTO PEMESANAN_MENU_HARIAN VALUES ('ps0022','Nice Chicken','2015-04-12 10:40:04',9);
INSERT INTO PEMESANAN_MENU_HARIAN VALUES ('ps0242','Fried Soda','2015-09-14 09:18:43',6);
INSERT INTO PEMESANAN_MENU_HARIAN VALUES ('ps0091','Nice Chicken','2015-04-12 10:40:04',5);
INSERT INTO PEMESANAN_MENU_HARIAN VALUES ('ps0041','Heavenly Pizza','2014-10-16 14:02:27',10);
INSERT INTO PEMESANAN_MENU_HARIAN VALUES ('ps0212','Salty Rice','2015-08-30 07:28:29',4);
INSERT INTO PEMESANAN_MENU_HARIAN VALUES ('ps0071','Fried Soda','2015-09-14 09:18:43',4);
INSERT INTO PEMESANAN_MENU_HARIAN VALUES ('ps0204','Burning Rice','2016-07-17 06:12:39',6);
INSERT INTO PEMESANAN_MENU_HARIAN VALUES ('ps0125','Sweet Noodle','2016-04-29 07:12:07',2);
INSERT INTO PEMESANAN_MENU_HARIAN VALUES ('ps0166','Burning Chicken','2015-06-06 17:26:45',6);
INSERT INTO PEMESANAN_MENU_HARIAN VALUES ('ps0211','Sweet Sandwich','2015-05-17 05:39:24',10);
INSERT INTO PEMESANAN_MENU_HARIAN VALUES ('ps0053','Heavenly Pizza','2015-11-18 22:21:12',6);
INSERT INTO PEMESANAN_MENU_HARIAN VALUES ('ps0223','Special Chicken','2016-09-24 15:20:17',10);
INSERT INTO PEMESANAN_MENU_HARIAN VALUES ('ps0057','Shining Coffee','2015-07-18 03:55:02',10);
INSERT INTO PEMESANAN_MENU_HARIAN VALUES ('ps0024','Grilled Burger','2016-05-03 10:45:51',6);
INSERT INTO PEMESANAN_MENU_HARIAN VALUES ('ps0164','Shining Cup','2015-10-06 22:18:33',3);
INSERT INTO PEMESANAN_MENU_HARIAN VALUES ('ps0108','Sweet Sandwich','2014-07-17 20:09:58',7);
INSERT INTO PEMESANAN_MENU_HARIAN VALUES ('ps0069','Salty Syrup','2016-08-28 20:29:34',2);
INSERT INTO PEMESANAN_MENU_HARIAN VALUES ('ps0172','Sweet Noodle','2014-02-26 13:02:06',2);
INSERT INTO PEMESANAN_MENU_HARIAN VALUES ('ps0184','Nice Chicken','2015-04-12 10:40:04',9);
INSERT INTO PEMESANAN_MENU_HARIAN VALUES ('ps0248','Sweet Syrup','2016-02-15 02:44:56',4);
INSERT INTO PEMESANAN_MENU_HARIAN VALUES ('ps0032','Spicy Syrup','2014-10-29 16:38:43',5);
INSERT INTO PEMESANAN_MENU_HARIAN VALUES ('ps0098','Salty Rice','2014-01-26 19:13:36',9);
INSERT INTO PEMESANAN_MENU_HARIAN VALUES ('ps0219','Spicy Tea','2014-07-06 18:08:14',7);
INSERT INTO PEMESANAN_MENU_HARIAN VALUES ('ps0106','Spicy Syrup','2014-10-29 16:38:43',2);
INSERT INTO PEMESANAN_MENU_HARIAN VALUES ('ps0127','Nice Juice','2015-07-15 15:25:57',5);
INSERT INTO PEMESANAN_MENU_HARIAN VALUES ('ps0045','Good Liquor','2016-10-28 23:49:41',9);
INSERT INTO PEMESANAN_MENU_HARIAN VALUES ('ps0227','Good Liquor','2016-05-11 02:12:30',8);
INSERT INTO PEMESANAN_MENU_HARIAN VALUES ('ps0153','Overpowered Coffee','2014-11-16 00:14:47',5);
INSERT INTO PEMESANAN_MENU_HARIAN VALUES ('ps0068','Spicy Syrup','2015-04-13 17:25:23',7);
INSERT INTO PEMESANAN_MENU_HARIAN VALUES ('ps0103','Spicy Syrup','2016-08-16 23:11:03',1);
INSERT INTO PEMESANAN_MENU_HARIAN VALUES ('ps0056','Burning Rice','2015-11-21 08:05:36',1);
INSERT INTO PEMESANAN_MENU_HARIAN VALUES ('ps0063','Shining Cup','2015-10-06 22:18:33',1);
INSERT INTO PEMESANAN_MENU_HARIAN VALUES ('ps0087','Heavenly Pizza','2014-05-31 15:34:14',4);
INSERT INTO PEMESANAN_MENU_HARIAN VALUES ('ps0094','Special Chicken','2016-10-08 11:22:59',6);
INSERT INTO PEMESANAN_MENU_HARIAN VALUES ('ps0035','Fried Soda','2014-06-12 09:30:44',4);
INSERT INTO PEMESANAN_MENU_HARIAN VALUES ('ps0145','Sweet Milk','2016-02-06 11:07:55',4);
INSERT INTO PEMESANAN_MENU_HARIAN VALUES ('ps0128','Shining Noodle','2014-09-28 21:27:10',3);
INSERT INTO PEMESANAN_MENU_HARIAN VALUES ('ps0174','Shining Rice','2016-03-27 18:55:49',10);
INSERT INTO PEMESANAN_MENU_HARIAN VALUES ('ps0075','Grilled Soda','2016-11-22 20:16:10',7);
INSERT INTO PEMESANAN_MENU_HARIAN VALUES ('ps0090','Shining Noodle','2016-07-19 00:52:40',7);
INSERT INTO PEMESANAN_MENU_HARIAN VALUES ('ps0148','Burning Cup','2014-07-07 00:19:02',9);
INSERT INTO PEMESANAN_MENU_HARIAN VALUES ('ps0241','Heavenly Pizza','2015-11-18 22:21:12',8);
INSERT INTO PEMESANAN_MENU_HARIAN VALUES ('ps0088','Grilled Soda','2016-12-27 00:10:09',5);
INSERT INTO PEMESANAN_MENU_HARIAN VALUES ('ps0195','Grilled Soda','2016-12-27 00:10:09',1);
INSERT INTO PEMESANAN_MENU_HARIAN VALUES ('ps0054','Overpowered Coffee','2015-10-19 22:30:29',6);
INSERT INTO PEMESANAN_MENU_HARIAN VALUES ('ps0173','Hot Milk','2016-08-28 12:51:52',7);
INSERT INTO PEMESANAN_MENU_HARIAN VALUES ('ps0015','Grilled Burger','2014-12-14 14:07:26',3);
INSERT INTO PEMESANAN_MENU_HARIAN VALUES ('ps0205','Spicy Syrup','2016-05-09 13:46:59',3);
INSERT INTO PEMESANAN_MENU_HARIAN VALUES ('ps0121','Shining Noodle','2014-05-25 10:34:09',3);
INSERT INTO PEMESANAN_MENU_HARIAN VALUES ('ps0204','Fried Soda','2015-08-20 20:12:58',8);
INSERT INTO PEMESANAN_MENU_HARIAN VALUES ('ps0075','Grilled Tea','2015-03-08 19:12:58',1);
INSERT INTO PEMESANAN_MENU_HARIAN VALUES ('ps0243','Good Juice','2015-04-13 00:24:22',4);
INSERT INTO PEMESANAN_MENU_HARIAN VALUES ('ps0145','Good Juice','2015-04-13 00:24:22',4);
INSERT INTO PEMESANAN_MENU_HARIAN VALUES ('ps0190','Sweet Liquor','2016-01-24 10:20:09',6);
INSERT INTO PEMESANAN_MENU_HARIAN VALUES ('ps0044','Shining Rice','2016-03-27 18:55:49',9);
INSERT INTO PEMESANAN_MENU_HARIAN VALUES ('ps0181','Fried Milk','2014-06-06 00:41:57',7);
INSERT INTO PEMESANAN_MENU_HARIAN VALUES ('ps0088','Sweet Syrup','2014-04-18 02:04:29',2);
INSERT INTO PEMESANAN_MENU_HARIAN VALUES ('ps0235','Nice Juice','2015-07-15 15:25:57',3);
INSERT INTO PEMESANAN_MENU_HARIAN VALUES ('ps0242','Sweet Liquor','2014-08-23 18:04:35',1);
INSERT INTO PEMESANAN_MENU_HARIAN VALUES ('ps0157','Sweet Milk','2016-02-05 20:37:24',10);
INSERT INTO PEMESANAN_MENU_HARIAN VALUES ('ps0204','Spicy Syrup','2016-11-29 13:17:39',7);
INSERT INTO PEMESANAN_MENU_HARIAN VALUES ('ps0191','Special Juice','2015-08-24 16:39:20',3);
INSERT INTO PEMESANAN_MENU_HARIAN VALUES ('ps0086','Grilled Tea','2015-07-18 20:49:54',3);
INSERT INTO PEMESANAN_MENU_HARIAN VALUES ('ps0071','Sweet Milk','2016-02-06 11:07:55',1);
INSERT INTO PEMESANAN_MENU_HARIAN VALUES ('ps0185','Burning Rice','2015-11-21 08:05:36',4);
INSERT INTO PEMESANAN_MENU_HARIAN VALUES ('ps0223','Spicy Syrup','2015-04-13 17:25:23',5);
INSERT INTO PEMESANAN_MENU_HARIAN VALUES ('ps0145','Salty Rice','2016-10-10 21:39:41',3);
INSERT INTO PEMESANAN_MENU_HARIAN VALUES ('ps0150','Sweet Liquor','2014-08-23 18:04:35',4);
INSERT INTO PEMESANAN_MENU_HARIAN VALUES ('ps0008','Spicy Noodle','2015-08-06 15:07:33',2);
INSERT INTO PEMESANAN_MENU_HARIAN VALUES ('ps0145','Grilled Soda','2014-09-26 09:58:34',3);
INSERT INTO PEMESANAN_MENU_HARIAN VALUES ('ps0199','Burning Chicken','2015-06-06 17:26:45',7);
INSERT INTO PEMESANAN_MENU_HARIAN VALUES ('ps0025','Grilled Soda','2016-12-27 00:10:09',2);
INSERT INTO PEMESANAN_MENU_HARIAN VALUES ('ps0241','Salty Rice','2016-03-16 21:59:03',9);
INSERT INTO PEMESANAN_MENU_HARIAN VALUES ('ps0184','Fried Soda','2015-09-14 09:18:43',1);
INSERT INTO PEMESANAN_MENU_HARIAN VALUES ('ps0118','Nice Chicken','2016-04-16 16:17:55',2);
INSERT INTO PEMESANAN_MENU_HARIAN VALUES ('ps0072','Burning Chicken','2016-09-19 11:42:49',3);
INSERT INTO PEMESANAN_MENU_HARIAN VALUES ('ps0227','Burning Chicken','2016-09-19 11:42:49',10);
INSERT INTO PEMESANAN_MENU_HARIAN VALUES ('ps0128','Nice Rice','2016-07-16 01:59:04',2);
INSERT INTO PEMESANAN_MENU_HARIAN VALUES ('ps0123','Sweet Noodle','2015-11-25 13:29:49',9);
INSERT INTO PEMESANAN_MENU_HARIAN VALUES ('ps0245','Heavenly Pizza','2014-05-31 15:34:14',3);
INSERT INTO PEMESANAN_MENU_HARIAN VALUES ('ps0166','Special Liquor','2014-06-28 13:13:47',6);
INSERT INTO PEMESANAN_MENU_HARIAN VALUES ('ps0134','Sweet Coffee','2014-12-17 18:51:37',2);
INSERT INTO PEMESANAN_MENU_HARIAN VALUES ('ps0168','Salty Milk','2016-03-28 12:09:04',10);
INSERT INTO PEMESANAN_MENU_HARIAN VALUES ('ps0024','Sweet Milk','2016-02-05 20:37:24',8);
INSERT INTO PEMESANAN_MENU_HARIAN VALUES ('ps0063','Fried Soda','2015-09-14 09:18:43',10);
INSERT INTO PEMESANAN_MENU_HARIAN VALUES ('ps0118','Good Liquor','2016-05-11 02:12:30',8);
INSERT INTO PEMESANAN_MENU_HARIAN VALUES ('ps0139','Sweet Syrup','2016-04-07 11:00:33',5);
INSERT INTO PEMESANAN_MENU_HARIAN VALUES ('ps0180','Special Chicken','2014-06-20 04:17:46',6);
INSERT INTO PEMESANAN_MENU_HARIAN VALUES ('ps0094','Shining Noodle','2014-05-25 10:34:09',4);
INSERT INTO PEMESANAN_MENU_HARIAN VALUES ('ps0082','Burning Chicken','2016-03-31 18:26:04',7);
INSERT INTO PEMESANAN_MENU_HARIAN VALUES ('ps0230','Grilled Chicken','2014-07-25 02:24:35',9);
INSERT INTO PEMESANAN_MENU_HARIAN VALUES ('ps0116','Sweet Syrup','2016-02-15 02:44:56',3);
INSERT INTO PEMESANAN_MENU_HARIAN VALUES ('ps0133','Fried Milk','2015-10-10 22:39:52',6);
INSERT INTO PEMESANAN_MENU_HARIAN VALUES ('ps0154','Salty Rice','2015-08-30 07:28:29',10);
INSERT INTO PEMESANAN_MENU_HARIAN VALUES ('ps0008','Burning Liquor','2015-11-07 05:39:57',9);
INSERT INTO PEMESANAN_MENU_HARIAN VALUES ('ps0075','Fried Tea','2014-10-17 21:02:29',4);
INSERT INTO PEMESANAN_MENU_HARIAN VALUES ('ps0048','Spicy Tea','2014-07-06 18:08:14',10);
INSERT INTO PEMESANAN_MENU_HARIAN VALUES ('ps0196','Shining Coffee','2014-01-22 14:59:56',1);
INSERT INTO PEMESANAN_MENU_HARIAN VALUES ('ps0226','Hot Milk','2016-08-28 12:51:52',1);
INSERT INTO PEMESANAN_MENU_HARIAN VALUES ('ps0131','Salty Rice','2015-06-23 17:07:08',2);
INSERT INTO PEMESANAN_MENU_HARIAN VALUES ('ps0169','Paradise Pie','2015-03-19 01:28:08',8);
INSERT INTO PEMESANAN_MENU_HARIAN VALUES ('ps0086','Fried Soda','2014-12-19 22:40:35',10);
INSERT INTO PEMESANAN_MENU_HARIAN VALUES ('ps0212','Shining Sandwich','2016-05-05 01:20:03',8);
INSERT INTO PEMESANAN_MENU_HARIAN VALUES ('ps0068','Shining Pie','2014-09-24 19:12:31',6);
INSERT INTO PEMESANAN_MENU_HARIAN VALUES ('ps0094','Good Liquor','2016-05-11 02:12:30',4);
INSERT INTO PEMESANAN_MENU_HARIAN VALUES ('ps0175','Good Juice','2015-04-13 00:24:22',7);
INSERT INTO PEMESANAN_MENU_HARIAN VALUES ('ps0128','Shining Sandwich','2016-07-15 16:20:46',7);
INSERT INTO PEMESANAN_MENU_HARIAN VALUES ('ps0033','Paradise Pie','2014-03-24 07:32:14',10);
INSERT INTO PEMESANAN_MENU_HARIAN VALUES ('ps0035','Special Liquor','2016-03-11 04:34:42',2);
INSERT INTO PEMESANAN_MENU_HARIAN VALUES ('ps0102','Hot Milk','2016-08-28 12:51:52',8);
INSERT INTO PEMESANAN_MENU_HARIAN VALUES ('ps0107','Salty Rice','2014-01-26 19:13:36',7);
INSERT INTO PEMESANAN_MENU_HARIAN VALUES ('ps0165','Spicy Syrup','2014-10-29 16:38:43',9);
INSERT INTO PEMESANAN_MENU_HARIAN VALUES ('ps0172','Sweet Coffee','2014-09-20 01:33:30',8);
INSERT INTO PEMESANAN_MENU_HARIAN VALUES ('ps0243','Shining Sandwich','2014-11-26 22:13:09',9);
INSERT INTO PEMESANAN_MENU_HARIAN VALUES ('ps0183','Grilled Tea','2015-07-18 20:49:54',10);
INSERT INTO PEMESANAN_MENU_HARIAN VALUES ('ps0071','Grilled Burger','2016-05-03 10:45:51',10);
INSERT INTO PEMESANAN_MENU_HARIAN VALUES ('ps0057','Salty Rice','2015-07-29 12:28:21',6);
INSERT INTO PEMESANAN_MENU_HARIAN VALUES ('ps0239','Grilled Soda','2016-11-22 20:16:10',8);
INSERT INTO PEMESANAN_MENU_HARIAN VALUES ('ps0202','Shining Coffee','2015-07-18 03:55:02',7);
INSERT INTO PEMESANAN_MENU_HARIAN VALUES ('ps0236','Sweet Liquor','2014-08-23 18:04:35',3);
INSERT INTO PEMESANAN_MENU_HARIAN VALUES ('ps0247','Nice Chicken','2016-04-16 16:17:55',7);
INSERT INTO PEMESANAN_MENU_HARIAN VALUES ('ps0141','Sweet Coffee','2014-11-20 06:56:23',7);
INSERT INTO PEMESANAN_MENU_HARIAN VALUES ('ps0017','Shining Coffee','2015-07-18 03:55:02',9);
INSERT INTO PEMESANAN_MENU_HARIAN VALUES ('ps0191','Sweet Milk','2015-05-06 09:28:04',10);
INSERT INTO PEMESANAN_MENU_HARIAN VALUES ('ps0018','Grilled Tea','2014-04-13 10:14:53',1);
INSERT INTO PEMESANAN_MENU_HARIAN VALUES ('ps0177','Salty Rice','2015-07-19 06:23:27',3);
INSERT INTO PEMESANAN_MENU_HARIAN VALUES ('ps0031','Grilled Soda','2015-11-12 18:13:27',5);
INSERT INTO PEMESANAN_MENU_HARIAN VALUES ('ps0066','Fried Milk','2015-06-28 21:19:55',3);
INSERT INTO PEMESANAN_MENU_HARIAN VALUES ('ps0165','Grilled Tea','2016-01-18 03:15:34',7);
INSERT INTO PEMESANAN_MENU_HARIAN VALUES ('ps0171','Special Juice','2015-08-19 02:04:18',7);
INSERT INTO PEMESANAN_MENU_HARIAN VALUES ('ps0121','Fried Milk','2014-06-06 00:41:57',9);
INSERT INTO PEMESANAN_MENU_HARIAN VALUES ('ps0197','Grilled Chicken','2015-02-25 01:37:05',1);
INSERT INTO PEMESANAN_MENU_HARIAN VALUES ('ps0038','Grilled Tea','2014-12-24 13:20:06',1);
INSERT INTO PEMESANAN_MENU_HARIAN VALUES ('ps0216','Sweet Sandwich','2014-07-17 20:09:58',4);
INSERT INTO PEMESANAN_MENU_HARIAN VALUES ('ps0011','Paradise Pie','2014-03-24 07:32:14',4);
INSERT INTO PEMESANAN_MENU_HARIAN VALUES ('ps0065','Fried Tea','2014-10-17 21:02:29',8);
INSERT INTO PEMESANAN_MENU_HARIAN VALUES ('ps0203','Shining Meat','2014-09-11 07:09:28',10);
INSERT INTO PEMESANAN_MENU_HARIAN VALUES ('ps0197','Sweet Milk','2015-05-06 09:28:04',10);
INSERT INTO PEMESANAN_MENU_HARIAN VALUES ('ps0048','Salty Coffee','2014-02-25 23:35:15',9);
INSERT INTO PEMESANAN_MENU_HARIAN VALUES ('ps0147','Spicy Tea','2015-08-28 15:32:03',4);
INSERT INTO PEMESANAN_MENU_HARIAN VALUES ('ps0065','Burning Rice','2015-11-21 08:05:36',7);
INSERT INTO PEMESANAN_MENU_HARIAN VALUES ('ps0118','Sweet Liquor','2014-08-23 18:04:35',4);
INSERT INTO PEMESANAN_MENU_HARIAN VALUES ('ps0229','Sweet Noodle','2016-04-29 07:12:07',3);
INSERT INTO PEMESANAN_MENU_HARIAN VALUES ('ps0014','Shining Pie','2014-04-19 08:30:33',1);
INSERT INTO PEMESANAN_MENU_HARIAN VALUES ('ps0104','Sweet Syrup','2016-12-07 10:10:05',2);
INSERT INTO PEMESANAN_MENU_HARIAN VALUES ('ps0097','Shining Meat','2015-09-20 00:12:09',9);
INSERT INTO PEMESANAN_MENU_HARIAN VALUES ('ps0178','Nice Juice','2015-07-15 15:25:57',7);
INSERT INTO PEMESANAN_MENU_HARIAN VALUES ('ps0149','Burning Liquor','2015-11-07 05:39:57',2);
INSERT INTO PEMESANAN_MENU_HARIAN VALUES ('ps0018','Sweet Syrup','2014-03-27 18:35:48',3);
INSERT INTO PEMESANAN_MENU_HARIAN VALUES ('ps0204','Good Liquor','2016-10-28 23:49:41',2);
INSERT INTO PEMESANAN_MENU_HARIAN VALUES ('ps0025','Special Juice','2016-10-05 10:00:27',10);
INSERT INTO PEMESANAN_MENU_HARIAN VALUES ('ps0234','Heavenly Pizza','2014-10-16 14:02:27',5);
INSERT INTO PEMESANAN_MENU_HARIAN VALUES ('ps0111','Sweet Noodle','2015-03-09 09:22:15',6);
INSERT INTO PEMESANAN_MENU_HARIAN VALUES ('ps0126','Burning Liquor','2015-08-05 18:16:09',3);
INSERT INTO PEMESANAN_MENU_HARIAN VALUES ('ps0173','Special Juice','2015-08-19 02:04:18',6);
INSERT INTO PEMESANAN_MENU_HARIAN VALUES ('ps0206','Shining Noodle','2014-05-25 10:34:09',10);
INSERT INTO PEMESANAN_MENU_HARIAN VALUES ('ps0098','Burning Liquor','2015-11-07 05:39:57',2);
INSERT INTO PEMESANAN_MENU_HARIAN VALUES ('ps0123','Grilled Burger','2016-10-24 00:46:55',5);
INSERT INTO PEMESANAN_MENU_HARIAN VALUES ('ps0059','Fried Soda','2014-06-12 09:30:44',8);
INSERT INTO PEMESANAN_MENU_HARIAN VALUES ('ps0024','Sweet Sandwich','2014-04-19 06:21:24',3);
INSERT INTO PEMESANAN_MENU_HARIAN VALUES ('ps0008','Shining Noodle','2014-05-25 10:34:09',9);
INSERT INTO PEMESANAN_MENU_HARIAN VALUES ('ps0146','Sweet Liquor','2016-01-24 10:20:09',7);
INSERT INTO PEMESANAN_MENU_HARIAN VALUES ('ps0056','Paradise Pie','2015-03-19 01:28:08',7);
INSERT INTO PEMESANAN_MENU_HARIAN VALUES ('ps0183','Special Noodle','2014-08-19 16:30:54',7);
INSERT INTO PEMESANAN_MENU_HARIAN VALUES ('ps0162','Shining Meat','2014-09-11 07:09:28',3);
INSERT INTO PEMESANAN_MENU_HARIAN VALUES ('ps0072','Grilled Tea','2015-07-18 20:49:54',7);
INSERT INTO PEMESANAN_MENU_HARIAN VALUES ('ps0074','Fried Soda','2015-08-20 20:12:58',7);
INSERT INTO PEMESANAN_MENU_HARIAN VALUES ('ps0232','Shining Pie','2014-04-21 05:07:20',10);
INSERT INTO PEMESANAN_MENU_HARIAN VALUES ('ps0233','Fried Soda','2016-08-10 05:22:50',8);
INSERT INTO PEMESANAN_MENU_HARIAN VALUES ('ps0159','Fried Soda','2016-08-24 06:07:26',9);
INSERT INTO PEMESANAN_MENU_HARIAN VALUES ('ps0235','Good Juice','2016-09-20 15:21:36',9);
INSERT INTO PEMESANAN_MENU_HARIAN VALUES ('ps0099','Salty Coffee','2015-03-04 19:31:29',4);
INSERT INTO PEMESANAN_MENU_HARIAN VALUES ('ps0071','Burning Chicken','2015-06-06 17:26:45',4);
INSERT INTO PEMESANAN_MENU_HARIAN VALUES ('ps0077','Heavenly Pizza','2014-05-31 15:34:14',1);
INSERT INTO PEMESANAN_MENU_HARIAN VALUES ('ps0195','Fried Soda','2014-12-05 08:00:39',6);
INSERT INTO PEMESANAN_MENU_HARIAN VALUES ('ps0065','Spicy Tea','2014-07-06 18:08:14',8);
INSERT INTO PEMESANAN_MENU_HARIAN VALUES ('ps0127','Burning Rice','2015-11-21 08:05:36',6);
INSERT INTO PEMESANAN_MENU_HARIAN VALUES ('ps0161','Special Chicken','2016-09-24 15:20:17',2);
INSERT INTO PEMESANAN_MENU_HARIAN VALUES ('ps0016','Overpowered Coffee','2014-11-16 00:14:47',5);
INSERT INTO PEMESANAN_MENU_HARIAN VALUES ('ps0173','Shining Pie','2016-01-19 04:56:49',10);
INSERT INTO PEMESANAN_MENU_HARIAN VALUES ('ps0011','Hot Milk','2014-10-09 23:08:09',5);
INSERT INTO PEMESANAN_MENU_HARIAN VALUES ('ps0124','Sweet Noodle','2016-04-29 07:12:07',3);
INSERT INTO PEMESANAN_MENU_HARIAN VALUES ('ps0040','Paradise Pie','2016-07-16 11:57:42',5);
INSERT INTO PEMESANAN_MENU_HARIAN VALUES ('ps0165','Grilled Burger','2014-12-14 14:07:26',10);
INSERT INTO PEMESANAN_MENU_HARIAN VALUES ('ps0066','Grilled Soda','2015-11-12 18:13:27',3);
INSERT INTO PEMESANAN_MENU_HARIAN VALUES ('ps0064','Shining Pie','2014-04-21 05:07:20',3);
INSERT INTO PEMESANAN_MENU_HARIAN VALUES ('ps0249','Shining Coffee','2014-01-22 14:59:56',10);
INSERT INTO PEMESANAN_MENU_HARIAN VALUES ('ps0220','Grilled Tea','2015-03-08 19:12:58',4);
INSERT INTO PEMESANAN_MENU_HARIAN VALUES ('ps0000','Sweet Noodle','2015-03-09 09:22:15',9);
INSERT INTO PEMESANAN_MENU_HARIAN VALUES ('ps0022','Sweet Syrup','2016-02-15 02:44:56',2);
INSERT INTO PEMESANAN_MENU_HARIAN VALUES ('ps0022','Grilled Chicken','2015-02-25 01:37:05',6);
INSERT INTO PEMESANAN_MENU_HARIAN VALUES ('ps0022','Salty Rice','2015-07-19 06:23:27',1);
INSERT INTO PEMESANAN_MENU_HARIAN VALUES ('ps0061','Shining Pie','2014-04-21 05:07:20',5);
INSERT INTO PEMESANAN_MENU_HARIAN VALUES ('ps0243','Grilled Chicken','2014-07-25 02:24:35',3);
INSERT INTO PEMESANAN_MENU_HARIAN VALUES ('ps0065','Sweet Liquor','2015-10-31 22:04:49',8);
INSERT INTO PEMESANAN_MENU_HARIAN VALUES ('ps0248','Special Juice','2015-08-24 16:39:20',8);
INSERT INTO PEMESANAN_MENU_HARIAN VALUES ('ps0156','Spicy Syrup','2016-08-16 23:11:03',6);
INSERT INTO PEMESANAN_MENU_HARIAN VALUES ('ps0222','Burning Cup','2016-09-25 17:21:32',10);
INSERT INTO PEMESANAN_MENU_HARIAN VALUES ('ps0097','Grilled Soda','2014-03-09 14:55:14',6);
INSERT INTO PEMESANAN_MENU_HARIAN VALUES ('ps0026','Hot Milk','2016-08-28 12:51:52',1);
INSERT INTO PEMESANAN_MENU_HARIAN VALUES ('ps0198','Sweet Liquor','2016-01-24 10:20:09',8);
INSERT INTO PEMESANAN_MENU_HARIAN VALUES ('ps0029','Paradise Pie','2014-03-24 07:32:14',9);
INSERT INTO PEMESANAN_MENU_HARIAN VALUES ('ps0061','Shining Sandwich','2014-08-19 21:55:16',9);
INSERT INTO PEMESANAN_MENU_HARIAN VALUES ('ps0003','Sweet Liquor','2014-08-23 18:04:35',3);
INSERT INTO PEMESANAN_MENU_HARIAN VALUES ('ps0086','Shining Coffee','2014-01-22 14:59:56',4);
INSERT INTO PEMESANAN_MENU_HARIAN VALUES ('ps0060','Spicy Tea','2014-07-06 18:08:14',3);
INSERT INTO PEMESANAN_MENU_HARIAN VALUES ('ps0165','Paradise Pie','2016-06-25 08:10:32',9);
INSERT INTO PEMESANAN_MENU_HARIAN VALUES ('ps0061','Fried Soda','2016-08-24 06:07:26',2);
INSERT INTO PEMESANAN_MENU_HARIAN VALUES ('ps0101','Shining Sandwich','2014-08-19 21:55:16',2);
INSERT INTO PEMESANAN_MENU_HARIAN VALUES ('ps0116','Shining Coffee','2014-01-22 14:59:56',10);
INSERT INTO PEMESANAN_MENU_HARIAN VALUES ('ps0183','Spicy Syrup','2014-10-29 16:38:43',2);
INSERT INTO PEMESANAN_MENU_HARIAN VALUES ('ps0132','Fried Tea','2014-10-17 21:02:29',6);
INSERT INTO PEMESANAN_MENU_HARIAN VALUES ('ps0135','Spicy Liquor','2016-09-17 08:07:13',4);
INSERT INTO PEMESANAN_MENU_HARIAN VALUES ('ps0195','Grilled Soda','2014-03-09 14:55:14',7);
INSERT INTO PEMESANAN_MENU_HARIAN VALUES ('ps0043','Shining Sandwich','2014-08-19 21:55:16',5);
INSERT INTO PEMESANAN_MENU_HARIAN VALUES ('ps0078','Fried Tea','2014-10-17 21:02:29',10);
INSERT INTO PEMESANAN_MENU_HARIAN VALUES ('ps0192','Overpowered Coffee','2014-11-16 00:14:47',3);
INSERT INTO PEMESANAN_MENU_HARIAN VALUES ('ps0246','Sweet Milk','2016-02-06 11:07:55',1);
INSERT INTO PEMESANAN_MENU_HARIAN VALUES ('ps0043','Sweet Milk','2015-05-06 09:28:04',9);
INSERT INTO PEMESANAN_MENU_HARIAN VALUES ('ps0015','Overpowered Coffee','2015-10-19 22:30:29',2);
INSERT INTO PEMESANAN_MENU_HARIAN VALUES ('ps0068','Sweet Noodle','2015-11-25 13:29:49',10);
INSERT INTO PEMESANAN_MENU_HARIAN VALUES ('ps0165','Burning Chicken','2016-09-19 11:42:49',5);
INSERT INTO PEMESANAN_MENU_HARIAN VALUES ('ps0216','Heavenly Pizza','2014-05-31 15:34:14',5);
INSERT INTO PEMESANAN_MENU_HARIAN VALUES ('ps0201','Fried Milk','2014-06-06 00:41:57',3);
INSERT INTO PEMESANAN_MENU_HARIAN VALUES ('ps0080','Sweet Liquor','2015-10-31 22:04:49',7);
INSERT INTO PEMESANAN_MENU_HARIAN VALUES ('ps0053','Burning Rice','2016-07-17 06:12:39',5);
INSERT INTO PEMESANAN_MENU_HARIAN VALUES ('ps0049','Shining Meat','2016-08-18 23:41:43',10);
INSERT INTO PEMESANAN_MENU_HARIAN VALUES ('ps0145','Paradise Pizza','2015-12-16 23:57:30',4);
INSERT INTO PEMESANAN_MENU_HARIAN VALUES ('ps0233','Spicy Syrup','2016-05-09 13:46:59',1);
INSERT INTO PEMESANAN_MENU_HARIAN VALUES ('ps0106','Grilled Chicken','2014-07-25 02:24:35',6);
INSERT INTO PEMESANAN_MENU_HARIAN VALUES ('ps0058','Grilled Chicken','2014-07-25 02:24:35',6);
INSERT INTO PEMESANAN_MENU_HARIAN VALUES ('ps0190','Grilled Soda','2016-12-27 00:10:09',9);
INSERT INTO PEMESANAN_MENU_HARIAN VALUES ('ps0145','Fried Soda','2014-06-12 09:30:44',3);
INSERT INTO PEMESANAN_MENU_HARIAN VALUES ('ps0213','Nice Rice','2016-08-29 10:53:58',10);
INSERT INTO PEMESANAN_MENU_HARIAN VALUES ('ps0155','Grilled Burger','2014-12-14 14:07:26',5);
INSERT INTO PEMESANAN_MENU_HARIAN VALUES ('ps0022','Special Liquor','2016-03-11 04:34:42',10);
INSERT INTO PEMESANAN_MENU_HARIAN VALUES ('ps0010','Burning Chicken','2015-02-20 05:53:37',9);
INSERT INTO PEMESANAN_MENU_HARIAN VALUES ('ps0083','Burning Liquor','2015-02-12 00:12:24',6);
INSERT INTO PEMESANAN_MENU_HARIAN VALUES ('ps0025','Salty Rice','2014-01-26 19:13:36',1);
INSERT INTO PEMESANAN_MENU_HARIAN VALUES ('ps0199','Grilled Chicken','2016-04-06 08:02:58',2);
INSERT INTO PEMESANAN_MENU_HARIAN VALUES ('ps0180','Fried Soda','2015-12-18 05:43:45',10);
INSERT INTO PEMESANAN_MENU_HARIAN VALUES ('ps0104','Good Liquor','2016-05-11 02:12:30',7);
INSERT INTO PEMESANAN_MENU_HARIAN VALUES ('ps0126','Sweet Noodle','2014-02-26 13:02:06',10);
INSERT INTO PEMESANAN_MENU_HARIAN VALUES ('ps0058','Shining Sandwich','2014-11-26 22:13:09',10);
INSERT INTO PEMESANAN_MENU_HARIAN VALUES ('ps0233','Special Chicken','2016-10-08 11:22:59',2);
INSERT INTO PEMESANAN_MENU_HARIAN VALUES ('ps0181','Fried Soda','2014-12-19 22:40:35',9);
INSERT INTO PEMESANAN_MENU_HARIAN VALUES ('ps0237','Fried Soda','2014-06-12 09:30:44',4);
INSERT INTO PEMESANAN_MENU_HARIAN VALUES ('ps0223','Good Juice','2016-09-20 15:21:36',9);
INSERT INTO PEMESANAN_MENU_HARIAN VALUES ('ps0025','Shining Coffee','2015-07-18 03:55:02',10);
INSERT INTO PEMESANAN_MENU_HARIAN VALUES ('ps0156','Shining Meat','2014-09-11 07:09:28',9);
INSERT INTO PEMESANAN_MENU_HARIAN VALUES ('ps0147','Salty Rice','2015-08-31 15:46:04',9);
INSERT INTO PEMESANAN_MENU_HARIAN VALUES ('ps0161','Grilled Chicken','2016-04-06 08:02:58',7);
INSERT INTO PEMESANAN_MENU_HARIAN VALUES ('ps0226','Shining Pie','2014-04-21 05:07:20',7);
INSERT INTO PEMESANAN_MENU_HARIAN VALUES ('ps0120','Shining Noodle','2016-07-19 00:52:40',4);
INSERT INTO PEMESANAN_MENU_HARIAN VALUES ('ps0079','Shining Sandwich','2014-08-19 21:55:16',4);
INSERT INTO PEMESANAN_MENU_HARIAN VALUES ('ps0064','Spicy Syrup','2015-04-13 17:25:23',4);
INSERT INTO PEMESANAN_MENU_HARIAN VALUES ('ps0033','Grilled Tea','2014-04-13 10:14:53',4);
INSERT INTO PEMESANAN_MENU_HARIAN VALUES ('ps0183','Sweet Liquor','2014-08-23 18:04:35',7);
INSERT INTO PEMESANAN_MENU_HARIAN VALUES ('ps0230','Grilled Tea','2016-06-25 12:51:14',4);
INSERT INTO PEMESANAN_MENU_HARIAN VALUES ('ps0159','Paradise Pie','2016-07-16 11:57:42',5);
INSERT INTO PEMESANAN_MENU_HARIAN VALUES ('ps0202','Salty Rice','2016-03-16 21:59:03',3);
INSERT INTO PEMESANAN_MENU_HARIAN VALUES ('ps0085','Fried Soda','2014-06-12 09:30:44',10);
INSERT INTO PEMESANAN_MENU_HARIAN VALUES ('ps0239','Burning Cup','2014-05-05 19:49:50',1);
INSERT INTO PEMESANAN_MENU_HARIAN VALUES ('ps0120','Fried Soda','2015-08-20 20:12:58',9);
INSERT INTO PEMESANAN_MENU_HARIAN VALUES ('ps0170','Sweet Milk','2015-05-06 09:28:04',4);
INSERT INTO PEMESANAN_MENU_HARIAN VALUES ('ps0215','Heavenly Pizza','2014-05-31 15:34:14',5);
INSERT INTO PEMESANAN_MENU_HARIAN VALUES ('ps0215','Shining Sandwich','2015-01-29 16:05:04',3);
INSERT INTO PEMESANAN_MENU_HARIAN VALUES ('ps0163','Salty Rice','2015-07-19 06:23:27',3);
INSERT INTO PEMESANAN_MENU_HARIAN VALUES ('ps0237','Salty Rice','2015-08-30 07:28:29',10);
INSERT INTO PEMESANAN_MENU_HARIAN VALUES ('ps0198','Spicy Liquor','2016-09-17 08:07:13',10);
INSERT INTO PEMESANAN_MENU_HARIAN VALUES ('ps0181','Salty Coffee','2014-02-25 23:35:15',1);
INSERT INTO PEMESANAN_MENU_HARIAN VALUES ('ps0224','Shining Cup','2015-10-06 22:18:33',6);
INSERT INTO PEMESANAN_MENU_HARIAN VALUES ('ps0242','Shining Meat','2016-08-18 23:41:43',3);
INSERT INTO PEMESANAN_MENU_HARIAN VALUES ('ps0073','Spicy Noodle','2015-07-06 23:22:42',3);
INSERT INTO PEMESANAN_MENU_HARIAN VALUES ('ps0028','Special Juice','2015-08-19 02:04:18',10);
INSERT INTO PEMESANAN_MENU_HARIAN VALUES ('ps0068','Nice Rice','2016-07-16 01:59:04',5);
INSERT INTO PEMESANAN_MENU_HARIAN VALUES ('ps0131','Paradise Pie','2016-07-16 11:57:42',9);
INSERT INTO PEMESANAN_MENU_HARIAN VALUES ('ps0155','Sweet Sandwich','2014-07-17 20:09:58',1);
INSERT INTO PEMESANAN_MENU_HARIAN VALUES ('ps0190','Paradise Pie','2016-06-25 08:10:32',7);
INSERT INTO PEMESANAN_MENU_HARIAN VALUES ('ps0241','Hot Milk','2014-10-09 23:08:09',10);
INSERT INTO PEMESANAN_MENU_HARIAN VALUES ('ps0185','Salty Syrup','2015-02-13 06:19:57',8);
INSERT INTO PEMESANAN_MENU_HARIAN VALUES ('ps0014','Grilled Tea','2015-07-18 20:49:54',1);
INSERT INTO PEMESANAN_MENU_HARIAN VALUES ('ps0196','Grilled Tea','2014-12-24 13:20:06',7);
INSERT INTO PEMESANAN_MENU_HARIAN VALUES ('ps0094','Shining Pie','2014-04-21 05:07:20',3);
INSERT INTO PEMESANAN_MENU_HARIAN VALUES ('ps0081','Special Juice','2016-10-05 10:00:27',8);
INSERT INTO PEMESANAN_MENU_HARIAN VALUES ('ps0187','Shining Coffee','2014-01-22 14:59:56',7);
INSERT INTO PEMESANAN_MENU_HARIAN VALUES ('ps0083','Special Juice','2015-08-19 02:04:18',5);
INSERT INTO PEMESANAN_MENU_HARIAN VALUES ('ps0202','Hot Milk','2016-08-28 12:51:52',7);
INSERT INTO PEMESANAN_MENU_HARIAN VALUES ('ps0203','Burning Cup','2015-06-08 05:30:06',7);
INSERT INTO PEMESANAN_MENU_HARIAN VALUES ('ps0241','Grilled Soda','2015-11-12 18:13:27',1);
INSERT INTO PEMESANAN_MENU_HARIAN VALUES ('ps0156','Burning Chicken','2015-06-06 17:26:45',6);
INSERT INTO PEMESANAN_MENU_HARIAN VALUES ('ps0187','Grilled Burger','2014-12-14 14:07:26',7);
INSERT INTO PEMESANAN_MENU_HARIAN VALUES ('ps0078','Grilled Soda','2015-11-12 18:13:27',7);
INSERT INTO PEMESANAN_MENU_HARIAN VALUES ('ps0097','Burning Chicken','2015-06-06 17:26:45',1);
INSERT INTO PEMESANAN_MENU_HARIAN VALUES ('ps0105','Shining Noodle','2016-03-28 04:20:39',1);
INSERT INTO PEMESANAN_MENU_HARIAN VALUES ('ps0220','Burning Liquor','2014-10-18 20:49:09',4);
INSERT INTO PEMESANAN_MENU_HARIAN VALUES ('ps0180','Heavenly Pizza','2015-11-18 22:21:12',8);
INSERT INTO PEMESANAN_MENU_HARIAN VALUES ('ps0224','Burning Chicken','2016-09-19 11:42:49',5);
INSERT INTO PEMESANAN_MENU_HARIAN VALUES ('ps0148','Burning Chicken','2015-02-20 05:53:37',5);
INSERT INTO PEMESANAN_MENU_HARIAN VALUES ('ps0194','Shining Meat','2015-12-18 03:40:52',5);
INSERT INTO PEMESANAN_MENU_HARIAN VALUES ('ps0249','Sweet Syrup','2014-12-17 07:28:58',2);
INSERT INTO PEMESANAN_MENU_HARIAN VALUES ('ps0233','Sweet Sandwich','2014-04-19 06:21:24',9);
INSERT INTO PEMESANAN_MENU_HARIAN VALUES ('ps0209','Fried Soda','2015-05-17 03:54:50',6);
INSERT INTO PEMESANAN_MENU_HARIAN VALUES ('ps0165','Special Noodle','2014-08-19 16:30:54',3);
INSERT INTO PEMESANAN_MENU_HARIAN VALUES ('ps0052','Special Juice','2015-08-24 16:39:20',2);
INSERT INTO PEMESANAN_MENU_HARIAN VALUES ('ps0112','Sweet Sandwich','2014-07-17 20:09:58',1);
INSERT INTO PEMESANAN_MENU_HARIAN VALUES ('ps0070','Good Liquor','2015-03-27 02:39:58',4);
INSERT INTO PEMESANAN_MENU_HARIAN VALUES ('ps0096','Shining Meat','2015-09-20 00:12:09',1);
INSERT INTO PEMESANAN_MENU_HARIAN VALUES ('ps0185','Shining Pie','2016-01-19 04:56:49',4);
INSERT INTO PEMESANAN_MENU_HARIAN VALUES ('ps0201','Sweet Sandwich','2014-07-17 20:09:58',8);
INSERT INTO PEMESANAN_MENU_HARIAN VALUES ('ps0130','Shining Sandwich','2015-01-29 16:05:04',5);
INSERT INTO PEMESANAN_MENU_HARIAN VALUES ('ps0074','Shining Sandwich','2015-01-29 16:05:04',9);
INSERT INTO PEMESANAN_MENU_HARIAN VALUES ('ps0013','Salty Rice','2015-07-19 06:23:27',3);
INSERT INTO PEMESANAN_MENU_HARIAN VALUES ('ps0224','Spicy Tea','2015-08-28 15:32:03',10);
INSERT INTO PEMESANAN_MENU_HARIAN VALUES ('ps0088','Sweet Sandwich','2015-05-17 05:39:24',4);
INSERT INTO PEMESANAN_MENU_HARIAN VALUES ('ps0066','Shining Noodle','2014-05-25 10:34:09',6);
INSERT INTO PEMESANAN_MENU_HARIAN VALUES ('ps0158','Fried Milk','2014-06-06 00:41:57',3);
INSERT INTO PEMESANAN_MENU_HARIAN VALUES ('ps0195','Nice Chicken','2015-04-12 10:40:04',1);
INSERT INTO PEMESANAN_MENU_HARIAN VALUES ('ps0249','Heavenly Pizza','2014-10-16 14:02:27',7);
INSERT INTO PEMESANAN_MENU_HARIAN VALUES ('ps0008','Burning Liquor','2015-08-05 18:16:09',5);
INSERT INTO PEMESANAN_MENU_HARIAN VALUES ('ps0082','Burning Liquor','2015-02-12 00:12:24',1);
INSERT INTO PEMESANAN_MENU_HARIAN VALUES ('ps0141','Grilled Soda','2014-09-26 09:58:34',6);
INSERT INTO PEMESANAN_MENU_HARIAN VALUES ('ps0086','Spicy Tea','2014-07-06 18:08:14',3);
INSERT INTO PEMESANAN_MENU_HARIAN VALUES ('ps0062','Paradise Pie','2014-03-24 07:32:14',7);
INSERT INTO PEMESANAN_MENU_HARIAN VALUES ('ps0243','Good Liquor','2016-10-28 23:49:41',6);
INSERT INTO PEMESANAN_MENU_HARIAN VALUES ('ps0215','Fried Soda','2014-12-05 08:00:39',2);
INSERT INTO PEMESANAN_MENU_HARIAN VALUES ('ps0157','Sweet Liquor','2016-01-24 10:20:09',4);
INSERT INTO PEMESANAN_MENU_HARIAN VALUES ('ps0196','Spicy Syrup','2016-05-09 13:46:59',10);
INSERT INTO PEMESANAN_MENU_HARIAN VALUES ('ps0127','Overpowered Coffee','2014-11-16 00:14:47',10);
INSERT INTO PEMESANAN_MENU_HARIAN VALUES ('ps0125','Shining Sandwich','2014-11-26 22:13:09',3);
INSERT INTO PEMESANAN_MENU_HARIAN VALUES ('ps0204','Hot Milk','2016-08-28 12:51:52',10);
INSERT INTO PEMESANAN_MENU_HARIAN VALUES ('ps0192','Fried Milk','2015-06-28 21:19:55',2);
INSERT INTO PEMESANAN_MENU_HARIAN VALUES ('ps0199','Grilled Chicken','2014-07-25 02:24:35',6);
INSERT INTO PEMESANAN_MENU_HARIAN VALUES ('ps0059','Grilled Tea','2016-06-25 12:51:14',10);
INSERT INTO PEMESANAN_MENU_HARIAN VALUES ('ps0011','Special Juice','2015-08-19 02:04:18',5);
INSERT INTO PEMESANAN_MENU_HARIAN VALUES ('ps0109','Shining Pie','2016-01-19 04:56:49',10);
INSERT INTO PEMESANAN_MENU_HARIAN VALUES ('ps0010','Shining Pie','2014-04-21 05:07:20',2);
INSERT INTO PEMESANAN_MENU_HARIAN VALUES ('ps0075','Nice Juice','2015-07-15 15:25:57',7);
INSERT INTO PEMESANAN_MENU_HARIAN VALUES ('ps0054','Shining Meat','2015-09-20 00:12:09',5);
INSERT INTO PEMESANAN_MENU_HARIAN VALUES ('ps0193','Burning Cup','2014-05-05 19:49:50',1);
INSERT INTO PEMESANAN_MENU_HARIAN VALUES ('ps0199','Spicy Tea','2015-08-28 15:32:03',2);
INSERT INTO PEMESANAN_MENU_HARIAN VALUES ('ps0210','Sweet Syrup','2016-04-07 11:00:33',9);
INSERT INTO PEMESANAN_MENU_HARIAN VALUES ('ps0026','Good Liquor','2016-07-21 06:10:51',9);
INSERT INTO PEMESANAN_MENU_HARIAN VALUES ('ps0015','Shining Meat','2014-09-11 07:09:28',5);
INSERT INTO PEMESANAN_MENU_HARIAN VALUES ('ps0052','Burning Cup','2014-07-07 00:19:02',1);
INSERT INTO PEMESANAN_MENU_HARIAN VALUES ('ps0096','Salty Rice','2016-03-16 21:59:03',1);
INSERT INTO PEMESANAN_MENU_HARIAN VALUES ('ps0211','Fried Soda','2016-08-10 05:22:50',3);
INSERT INTO PEMESANAN_MENU_HARIAN VALUES ('ps0135','Burning Chicken','2016-03-31 18:26:04',9);
INSERT INTO PEMESANAN_MENU_HARIAN VALUES ('ps0145','Burning Chicken','2015-06-06 17:26:45',1);
INSERT INTO PEMESANAN_MENU_HARIAN VALUES ('ps0009','Sweet Syrup','2014-04-18 02:04:29',10);
INSERT INTO PEMESANAN_MENU_HARIAN VALUES ('ps0240','Grilled Chicken','2016-04-06 08:02:58',3);
INSERT INTO PEMESANAN_MENU_HARIAN VALUES ('ps0184','Good Liquor','2016-10-28 23:49:41',8);
INSERT INTO PEMESANAN_MENU_HARIAN VALUES ('ps0145','Sweet Noodle','2014-02-26 13:02:06',2);
INSERT INTO PEMESANAN_MENU_HARIAN VALUES ('ps0001','Burning Liquor','2014-10-18 20:49:09',5);
INSERT INTO PEMESANAN_MENU_HARIAN VALUES ('ps0168','Grilled Tea','2015-07-18 20:49:54',4);
INSERT INTO PEMESANAN_MENU_HARIAN VALUES ('ps0033','Burning Rice','2015-01-05 10:53:14',9);
INSERT INTO PEMESANAN_MENU_HARIAN VALUES ('ps0042','Spicy Syrup','2016-05-09 13:46:59',3);
INSERT INTO PEMESANAN_MENU_HARIAN VALUES ('ps0081','Grilled Tea','2016-06-25 12:51:14',7);
INSERT INTO PEMESANAN_MENU_HARIAN VALUES ('ps0061','Fried Soda','2014-12-19 22:40:35',2);
INSERT INTO PEMESANAN_MENU_HARIAN VALUES ('ps0115','Sweet Coffee','2014-12-17 18:51:37',8);
INSERT INTO PEMESANAN_MENU_HARIAN VALUES ('ps0003','Salty Rice','2015-08-31 15:46:04',3);
INSERT INTO PEMESANAN_MENU_HARIAN VALUES ('ps0125','Sweet Coffee','2014-09-20 01:33:30',7);
INSERT INTO PEMESANAN_MENU_HARIAN VALUES ('ps0032','Overpowered Coffee','2015-10-19 22:30:29',5);
INSERT INTO PEMESANAN_MENU_HARIAN VALUES ('ps0216','Grilled Burger','2016-10-24 00:46:55',1);
INSERT INTO PEMESANAN_MENU_HARIAN VALUES ('ps0008','Special Chicken','2016-10-08 11:22:59',5);
INSERT INTO PEMESANAN_MENU_HARIAN VALUES ('ps0155','Shining Sandwich','2014-08-19 21:55:16',1);
INSERT INTO PEMESANAN_MENU_HARIAN VALUES ('ps0119','Fried Soda','2015-12-18 05:43:45',5);
INSERT INTO PEMESANAN_MENU_HARIAN VALUES ('ps0097','Fried Soda','2015-05-17 03:54:50',4);
INSERT INTO PEMESANAN_MENU_HARIAN VALUES ('ps0154','Fried Soda','2014-06-12 09:30:44',3);
INSERT INTO PEMESANAN_MENU_HARIAN VALUES ('ps0234','Sweet Liquor','2016-01-24 10:20:09',8);
INSERT INTO PEMESANAN_MENU_HARIAN VALUES ('ps0126','Fried Soda','2014-06-12 09:30:44',6);
INSERT INTO PEMESANAN_MENU_HARIAN VALUES ('ps0116','Sweet Syrup','2016-12-07 10:10:05',4);
INSERT INTO PEMESANAN_MENU_HARIAN VALUES ('ps0221','Paradise Pizza','2015-12-16 23:57:30',5);
INSERT INTO PEMESANAN_MENU_HARIAN VALUES ('ps0186','Overpowered Coffee','2015-10-19 22:30:29',6);
INSERT INTO PEMESANAN_MENU_HARIAN VALUES ('ps0030','Spicy Liquor','2016-09-17 08:07:13',1);
INSERT INTO PEMESANAN_MENU_HARIAN VALUES ('ps0096','Grilled Tea','2014-12-24 13:20:06',3);
INSERT INTO PEMESANAN_MENU_HARIAN VALUES ('ps0065','Spicy Syrup','2015-04-13 17:25:23',1);
INSERT INTO PEMESANAN_MENU_HARIAN VALUES ('ps0161','Good Liquor','2016-07-21 06:10:51',1);
INSERT INTO PEMESANAN_MENU_HARIAN VALUES ('ps0012','Shining Meat','2015-09-20 00:12:09',7);
INSERT INTO PEMESANAN_MENU_HARIAN VALUES ('ps0216','Grilled Soda','2014-03-09 14:55:14',5);
INSERT INTO PEMESANAN_MENU_HARIAN VALUES ('ps0206','Special Juice','2016-10-05 10:00:27',2);
INSERT INTO PEMESANAN_MENU_HARIAN VALUES ('ps0177','Grilled Chicken','2014-07-25 02:24:35',5);
INSERT INTO PEMESANAN_MENU_HARIAN VALUES ('ps0222','Fried Milk','2014-06-06 00:41:57',5);
INSERT INTO PEMESANAN_MENU_HARIAN VALUES ('ps0184','Salty Rice','2015-08-30 07:28:29',2);
INSERT INTO PEMESANAN_MENU_HARIAN VALUES ('ps0232','Spicy Syrup','2016-11-29 13:17:39',10);
INSERT INTO PEMESANAN_MENU_HARIAN VALUES ('ps0207','Salty Rice','2014-01-26 19:13:36',5);
INSERT INTO PEMESANAN_MENU_HARIAN VALUES ('ps0153','Grilled Tea','2016-01-18 03:15:34',7);
INSERT INTO PEMESANAN_MENU_HARIAN VALUES ('ps0092','Burning Chicken','2015-02-20 05:53:37',9);
INSERT INTO PEMESANAN_MENU_HARIAN VALUES ('ps0029','Special Juice','2015-08-19 02:04:18',7);
INSERT INTO PEMESANAN_MENU_HARIAN VALUES ('ps0024','Burning Liquor','2014-10-18 20:49:09',2);
INSERT INTO PEMESANAN_MENU_HARIAN VALUES ('ps0169','Spicy Liquor','2016-09-17 08:07:13',6);
INSERT INTO PEMESANAN_MENU_HARIAN VALUES ('ps0128','Sweet Noodle','2014-02-26 13:02:06',7);
INSERT INTO PEMESANAN_MENU_HARIAN VALUES ('ps0103','Spicy Syrup','2016-05-09 13:46:59',8);
INSERT INTO PEMESANAN_MENU_HARIAN VALUES ('ps0171','Salty Coffee','2014-10-27 19:46:38',9);
INSERT INTO PEMESANAN_MENU_HARIAN VALUES ('ps0245','Sweet Noodle','2014-02-26 13:02:06',9);
INSERT INTO PEMESANAN_MENU_HARIAN VALUES ('ps0173','Grilled Soda','2014-09-26 09:58:34',3);
INSERT INTO PEMESANAN_MENU_HARIAN VALUES ('ps0111','Spicy Syrup','2015-04-13 17:25:23',3);
INSERT INTO PEMESANAN_MENU_HARIAN VALUES ('ps0197','Fried Milk','2015-06-28 21:19:55',9);
INSERT INTO PEMESANAN_MENU_HARIAN VALUES ('ps0044','Fried Soda','2015-09-14 09:18:43',1);
INSERT INTO PEMESANAN_MENU_HARIAN VALUES ('ps0234','Good Liquor','2016-10-28 23:49:41',9);
INSERT INTO PEMESANAN_MENU_HARIAN VALUES ('ps0094','Special Noodle','2014-08-19 16:30:54',3);
INSERT INTO PEMESANAN_MENU_HARIAN VALUES ('ps0045','Salty Coffee','2015-03-04 19:31:29',3);
INSERT INTO PEMESANAN_MENU_HARIAN VALUES ('ps0031','Heavenly Pizza','2015-11-18 22:21:12',2);
INSERT INTO PEMESANAN_MENU_HARIAN VALUES ('ps0033','Burning Cup','2015-06-08 05:30:06',7);
INSERT INTO PEMESANAN_MENU_HARIAN VALUES ('ps0138','Grilled Tea','2016-01-18 03:15:34',3);
INSERT INTO PEMESANAN_MENU_HARIAN VALUES ('ps0174','Sweet Liquor','2014-08-23 18:04:35',9);
INSERT INTO PEMESANAN_MENU_HARIAN VALUES ('ps0219','Burning Chicken','2015-06-06 17:26:45',3);
INSERT INTO PEMESANAN_MENU_HARIAN VALUES ('ps0172','Spicy Syrup','2014-10-29 16:38:43',8);
INSERT INTO PEMESANAN_MENU_HARIAN VALUES ('ps0020','Fried Soda','2015-05-17 03:54:50',4);
INSERT INTO PEMESANAN_MENU_HARIAN VALUES ('ps0101','Spicy Syrup','2016-08-16 23:11:03',3);
INSERT INTO PEMESANAN_MENU_HARIAN VALUES ('ps0222','Nice Chicken','2016-04-16 16:17:55',5);
INSERT INTO PEMESANAN_MENU_HARIAN VALUES ('ps0194','Salty Coffee','2014-02-25 23:35:15',6);
INSERT INTO PEMESANAN_MENU_HARIAN VALUES ('ps0156','Sweet Syrup','2016-04-07 11:00:33',8);
INSERT INTO PEMESANAN_MENU_HARIAN VALUES ('ps0032','Grilled Burger','2016-10-24 00:46:55',10);
INSERT INTO PEMESANAN_MENU_HARIAN VALUES ('ps0015','Shining Sandwich','2016-05-05 01:20:03',1);
INSERT INTO PEMESANAN_MENU_HARIAN VALUES ('ps0182','Nice Juice','2015-07-15 15:25:57',1);
INSERT INTO PEMESANAN_MENU_HARIAN VALUES ('ps0189','Good Liquor','2016-05-11 02:12:30',9);
INSERT INTO PEMESANAN_MENU_HARIAN VALUES ('ps0209','Burning Liquor','2014-10-18 20:49:09',9);
INSERT INTO PEMESANAN_MENU_HARIAN VALUES ('ps0214','Shining Coffee','2015-07-18 03:55:02',2);
INSERT INTO PEMESANAN_MENU_HARIAN VALUES ('ps0015','Shining Meat','2015-12-18 03:40:52',6);
INSERT INTO PEMESANAN_MENU_HARIAN VALUES ('ps0178','Fried Soda','2015-08-20 20:12:58',9);
INSERT INTO PEMESANAN_MENU_HARIAN VALUES ('ps0019','Shining Pie','2014-04-21 05:07:20',10);
INSERT INTO PEMESANAN_MENU_HARIAN VALUES ('ps0068','Shining Sandwich','2016-07-15 16:20:46',10);
INSERT INTO PEMESANAN_MENU_HARIAN VALUES ('ps0215','Sweet Coffee','2014-11-20 06:56:23',8);
INSERT INTO PEMESANAN_MENU_HARIAN VALUES ('ps0110','Fried Soda','2015-12-18 05:43:45',9);
INSERT INTO PEMESANAN_MENU_HARIAN VALUES ('ps0249','Grilled Tea','2016-06-25 12:51:14',8);
INSERT INTO PEMESANAN_MENU_HARIAN VALUES ('ps0159','Grilled Chicken','2015-02-25 01:37:05',9);
INSERT INTO PEMESANAN_MENU_HARIAN VALUES ('ps0127','Fried Milk','2014-06-06 00:41:57',6);
INSERT INTO PEMESANAN_MENU_HARIAN VALUES ('ps0115','Burning Rice','2016-07-17 06:12:39',3);
INSERT INTO PEMESANAN_MENU_HARIAN VALUES ('ps0119','Burning Liquor','2015-02-12 00:12:24',10);
INSERT INTO PEMESANAN_MENU_HARIAN VALUES ('ps0118','Grilled Soda','2014-09-26 09:58:34',6);
INSERT INTO PEMESANAN_MENU_HARIAN VALUES ('ps0107','Sweet Milk','2015-05-06 09:28:04',4);
INSERT INTO PEMESANAN_MENU_HARIAN VALUES ('ps0216','Burning Chicken','2015-06-06 17:26:45',2);
INSERT INTO PEMESANAN_MENU_HARIAN VALUES ('ps0161','Special Juice','2015-08-19 02:04:18',4);
INSERT INTO PEMESANAN_MENU_HARIAN VALUES ('ps0001','Special Noodle','2014-08-19 16:30:54',10);
INSERT INTO PEMESANAN_MENU_HARIAN VALUES ('ps0227','Nice Chicken','2015-04-12 10:40:04',8);
INSERT INTO PEMESANAN_MENU_HARIAN VALUES ('ps0048','Grilled Chicken','2016-04-06 08:02:58',5);
INSERT INTO PEMESANAN_MENU_HARIAN VALUES ('ps0100','Sweet Milk','2016-02-05 20:37:24',9);
INSERT INTO PEMESANAN_MENU_HARIAN VALUES ('ps0120','Shining Sandwich','2014-11-26 22:13:09',7);
INSERT INTO PEMESANAN_MENU_HARIAN VALUES ('ps0170','Fried Soda','2014-06-12 09:30:44',9);
INSERT INTO PEMESANAN_MENU_HARIAN VALUES ('ps0103','Shining Noodle','2014-05-25 10:34:09',9);
INSERT INTO PEMESANAN_MENU_HARIAN VALUES ('ps0248','Fried Soda','2015-09-14 09:18:43',6);
INSERT INTO PEMESANAN_MENU_HARIAN VALUES ('ps0098','Shining Sandwich','2014-08-19 21:55:16',6);
INSERT INTO PEMESANAN_MENU_HARIAN VALUES ('ps0040','Good Juice','2016-09-20 15:21:36',4);
INSERT INTO PEMESANAN_MENU_HARIAN VALUES ('ps0169','Shining Pie','2014-04-21 05:07:20',3);
INSERT INTO PEMESANAN_MENU_HARIAN VALUES ('ps0024','Shining Coffee','2015-07-18 03:55:02',4);
INSERT INTO PEMESANAN_MENU_HARIAN VALUES ('ps0015','Spicy Syrup','2016-11-29 13:17:39',1);
INSERT INTO PEMESANAN_MENU_HARIAN VALUES ('ps0205','Grilled Tea','2014-12-24 13:20:06',7);
INSERT INTO PEMESANAN_MENU_HARIAN VALUES ('ps0130','Burning Liquor','2015-08-05 18:16:09',3);
INSERT INTO PEMESANAN_MENU_HARIAN VALUES ('ps0222','Fried Soda','2015-12-18 05:43:45',9);
INSERT INTO PEMESANAN_MENU_HARIAN VALUES ('ps0174','Hot Milk','2016-08-28 12:51:52',1);
INSERT INTO PEMESANAN_MENU_HARIAN VALUES ('ps0242','Salty Rice','2014-01-26 19:13:36',10);
INSERT INTO PEMESANAN_MENU_HARIAN VALUES ('ps0152','Salty Rice','2016-03-16 21:59:03',4);
INSERT INTO PEMESANAN_MENU_HARIAN VALUES ('ps0109','Salty Coffee','2015-03-04 19:31:29',8);
INSERT INTO PEMESANAN_MENU_HARIAN VALUES ('ps0237','Sweet Coffee','2014-11-20 06:56:23',10);
INSERT INTO PEMESANAN_MENU_HARIAN VALUES ('ps0013','Burning Cup','2014-05-05 19:49:50',1);
INSERT INTO PEMESANAN_MENU_HARIAN VALUES ('ps0056','Special Chicken','2016-10-08 11:22:59',1);
INSERT INTO PEMESANAN_MENU_HARIAN VALUES ('ps0152','Special Juice','2016-10-05 10:00:27',8);
INSERT INTO PEMESANAN_MENU_HARIAN VALUES ('ps0128','Salty Rice','2015-08-31 15:46:04',10);
INSERT INTO PEMESANAN_MENU_HARIAN VALUES ('ps0024','Grilled Soda','2014-03-09 14:55:14',3);
INSERT INTO PEMESANAN_MENU_HARIAN VALUES ('ps0177','Fried Soda','2014-12-05 08:00:39',1);
INSERT INTO PEMESANAN_MENU_HARIAN VALUES ('ps0081','Salty Rice','2016-10-10 21:39:41',5);
INSERT INTO PEMESANAN_MENU_HARIAN VALUES ('ps0231','Paradise Pie','2016-06-25 08:10:32',9);
INSERT INTO PEMESANAN_MENU_HARIAN VALUES ('ps0234','Spicy Tea','2014-07-06 18:08:14',9);
INSERT INTO PEMESANAN_MENU_HARIAN VALUES ('ps0103','Special Juice','2015-08-24 16:39:20',1);
INSERT INTO PEMESANAN_MENU_HARIAN VALUES ('ps0132','Grilled Burger','2016-05-03 10:45:51',2);
INSERT INTO PEMESANAN_MENU_HARIAN VALUES ('ps0138','Sweet Syrup','2014-04-18 02:04:29',8);
INSERT INTO PEMESANAN_MENU_HARIAN VALUES ('ps0105','Shining Pie','2014-09-24 19:12:31',4);
INSERT INTO PEMESANAN_MENU_HARIAN VALUES ('ps0158','Fried Soda','2014-06-12 09:30:44',3);
INSERT INTO PEMESANAN_MENU_HARIAN VALUES ('ps0024','Shining Meat','2016-08-18 23:41:43',9);
INSERT INTO PEMESANAN_MENU_HARIAN VALUES ('ps0205','Spicy Tea','2015-08-28 15:32:03',6);
INSERT INTO PEMESANAN_MENU_HARIAN VALUES ('ps0074','Salty Coffee','2015-03-04 19:31:29',6);
INSERT INTO PEMESANAN_MENU_HARIAN VALUES ('ps0095','Good Juice','2015-04-13 00:24:22',9);
INSERT INTO PEMESANAN_MENU_HARIAN VALUES ('ps0226','Grilled Soda','2014-03-09 14:55:14',8);
INSERT INTO PEMESANAN_MENU_HARIAN VALUES ('ps0201','Grilled Chicken','2015-02-25 01:37:05',9);
INSERT INTO PEMESANAN_MENU_HARIAN VALUES ('ps0241','Shining Sandwich','2015-01-29 16:05:04',5);
INSERT INTO PEMESANAN_MENU_HARIAN VALUES ('ps0139','Shining Noodle','2016-07-19 00:52:40',4);
INSERT INTO PEMESANAN_MENU_HARIAN VALUES ('ps0026','Nice Rice','2016-07-16 01:59:04',3);
INSERT INTO PEMESANAN_MENU_HARIAN VALUES ('ps0205','Fried Soda','2016-08-24 06:07:26',9);
INSERT INTO PEMESANAN_MENU_HARIAN VALUES ('ps0091','Special Juice','2015-08-24 16:39:20',10);
INSERT INTO PEMESANAN_MENU_HARIAN VALUES ('ps0100','Spicy Syrup','2016-02-09 16:13:25',1);
INSERT INTO PEMESANAN_MENU_HARIAN VALUES ('ps0119','Sweet Milk','2015-05-06 09:28:04',5);
INSERT INTO PEMESANAN_MENU_HARIAN VALUES ('ps0041','Fried Soda','2016-08-24 06:07:26',7);
INSERT INTO PEMESANAN_MENU_HARIAN VALUES ('ps0020','Burning Chicken','2015-06-06 17:26:45',7);
INSERT INTO PEMESANAN_MENU_HARIAN VALUES ('ps0198','Sweet Syrup','2016-12-07 10:10:05',8);
INSERT INTO PEMESANAN_MENU_HARIAN VALUES ('ps0134','Shining Meat','2014-09-11 07:09:28',6);
INSERT INTO PEMESANAN_MENU_HARIAN VALUES ('ps0120','Grilled Tea','2015-03-08 19:12:58',5);
INSERT INTO PEMESANAN_MENU_HARIAN VALUES ('ps0041','Grilled Tea','2014-12-24 13:20:06',5);
INSERT INTO PEMESANAN_MENU_HARIAN VALUES ('ps0078','Grilled Tea','2016-01-18 03:15:34',4);
INSERT INTO PEMESANAN_MENU_HARIAN VALUES ('ps0008','Nice Chicken','2015-04-12 10:40:04',6);
INSERT INTO PEMESANAN_MENU_HARIAN VALUES ('ps0211','Shining Noodle','2014-05-25 10:34:09',6);
INSERT INTO PEMESANAN_MENU_HARIAN VALUES ('ps0238','Burning Rice','2015-01-05 10:53:14',7);
INSERT INTO PEMESANAN_MENU_HARIAN VALUES ('ps0122','Shining Pie','2014-04-21 05:07:20',8);
INSERT INTO PEMESANAN_MENU_HARIAN VALUES ('ps0169','Spicy Syrup','2014-10-29 16:38:43',1);
INSERT INTO PEMESANAN_MENU_HARIAN VALUES ('ps0150','Heavenly Pizza','2015-11-18 22:21:12',10);
INSERT INTO PEMESANAN_MENU_HARIAN VALUES ('ps0210','Salty Rice','2015-06-23 17:07:08',1);
INSERT INTO PEMESANAN_MENU_HARIAN VALUES ('ps0093','Fried Soda','2014-06-12 09:30:44',8);
INSERT INTO PEMESANAN_MENU_HARIAN VALUES ('ps0030','Grilled Soda','2014-09-26 09:58:34',10);
INSERT INTO PEMESANAN_MENU_HARIAN VALUES ('ps0102','Sweet Noodle','2014-02-26 13:02:06',3);
INSERT INTO PEMESANAN_MENU_HARIAN VALUES ('ps0009','Special Chicken','2014-06-20 04:17:46',10);
INSERT INTO PEMESANAN_MENU_HARIAN VALUES ('ps0084','Good Liquor','2016-10-28 23:49:41',3);
INSERT INTO PEMESANAN_MENU_HARIAN VALUES ('ps0083','Special Chicken','2016-10-08 11:22:59',5);
INSERT INTO PEMESANAN_MENU_HARIAN VALUES ('ps0176','Grilled Tea','2016-06-25 12:51:14',6);
INSERT INTO PEMESANAN_MENU_HARIAN VALUES ('ps0092','Grilled Burger','2016-10-24 00:46:55',2);
INSERT INTO PEMESANAN_MENU_HARIAN VALUES ('ps0039','Grilled Chicken','2014-07-25 02:24:35',10);
INSERT INTO PEMESANAN_MENU_HARIAN VALUES ('ps0033','Sweet Syrup','2016-04-07 11:00:33',5);
INSERT INTO PEMESANAN_MENU_HARIAN VALUES ('ps0043','Sweet Syrup','2016-04-07 11:00:33',2);
INSERT INTO PEMESANAN_MENU_HARIAN VALUES ('ps0119','Shining Meat','2015-09-20 00:12:09',7);
INSERT INTO PEMESANAN_MENU_HARIAN VALUES ('ps0083','Shining Noodle','2016-07-19 00:52:40',2);
INSERT INTO PEMESANAN_MENU_HARIAN VALUES ('ps0163','Grilled Soda','2014-03-09 14:55:14',10);
INSERT INTO PEMESANAN_MENU_HARIAN VALUES ('ps0041','Shining Rice','2016-03-27 18:55:49',10);
INSERT INTO PEMESANAN_MENU_HARIAN VALUES ('ps0001','Special Juice','2016-10-05 10:00:27',8);
INSERT INTO PEMESANAN_MENU_HARIAN VALUES ('ps0240','Spicy Syrup','2014-10-29 16:38:43',3);
INSERT INTO PEMESANAN_MENU_HARIAN VALUES ('ps0016','Special Chicken','2014-06-20 04:17:46',2);
INSERT INTO PEMESANAN_MENU_HARIAN VALUES ('ps0104','Good Juice','2016-09-20 15:21:36',10);
INSERT INTO PEMESANAN_MENU_HARIAN VALUES ('ps0163','Heavenly Pizza','2014-05-31 15:34:14',6);
INSERT INTO PEMESANAN_MENU_HARIAN VALUES ('ps0072','Nice Chicken','2016-04-16 16:17:55',2);
INSERT INTO PEMESANAN_MENU_HARIAN VALUES ('ps0212','Salty Rice','2016-10-10 21:39:41',2);
INSERT INTO PEMESANAN_MENU_HARIAN VALUES ('ps0057','Spicy Liquor','2016-09-17 08:07:13',9);
INSERT INTO PEMESANAN_MENU_HARIAN VALUES ('ps0075','Salty Syrup','2014-08-24 17:59:23',10);
INSERT INTO PEMESANAN_MENU_HARIAN VALUES ('ps0088','Burning Liquor','2015-02-12 00:12:24',9);
INSERT INTO PEMESANAN_MENU_HARIAN VALUES ('ps0085','Spicy Syrup','2014-10-29 16:38:43',5);
INSERT INTO PEMESANAN_MENU_HARIAN VALUES ('ps0129','Shining Sandwich','2016-07-15 16:20:46',9);
